rank,fit_score,signal_labels,recommended_next_action,First Name,Last Name,Full Name,Title,Seniority,Company Name,Org,Email Business,Business Status,LinkedIn,City,State,Company Website,Company LinkedIn,Company Employee Count,Company Size,Company Annual Revenue,Company Product and Services,Company Description,personalization_anchor,recommended_routines,linkedin_message,email_subject,email_body,followup_1
1,135,"owner_or_founder | branch_manager | small_team | revenue_can_pay | verified_email | linkedin_present | strong_mortgage_fit | doc_complex_products:jumbo,commercial,investor,heloc | speed_service_language:fast,streamlined,customer service | broker_local_language",READY_FOR_LINKEDIN_AND_EMAIL,Mario,Hart,Mario Hart,Branch Manager /  Vice President /  Loan Originator,manager,American Home Lending USA,American Home Lending USA,mario@ahlusa1.com,REAL-TIME VERIFIED ON 26 May 26,https://www.linkedin.com/in/mariohart,Clearwater,Florida,americanhomelendingusa.com,https://www.linkedin.com/company/ahlusa,11-50,22,1000000-4999999,"mortgage lending, reverse mortgage, 100% cashout mortgage, va, usda/rural, 203k rehab mortgage, $100 down payment homes, $0 down payment homes, fha financing, jumbo mortgage, no appraisal mortgage, first-time homebuyer program, national down payment assistance","American Home Lending USA is a top-rated mortgage lender with dozens of specialized home loan options. The key to our success has been a combination of consistently offering the lowest mortgage rates and providing outstanding customer service and treat each client as an individual, not a number.  Our goal is to create satisfied clients one at a time.  Since our company was founded in 2008, we have helped thousands of homebuyer and homeowners with their home loan needs and proudly maintain an A+ rating with the Better Business Bureau.

Nearly 100% of our business is by referral from satisfied clients, highly successful realtors and the most respected homebuilders in the industry.  These relationships are a direct result of over a decade of doing what we do best – providing our clients with unparalleled service while offering them the best mortgage options available.

Our team of mortgage experts will ensure our client's are paired with a home loan program which best suits their needs with the goals of maximizing their cash, minimizing their costs (if any), and close fast.  There are many home loan options to choose from and together we’ll help find the loan that’s the best for you and your family.

We offer a variety of mortgage solutions and are able to offer competitive wholesale mortgage rates. Some of our popular mortgage products include: rate buy-downs, down payment assistance, VA, Conventional, FHA, USDA, HELOC, cash out refinance, reverse mortgages (HECM), VA IRRRL Streamline refinance, 203K purchase/refinance (home improvement), Jumbo loans, DCSR, commercial/investor products.

Whether you are shopping for a new home purchase or looking to lower your mortgage rate or cash out equity to pay off debt, our streamlined process makes it a breeze to buy a home, refinance, or tap into your home equity.

NMLS ID: 2239. To verify licensing, visit NMLS Consumer Access (www.nmlsconsumeraccess.org). Equal Housing Lender.","American Home Lending USA mentions complex mortgage products/workflows like: , $100 down payment homes, $0 down payment homes, fha financing, jumbo mortgage, no appraisal mortgage, first-time homebuyer program, national down payment assistanc",complex-file doc checklist; construction/renovation loan condition tracker; borrower doc follow-up drafts by loan type,"Hey Mario — quick specific idea.

I was looking at American Home Lending USA and noticed the mortgage workflow probably has a lot of borrower/doc follow-up hiding behind the scenes. American Home Lending USA mentions complex mortgage products/workflows like: , $100 down payment homes, $0 down payment homes, fha financing, jumbo mortgage, no appraisal mortgage, first-time homebuyer program, national down payment assistanc

I’m testing a 7-day AIOS Quickstart for mortgage teams: 3 approval-only AI routines like complex-file doc checklist, construction/renovation loan condition tracker, and borrower doc follow-up drafts by loan type.

No auto-sending. Just drafts, briefs, and follow-up queues your team approves.

Want me to send the 3 routines I’d set up for American Home Lending USA?",3 AI routines for American Home Lending USA,"Hey Mario,

I was looking at American Home Lending USA and had a specific thought. Mortgage teams usually don’t need a giant AI strategy. They need the recurring borrower/admin work to stop eating the week.

What stood out: American Home Lending USA mentions complex mortgage products/workflows like: , $100 down payment homes, $0 down payment homes, fha financing, jumbo mortgage, no appraisal mortgage, first-time homebuyer program, national down payment assistanc

I’m testing a 7-day AIOS Quickstart where I install 3 approval-gated routines for mortgage teams. For American Home Lending USA, I’d probably start with:

1. complex-file doc checklist
2. construction/renovation loan condition tracker
3. borrower doc follow-up drafts by loan type

Everything stays approval-only — no AI auto-sending weird emails to borrowers. It drafts, summarizes, and queues the work so your team can move faster.

Worth sending over a quick version of what I’d install?

Ryan","Quick bump, Mario — I can make this concrete for American Home Lending USA.

I’d map 3 recurring workflows, install the approval-only drafts/briefs, and hand you a simple weekly operating rhythm. No giant dashboard, no auto-send.

Worth a quick look?"
2,133,"senior_decision_maker | branch_manager | producer | scaled_but_not_enterprise | revenue_can_pay | verified_email | linkedin_present | strong_mortgage_fit | doc_complex_products:jumbo,construction,commercial,reverse | speed_service_language:fast,easy,customer service | broker_local_language",READY_FOR_LINKEDIN_AND_EMAIL,Clarissa,Chueire,Clarissa Chueire,Registered Mortgage Broker & Branch Manager,founder,Green River Capital Corp,Green River Capital Corp,clarissa@grcmortgage.com,REAL-TIME VERIFIED ON 26 May 26,https://www.linkedin.com/in/clarissa-chueire-3a518434,Delray Beach,Florida,greenrivermortgage.com,https://www.linkedin.com/company/green-river-capital-corp,51-200,57,1000000-4999999,"mortgage brokerage specializes in the following types of financing:, fha loans, conventional loans, jumbo loans, residential financing, commercial financing, construction financing, business financing, sba loans, reverse mortgages","Green River Capital Corp., a New York corporation, was founded by Adam R. Rogove.
Adam has been in the space for 20+ years. 

At Green River Capital Corporation, our mission is to set a high standard in the mortgage industry. We are committed to quality customer service - putting the people we serve first. Take advantage of our expertise in the residential & commercial lending industry by applying online today. You will find that the skill, professionalism, and consideration we give to each of our clients make getting your loan a successful endeavor.

The Company places strong emphasis on training and continuing education for all staff and has employed outside counsel to monitor compliance with the recent developments in federal and state laws and regulations.  To maintain effective controls, all loan processing is performed at the main offices in Plainview, New York.

Having individually closed in excess of $5,000,000,000 in loans, the Company is continuously expanding business nationwide. 

Give us a call today at 516-708-4900 for a free, personalized consultation. You can also apply online. It is fast, secure, and easy.

- Registered Mortgage Broker - New York State Department of Financial Services - All loans arranged through 3rd party providers - NMLS #886337 - http://www.nmlsconsumeraccess.org","Green River Capital Corp mentions complex mortgage products/workflows like: he following types of financing:, fha loans, conventional loans, jumbo loans, residential financing, commercial financing, construction financing, business financing",complex-file doc checklist; construction/renovation loan condition tracker; borrower doc follow-up drafts by loan type,"Hey Clarissa — quick specific idea.

I was looking at Green River Capital Corp and noticed the mortgage workflow probably has a lot of borrower/doc follow-up hiding behind the scenes. Green River Capital Corp mentions complex mortgage products/workflows like: he following types of financing:, fha loans, conventional loans, jumbo loans, residential financing, commercial financing, construction financing, business financing

I’m testing a 7-day AIOS Quickstart for mortgage teams: 3 approval-only AI routines like complex-file doc checklist, construction/renovation loan condition tracker, and borrower doc follow-up drafts by loan type.

No auto-sending. Just drafts, briefs, and follow-up queues your team approves.

Want me to send the 3 routines I’d set up for Green River Capital Corp?",3 AI routines for Green River Capital Corp,"Hey Clarissa,

I was looking at Green River Capital Corp and had a specific thought. Mortgage teams usually don’t need a giant AI strategy. They need the recurring borrower/admin work to stop eating the week.

What stood out: Green River Capital Corp mentions complex mortgage products/workflows like: he following types of financing:, fha loans, conventional loans, jumbo loans, residential financing, commercial financing, construction financing, business financing

I’m testing a 7-day AIOS Quickstart where I install 3 approval-gated routines for mortgage teams. For Green River Capital Corp, I’d probably start with:

1. complex-file doc checklist
2. construction/renovation loan condition tracker
3. borrower doc follow-up drafts by loan type

Everything stays approval-only — no AI auto-sending weird emails to borrowers. It drafts, summarizes, and queues the work so your team can move faster.

Worth sending over a quick version of what I’d install?

Ryan","Quick bump, Clarissa — I can make this concrete for Green River Capital Corp.

I’d map 3 recurring workflows, install the approval-only drafts/briefs, and hand you a simple weekly operating rhythm. No giant dashboard, no auto-send.

Worth a quick look?"
3,127,"owner_or_founder | producer | small_team | smaller_revenue | verified_email | linkedin_present | strong_mortgage_fit | doc_complex_products:jumbo,commercial,investment,reverse | speed_service_language:communication,smooth,seamless,customer service | broker_local_language",READY_FOR_LINKEDIN_AND_EMAIL,Christian,Penner,Christian Penner,President | Residential & Commercial Mortgage Broker | NMLS 368289 | Real Estate Financing Expert,senior,America's Mortgage Solutions NMLS#2009420,America's Mortgage Solutions NMLS#2009420,christian@americasmortgagesolutions.com,REAL-TIME VERIFIED ON 26 May 26,https://www.linkedin.com/in/christianpenner,North Palm Beach,Florida,americasmortgagesolutions.com,https://www.linkedin.com/company/americas-mortgage-solutions,11-50,6,100000-499999,"home loan, mortgages, mortgage loans, fha loan, va loan, refinance, home buying, jumbo loans, no income loans","NMLS# 2009420 We are privileged and fortunate to have a very experienced Mortgage Team of Professionals that share the same vision. Our intention is to impress upon you the importance of making your mortgage a pivotal component of your overall financial planning strategy. Our goal is to custom fit you with the best overall financing package by, integrating the financing you select with your long and short-term financial and investment goals, which are coupled with your payment and equity objectives.

We want more then to just earn your business; we want to make you part of our family. Rest assured that with our “Client For Life” commitment, You will always be our #1 priority. We surely hope that you will refer us to all your friends, family, and co-workers!

AMERICA'S MORTGAGE SOLUTIONS SERVICES:
•Specializing in All Types of Home Mortgage Loans: VA/FHA/USDA/Fannie & Freddie/Jumbo/Private Loans/Self Employed/Fix & Flip Loans/Reverse Mortgages
•Consistent Communication
•Marketing Tools
•Education Seminars
•Pre-Approval Mobile App (full transparency throughout the entire loan process)
•Competitive Fees
•Exceptional Customer Service

AMERICA'S MORTGAGE SOLUTIONS PROGRAMS:
•Florida Heroes Network - Mortgage benefits for Military, Police, Firefighters, EMTs, Nurses, Physician Assistants
•Welcome Home Veterans Program - Mortgage benefits for Veterans, Reservists, National Guard, Surviving Spouses for Eligible Members, Personnel with Honorable Discharge
•Company Homeownership Benefit Program - Mortgage Discounts and Benefit Program for Real Estate, Mortgage, Title and Homeowner Insurance for all of your Company employee needs.
•Customer Forever - Fund a loan with us and never pay lender fees again!","America's Mortgage Solutions NMLS#2009420 mentions complex mortgage products/workflows like: ages, mortgage loans, fha loan, va loan, refinance, home buying, jumbo loans, no income loans NMLS# 2009420 We are privileged and fortunate to have a very experience",complex-file doc checklist; borrower doc follow-up drafts by loan type; daily pipeline brief,"Hey Christian — quick specific idea.

I was looking at America's Mortgage Solutions NMLS#2009420 and noticed the mortgage workflow probably has a lot of borrower/doc follow-up hiding behind the scenes. America's Mortgage Solutions NMLS#2009420 mentions complex mortgage products/workflows like: ages, mortgage loans, fha loan, va loan, refinance, home buying, jumbo loans, no income loans NMLS# 2009420 We are privileged and fortunate to have a very experience

I’m testing a 7-day AIOS Quickstart for mortgage teams: 3 approval-only AI routines like complex-file doc checklist, borrower doc follow-up drafts by loan type, and daily pipeline brief.

No auto-sending. Just drafts, briefs, and follow-up queues your team approves.

Want me to send the 3 routines I’d set up for America's Mortgage Solutions NMLS#2009420?",3 AI routines for America's Mortgage Solutions NMLS#2009420,"Hey Christian,

I was looking at America's Mortgage Solutions NMLS#2009420 and had a specific thought. Mortgage teams usually don’t need a giant AI strategy. They need the recurring borrower/admin work to stop eating the week.

What stood out: America's Mortgage Solutions NMLS#2009420 mentions complex mortgage products/workflows like: ages, mortgage loans, fha loan, va loan, refinance, home buying, jumbo loans, no income loans NMLS# 2009420 We are privileged and fortunate to have a very experience

I’m testing a 7-day AIOS Quickstart where I install 3 approval-gated routines for mortgage teams. For America's Mortgage Solutions NMLS#2009420, I’d probably start with:

1. complex-file doc checklist
2. borrower doc follow-up drafts by loan type
3. daily pipeline brief

Everything stays approval-only — no AI auto-sending weird emails to borrowers. It drafts, summarizes, and queues the work so your team can move faster.

Worth sending over a quick version of what I’d install?

Ryan","Quick bump, Christian — I can make this concrete for America's Mortgage Solutions NMLS#2009420.

I’d map 3 recurring workflows, install the approval-only drafts/briefs, and hand you a simple weekly operating rhythm. No giant dashboard, no auto-send.

Worth a quick look?"
4,127,"owner_or_founder | branch_manager | small_team | smaller_revenue | verified_email | linkedin_present | strong_mortgage_fit | doc_complex_products:non-qm,investment,investor,reverse | speed_service_language:communication,streamlined,efficient,technology",READY_FOR_LINKEDIN_AND_EMAIL,Rajin,Ramdeholl,Rajin Ramdeholl,"Senior Vice President, Branch Manager, & Mortgage Loan Originator, NMLS ID 55322",senior,Fluent Mortgage,Fluent Mortgage,rajin@myfmloan.com,REAL-TIME VERIFIED ON 26 May 26,https://www.linkedin.com/in/rajin-ramdeholl-9a95722a,New York,New York,myfmloan.com,https://www.linkedin.com/company/fluentmortgage,11-50,12,500000-999999,"home financing, refinance, investment lending, non-qm mortgage, reverse mortgage, va loans, mortgage solutions","Fluent Mortgage, DBA of Meadowbrook Financial Mortgage Bankers Corp. Legal ©2025 Meadowbrook Financial Mortgage Bankers Corp. NMLS #177308 (www.nmlsconsumeraccess.org). 1600 Stewart Ave, Suite 701, Westbury, NY 11590. 800.959.8892.

Fluent Mortgage is a seamless mortgage process built on innovation, offering a simplified and efficient home-buying experience. Our goal at Fluent Mortgage is to empower people to make more informed financial decisions through education and exploring all options to attain their dreams of homeownership. Using modern technology and personalized service, Fluent Mortgage aims to help its clients find the most suitable mortgage options. 

Started by Award-Winning & Top Producing Mortgage professional Rajin Ramdeholl, he quickly realized the need for technology & personalized service. Being an Innovator and having a passion for technology Fluent Mortgage decided it would disrupt the industry and revamp the way clients applied for a mortgage, creating a flow of communication & business. 

The services provided by Fluent Mortgage cater to a wide variety of clients, which include first-time home buyers, investors & those looking to refinance. Fluent is approved by government agencies Fannie Mae, Freddie Mac & Ginnie Mae. With over 20+ years of industry experience, Fluent Mortgage seeks to deliver a streamlined mortgage experience and prioritize customer satisfaction, committed to helping Americans realize and peruse their real estate financial goals.","Fluent Mortgage mentions complex mortgage products/workflows like: home financing, refinance, investment lending, non-qm mortgage, reverse mortgage, va loans, mortgage solutions Fluent Mortgage, DBA of Meadowbrook",complex-file doc checklist; borrower doc follow-up drafts by loan type; daily pipeline brief,"Hey Rajin — quick specific idea.

I was looking at Fluent Mortgage and noticed the mortgage workflow probably has a lot of borrower/doc follow-up hiding behind the scenes. Fluent Mortgage mentions complex mortgage products/workflows like: home financing, refinance, investment lending, non-qm mortgage, reverse mortgage, va loans, mortgage solutions Fluent Mortgage, DBA of Meadowbrook

I’m testing a 7-day AIOS Quickstart for mortgage teams: 3 approval-only AI routines like complex-file doc checklist, borrower doc follow-up drafts by loan type, and daily pipeline brief.

No auto-sending. Just drafts, briefs, and follow-up queues your team approves.

Want me to send the 3 routines I’d set up for Fluent Mortgage?",3 AI routines for Fluent Mortgage,"Hey Rajin,

I was looking at Fluent Mortgage and had a specific thought. Mortgage teams usually don’t need a giant AI strategy. They need the recurring borrower/admin work to stop eating the week.

What stood out: Fluent Mortgage mentions complex mortgage products/workflows like: home financing, refinance, investment lending, non-qm mortgage, reverse mortgage, va loans, mortgage solutions Fluent Mortgage, DBA of Meadowbrook

I’m testing a 7-day AIOS Quickstart where I install 3 approval-gated routines for mortgage teams. For Fluent Mortgage, I’d probably start with:

1. complex-file doc checklist
2. borrower doc follow-up drafts by loan type
3. daily pipeline brief

Everything stays approval-only — no AI auto-sending weird emails to borrowers. It drafts, summarizes, and queues the work so your team can move faster.

Worth sending over a quick version of what I’d install?

Ryan","Quick bump, Rajin — I can make this concrete for Fluent Mortgage.

I’d map 3 recurring workflows, install the approval-only drafts/briefs, and hand you a simple weekly operating rhythm. No giant dashboard, no auto-send.

Worth a quick look?"
5,126,"owner_or_founder | producer | small_team | smaller_revenue | verified_email | linkedin_present | strong_mortgage_fit | doc_complex_products:investment,hard money,fha,va | speed_service_language:communication,efficient,technology,tech | broker_local_language",READY_FOR_LINKEDIN_AND_EMAIL,Shay,Novak,Shay Novak,Mortgage Broker | President,c_suite,"Lendevity, Inc","Lendevity, Inc",shay@lendevity.com,REAL-TIME VERIFIED ON 26 May 26,https://www.linkedin.com/in/shay-novak-60962b35,Los Angeles County,California,lendevity.com,https://www.linkedin.com/company/lendevity-llc,2-10,6,100000-499999,"mortgage lending, refinance, debt consolidation , first time buyers, home purchase, hard money loans, fha loans, va loans, harp, investment home financing","Lendevity is your trustworthy and long-term ally in your home buying and refinancing needs. We are committed to help you find the most suitable financing options based on your situation.

Our name-Lendevity- came about from the word Longevity – to express that we will be by your side throughout the process and are here to stay. Lendevity’s future is in your hands as our mission is to build long term relationships based on trust, transparency, and knowledge.

We earn your trust by keeping the entire process simple and easy to understand with transparent communication and fee structures. We will deliver the best results possible by analyzing and strategizing based upon your past, current, and future home buying pursuits. We strive to simplify your experience by using the most state of the art technology and to provide you with the knowledge necessary to smoothly and efficiently purchase your new home.","Lendevity, Inc mentions complex mortgage products/workflows like: ers, home purchase, hard money loans, fha loans, va loans, harp, investment home financing Lendevity is your trustworthy and long-term ally in your home buying and r",complex-file doc checklist; borrower doc follow-up drafts by loan type; daily pipeline brief,"Hey Shay — quick specific idea.

I was looking at Lendevity, Inc and noticed the mortgage workflow probably has a lot of borrower/doc follow-up hiding behind the scenes. Lendevity, Inc mentions complex mortgage products/workflows like: ers, home purchase, hard money loans, fha loans, va loans, harp, investment home financing Lendevity is your trustworthy and long-term ally in your home buying and r

I’m testing a 7-day AIOS Quickstart for mortgage teams: 3 approval-only AI routines like complex-file doc checklist, borrower doc follow-up drafts by loan type, and daily pipeline brief.

No auto-sending. Just drafts, briefs, and follow-up queues your team approves.

Want me to send the 3 routines I’d set up for Lendevity, Inc?","3 AI routines for Lendevity, Inc","Hey Shay,

I was looking at Lendevity, Inc and had a specific thought. Mortgage teams usually don’t need a giant AI strategy. They need the recurring borrower/admin work to stop eating the week.

What stood out: Lendevity, Inc mentions complex mortgage products/workflows like: ers, home purchase, hard money loans, fha loans, va loans, harp, investment home financing Lendevity is your trustworthy and long-term ally in your home buying and r

I’m testing a 7-day AIOS Quickstart where I install 3 approval-gated routines for mortgage teams. For Lendevity, Inc, I’d probably start with:

1. complex-file doc checklist
2. borrower doc follow-up drafts by loan type
3. daily pipeline brief

Everything stays approval-only — no AI auto-sending weird emails to borrowers. It drafts, summarizes, and queues the work so your team can move faster.

Worth sending over a quick version of what I’d install?

Ryan","Quick bump, Shay — I can make this concrete for Lendevity, Inc.

I’d map 3 recurring workflows, install the approval-only drafts/briefs, and hand you a simple weekly operating rhythm. No giant dashboard, no auto-send.

Worth a quick look?"
6,126,"owner_or_founder | branch_manager | producer | scaled_but_not_enterprise | revenue_can_pay | verified_email | linkedin_present | strong_mortgage_fit | doc_complex_products:bridge,203k,fha,va | speed_service_language:easy",READY_FOR_LINKEDIN_AND_EMAIL,Brendan,O'Driscoll,Brendan O'Driscoll,Branch Manager/Loan Officer/Founder,founder,Treadstone Funding,Treadstone Funding,brendano@treadstonemortgage.com,REAL-TIME VERIFIED ON 26 May 26,https://www.linkedin.com/in/brendan-o-driscoll-123b441,Grand Rapids,Michigan,treadstonemortgage.com,https://www.linkedin.com/company/treadstone-funding,51-200,69,1000000-4999999,"fha 203k, va, rd- zero down loans, real estate marketing, mortgage","🏡 We’re the leading premier mortgage company in West Michigan (and pretty proud of it). We won't be the first to say: you're in good hands here.

Treadstone started in 2003 to become reliable and trusted home loan experts in West Michigan, rooted in common sense lending— something we'd call a success! Our pre-approvals carry weight, and we close on time. No exceptions. 

We believe home loans shouldn't end at the closing table. That's why we offer a vast array of tools, resources, and friendly advice to make your homeownership vibrant and easy. As our client, you may track your home's equity with Homebot, coordinate your move with Updater, or text your LO for a reliable plumber when your toilet clogs. It's what we do. 

You name it, we can (probably) do it: Conventional, FHA, 0% down VA or USDA/RD loans, bridge loans, manufactured homes, and more. We might be a Michigan-based mortgage lender, but we're licensed in several surrounding states for long-haul moves. We can't wait to hear from you! 

Treadstone Funding is propelled by Neighborhood Loans | NMLS# 222982 | Equal Housing Lender","Treadstone Funding mentions complex mortgage products/workflows like: probably) do it: Conventional, FHA, 0% down VA or USDA/RD loans, bridge loans, manufactured homes, and more. We might be a Michigan-based mortgage lender, but we're",construction/renovation loan condition tracker; borrower doc follow-up drafts by loan type; daily pipeline brief,"Hey Brendan — quick specific idea.

I was looking at Treadstone Funding and noticed the mortgage workflow probably has a lot of borrower/doc follow-up hiding behind the scenes. Treadstone Funding mentions complex mortgage products/workflows like: probably) do it: Conventional, FHA, 0% down VA or USDA/RD loans, bridge loans, manufactured homes, and more. We might be a Michigan-based mortgage lender, but we're

I’m testing a 7-day AIOS Quickstart for mortgage teams: 3 approval-only AI routines like construction/renovation loan condition tracker, borrower doc follow-up drafts by loan type, and daily pipeline brief.

No auto-sending. Just drafts, briefs, and follow-up queues your team approves.

Want me to send the 3 routines I’d set up for Treadstone Funding?",3 AI routines for Treadstone Funding,"Hey Brendan,

I was looking at Treadstone Funding and had a specific thought. Mortgage teams usually don’t need a giant AI strategy. They need the recurring borrower/admin work to stop eating the week.

What stood out: Treadstone Funding mentions complex mortgage products/workflows like: probably) do it: Conventional, FHA, 0% down VA or USDA/RD loans, bridge loans, manufactured homes, and more. We might be a Michigan-based mortgage lender, but we're

I’m testing a 7-day AIOS Quickstart where I install 3 approval-gated routines for mortgage teams. For Treadstone Funding, I’d probably start with:

1. construction/renovation loan condition tracker
2. borrower doc follow-up drafts by loan type
3. daily pipeline brief

Everything stays approval-only — no AI auto-sending weird emails to borrowers. It drafts, summarizes, and queues the work so your team can move faster.

Worth sending over a quick version of what I’d install?

Ryan","Quick bump, Brendan — I can make this concrete for Treadstone Funding.

I’d map 3 recurring workflows, install the approval-only drafts/briefs, and hand you a simple weekly operating rhythm. No giant dashboard, no auto-send.

Worth a quick look?"
7,125,"owner_or_founder | branch_manager | small_team | revenue_can_pay | verified_email | linkedin_present | strong_mortgage_fit | doc_complex_products:construction,commercial,investment,va | speed_service_language:technology,tech",READY_FOR_LINKEDIN_AND_EMAIL,Brian,Eachus,Brian Eachus,Branch Manager - Executive Vice President,manager,Clear 2 Close Home Loans,Clear 2 Close Home Loans,brian@clear2closehomeloans.com,REAL-TIME VERIFIED ON 26 May 26,https://www.linkedin.com/in/brian-eachus-36276825,Columbus,Ohio,clear2closehomeloans.com,https://www.linkedin.com/company/clear-2-close-home-loans,11-50,38,1000000-4999999,"home loans, finance, mortgages, real estate, foreign home buyers, refinance, first time home buyers, low interest rates","Clear 2 Close Home Loans uses the latest in online technology to provide you with the most competitive rates in the industry! We use a virtual platform to help keep our cost low and pass the savings onto the customer

Clear 2 Close Home Loans is a privately held mortgage banking corporation licensed in the State of Florida. We provide home purchases and refinances for residential homes, new construction loans, commercial, investment or foreign national loans.","Clear 2 Close Home Loans mentions complex mortgage products/workflows like: provide home purchases and refinances for residential homes, new construction loans, commercial, investment or foreign national loans.",complex-file doc checklist; construction/renovation loan condition tracker; borrower doc follow-up drafts by loan type,"Hey Brian — quick specific idea.

I was looking at Clear 2 Close Home Loans and noticed the mortgage workflow probably has a lot of borrower/doc follow-up hiding behind the scenes. Clear 2 Close Home Loans mentions complex mortgage products/workflows like: provide home purchases and refinances for residential homes, new construction loans, commercial, investment or foreign national loans.

I’m testing a 7-day AIOS Quickstart for mortgage teams: 3 approval-only AI routines like complex-file doc checklist, construction/renovation loan condition tracker, and borrower doc follow-up drafts by loan type.

No auto-sending. Just drafts, briefs, and follow-up queues your team approves.

Want me to send the 3 routines I’d set up for Clear 2 Close Home Loans?",3 AI routines for Clear 2 Close Home Loans,"Hey Brian,

I was looking at Clear 2 Close Home Loans and had a specific thought. Mortgage teams usually don’t need a giant AI strategy. They need the recurring borrower/admin work to stop eating the week.

What stood out: Clear 2 Close Home Loans mentions complex mortgage products/workflows like: provide home purchases and refinances for residential homes, new construction loans, commercial, investment or foreign national loans.

I’m testing a 7-day AIOS Quickstart where I install 3 approval-gated routines for mortgage teams. For Clear 2 Close Home Loans, I’d probably start with:

1. complex-file doc checklist
2. construction/renovation loan condition tracker
3. borrower doc follow-up drafts by loan type

Everything stays approval-only — no AI auto-sending weird emails to borrowers. It drafts, summarizes, and queues the work so your team can move faster.

Worth sending over a quick version of what I’d install?

Ryan","Quick bump, Brian — I can make this concrete for Clear 2 Close Home Loans.

I’d map 3 recurring workflows, install the approval-only drafts/briefs, and hand you a simple weekly operating rhythm. No giant dashboard, no auto-send.

Worth a quick look?"
8,124,"owner_or_founder | producer | small_team | revenue_can_pay | verified_email | linkedin_present | strong_mortgage_fit | doc_complex_products:jumbo,construction,investment,fha | speed_service_language:fast | broker_local_language",READY_FOR_LINKEDIN_AND_EMAIL,Jay,Healy,Jay Healy,Owner - Loan Officer,owner,"Blue Water Mortgage, LLC","Blue Water Mortgage, LLC",jhealy@bluewatermtg.com,REAL-TIME VERIFIED ON 26 May 26,https://www.linkedin.com/in/jay-healy-2174614,Hampton Falls,New Hampshire,bluewatermtg.com,https://www.linkedin.com/company/bluewatermtg,11-50,73,5000000-9999999,"mortgage, refinance, new construction loans, cash-out refinance, va, fha, usda, jumbo, high balance loans, non-owner occupied, second home, investment properties, home improvement loans, arm's, conventional loans","Blue Water Mortgage is an independent mortgage company serving Massachusetts, New Hampshire, Maine, Vermont, Connecticut, Rhode Island, North Carolina, Colorado, and Florida with headquarters in Hampton, New Hampshire. With over 150 years of collective mortgage experience among the team at Blue Water, we have the knowledge and ability to get your loan closed on time with the best terms and lowest rates for you!

Awarded ""Best Mortgage Company""​ in the Best of the Seacoast Competition in 2017, 2018, 2019, 2020 & 2021!

Company NMLS 1291, NH License #8833-MB, MA Lender & Broker License #MC1291, ME License #1291, VT Lender License #LL-1291, VT Broker License #MB-1291, CT License #MCL-1291, RI Lender License  20224503LL, RI Broker License 20224504LB, NC License #L-189893, CO Lender License #1291, FL License #MLD163. Equal Housing Opportunity.","Blue Water Mortgage, LLC mentions complex mortgage products/workflows like: ance, new construction loans, cash-out refinance, va, fha, usda, jumbo, high balance loans, non-owner occupied, second home, investment properties, home improvement",complex-file doc checklist; construction/renovation loan condition tracker; borrower doc follow-up drafts by loan type,"Hey Jay — quick specific idea.

I was looking at Blue Water Mortgage, LLC and noticed the mortgage workflow probably has a lot of borrower/doc follow-up hiding behind the scenes. Blue Water Mortgage, LLC mentions complex mortgage products/workflows like: ance, new construction loans, cash-out refinance, va, fha, usda, jumbo, high balance loans, non-owner occupied, second home, investment properties, home improvement

I’m testing a 7-day AIOS Quickstart for mortgage teams: 3 approval-only AI routines like complex-file doc checklist, construction/renovation loan condition tracker, and borrower doc follow-up drafts by loan type.

No auto-sending. Just drafts, briefs, and follow-up queues your team approves.

Want me to send the 3 routines I’d set up for Blue Water Mortgage, LLC?","3 AI routines for Blue Water Mortgage, LLC","Hey Jay,

I was looking at Blue Water Mortgage, LLC and had a specific thought. Mortgage teams usually don’t need a giant AI strategy. They need the recurring borrower/admin work to stop eating the week.

What stood out: Blue Water Mortgage, LLC mentions complex mortgage products/workflows like: ance, new construction loans, cash-out refinance, va, fha, usda, jumbo, high balance loans, non-owner occupied, second home, investment properties, home improvement

I’m testing a 7-day AIOS Quickstart where I install 3 approval-gated routines for mortgage teams. For Blue Water Mortgage, LLC, I’d probably start with:

1. complex-file doc checklist
2. construction/renovation loan condition tracker
3. borrower doc follow-up drafts by loan type

Everything stays approval-only — no AI auto-sending weird emails to borrowers. It drafts, summarizes, and queues the work so your team can move faster.

Worth sending over a quick version of what I’d install?

Ryan","Quick bump, Jay — I can make this concrete for Blue Water Mortgage, LLC.

I’d map 3 recurring workflows, install the approval-only drafts/briefs, and hand you a simple weekly operating rhythm. No giant dashboard, no auto-send.

Worth a quick look?"
9,122,"owner_or_founder | producer | small_team | smaller_revenue | verified_email | linkedin_present | strong_mortgage_fit | doc_complex_products:non-qm,commercial,fha,va | speed_service_language:communication,seamless | broker_local_language",READY_FOR_LINKEDIN_AND_EMAIL,James,O.,James O.,Owner & Mortgage Broker,owner,IAI Mortgage LLC,IAI Mortgage LLC,james@iaimortgage.com,REAL-TIME VERIFIED ON 26 May 26,https://www.linkedin.com/in/james-o-8bb44469,Dallas,Texas,iaimortgage.com,https://www.linkedin.com/company/iai-mortgage-llc,2-10,4,100000-499999,"residential mortgage loan originations, fha loans, freddie mac, va loans, foreign national loans, non-qm loans, commercial loans, land loans","At IAI Mortgage LLC, we are proud of our hard work and dedication to excellent delivery. 

We are known by our clients for our passion, transparency, due diligence, and commitment to due process. We work to make every transaction as seamless as possible by ensuring robust communication with all stakeholders.

We boast a robust knowledge of agency and non-agency loans, including commercial lending. We have been able to successfully work with residential and commercial borrowers to purchase or refinance different forms of real estate.

We hold dear our partnership with some of the country's top lenders. we leverage these partnerships to provide the best of service, pricing, and experiences to our wonderful clients.

We are currently licensed to broker residential mortgage loans In Texas, Florida, and Maryland. we are able to broker commercial loans in all 50 states of the country.


 is a NMLS #2560221","IAI Mortgage LLC mentions complex mortgage products/workflows like: tions, fha loans, freddie mac, va loans, foreign national loans, non-qm loans, commercial loans, land loans At IAI Mortgage LLC, we are proud of our hard work and de",complex-file doc checklist; borrower doc follow-up drafts by loan type; daily pipeline brief,"Hey James — quick specific idea.

I was looking at IAI Mortgage LLC and noticed the mortgage workflow probably has a lot of borrower/doc follow-up hiding behind the scenes. IAI Mortgage LLC mentions complex mortgage products/workflows like: tions, fha loans, freddie mac, va loans, foreign national loans, non-qm loans, commercial loans, land loans At IAI Mortgage LLC, we are proud of our hard work and de

I’m testing a 7-day AIOS Quickstart for mortgage teams: 3 approval-only AI routines like complex-file doc checklist, borrower doc follow-up drafts by loan type, and daily pipeline brief.

No auto-sending. Just drafts, briefs, and follow-up queues your team approves.

Want me to send the 3 routines I’d set up for IAI Mortgage LLC?",3 AI routines for IAI Mortgage LLC,"Hey James,

I was looking at IAI Mortgage LLC and had a specific thought. Mortgage teams usually don’t need a giant AI strategy. They need the recurring borrower/admin work to stop eating the week.

What stood out: IAI Mortgage LLC mentions complex mortgage products/workflows like: tions, fha loans, freddie mac, va loans, foreign national loans, non-qm loans, commercial loans, land loans At IAI Mortgage LLC, we are proud of our hard work and de

I’m testing a 7-day AIOS Quickstart where I install 3 approval-gated routines for mortgage teams. For IAI Mortgage LLC, I’d probably start with:

1. complex-file doc checklist
2. borrower doc follow-up drafts by loan type
3. daily pipeline brief

Everything stays approval-only — no AI auto-sending weird emails to borrowers. It drafts, summarizes, and queues the work so your team can move faster.

Worth sending over a quick version of what I’d install?

Ryan","Quick bump, James — I can make this concrete for IAI Mortgage LLC.

I’d map 3 recurring workflows, install the approval-only drafts/briefs, and hand you a simple weekly operating rhythm. No giant dashboard, no auto-send.

Worth a quick look?"
10,122,"owner_or_founder | producer | small_team | smaller_revenue | verified_email | linkedin_present | strong_mortgage_fit | doc_complex_products:jumbo,commercial,fha,va | speed_service_language:fast,smooth | broker_local_language",READY_FOR_LINKEDIN_AND_EMAIL,Mark,Tober,Mark Tober,Mortgage Broker - Founder & CEO,founder,Alliance Mortgage Lending,Alliance Mortgage Lending,mark@alliance4loans.com,REAL-TIME VERIFIED ON 26 May 26,https://www.linkedin.com/in/markrtober,San Clemente,California,alliance4loans.com,https://www.linkedin.com/company/alliance-mortgage-lending,2-10,3,100000-499999,"mortgage  broker, mortgage lender, home loans, va loans, fha loans, jumbo loans","At Alliance Mortgage Lending, we consider our clients family. As a member of the Alliance family, we believe you deserve the best. In everything we do for you, we pledge to give you our best. The best service. The best rates. The best customer experience. Our mission is to make the process of buying a home, or refinancing, smooth, fast, and enjoyable. We're committed to providing you with excellent one-on-one service and getting you the lowest interest rate combined with a fast, friendly, personalize service experience. From my family to yours, welcome! We look forward to serving you.","Alliance Mortgage Lending mentions complex mortgage products/workflows like: tgage broker, mortgage lender, home loans, va loans, fha loans, jumbo loans At Alliance Mortgage Lending, we consider our clients family. As a member of the Allianc",complex-file doc checklist; borrower doc follow-up drafts by loan type; daily pipeline brief,"Hey Mark — quick specific idea.

I was looking at Alliance Mortgage Lending and noticed the mortgage workflow probably has a lot of borrower/doc follow-up hiding behind the scenes. Alliance Mortgage Lending mentions complex mortgage products/workflows like: tgage broker, mortgage lender, home loans, va loans, fha loans, jumbo loans At Alliance Mortgage Lending, we consider our clients family. As a member of the Allianc

I’m testing a 7-day AIOS Quickstart for mortgage teams: 3 approval-only AI routines like complex-file doc checklist, borrower doc follow-up drafts by loan type, and daily pipeline brief.

No auto-sending. Just drafts, briefs, and follow-up queues your team approves.

Want me to send the 3 routines I’d set up for Alliance Mortgage Lending?",3 AI routines for Alliance Mortgage Lending,"Hey Mark,

I was looking at Alliance Mortgage Lending and had a specific thought. Mortgage teams usually don’t need a giant AI strategy. They need the recurring borrower/admin work to stop eating the week.

What stood out: Alliance Mortgage Lending mentions complex mortgage products/workflows like: tgage broker, mortgage lender, home loans, va loans, fha loans, jumbo loans At Alliance Mortgage Lending, we consider our clients family. As a member of the Allianc

I’m testing a 7-day AIOS Quickstart where I install 3 approval-gated routines for mortgage teams. For Alliance Mortgage Lending, I’d probably start with:

1. complex-file doc checklist
2. borrower doc follow-up drafts by loan type
3. daily pipeline brief

Everything stays approval-only — no AI auto-sending weird emails to borrowers. It drafts, summarizes, and queues the work so your team can move faster.

Worth sending over a quick version of what I’d install?

Ryan","Quick bump, Mark — I can make this concrete for Alliance Mortgage Lending.

I’d map 3 recurring workflows, install the approval-only drafts/briefs, and hand you a simple weekly operating rhythm. No giant dashboard, no auto-send.

Worth a quick look?"
11,122,"owner_or_founder | multi_branch_influence | producer | small_team | smaller_revenue | verified_email | linkedin_present | strong_mortgage_fit | doc_complex_products:investor,va | speed_service_language:transparent | broker_local_language",READY_FOR_LINKEDIN_AND_EMAIL,Justin,Hrabovsky,Justin Hrabovsky,Owner / Sr Loan Officer / Team Lead / Area Manager,manager,Rate Advantage,Rate Advantage,justin@rate-advantage.com,REAL-TIME VERIFIED ON 26 May 26,https://www.linkedin.com/in/loanswithjustin,Austin,Texas,https://rate-advantage.com,https://www.linkedin.com/company/rate-advantage,11-50,5,100000-499999,,"At Rate Advantage, we’re more than just a mortgage brokerage — we’re your partner in achieving homeownership with confidence and peace of mind. Founded by Justin Hrabovsky, one of the nation’s top-ranked mortgage professionals, Rate Advantage was built on a simple mission: deliver the lowest rates in the market while making the mortgage process transparent and stress-free. With access to over 280 lenders and every major loan program, we have the tools and expertise to find solutions that truly fit your financial goals.

What sets us apart is our commitment to honesty, clarity, and client-first service. We take the time to understand your needs, explain your options in plain language, and guide you every step of the way. From first-time buyers to seasoned investors, our clients trust us to secure the most competitive rates while providing unmatched personal support. With Rate Advantage, you don’t just get a loan — you get an advantage.","Rate Advantage mentions complex mortgage products/workflows like: de you every step of the way. From first-time buyers to seasoned investors, our clients trust us to secure the most competitive rates while providing unmatched perso",borrower doc follow-up drafts by loan type; daily pipeline brief; missing-doc follow-up drafts,"Hey Justin — quick specific idea.

I was looking at Rate Advantage and noticed the mortgage workflow probably has a lot of borrower/doc follow-up hiding behind the scenes. Rate Advantage mentions complex mortgage products/workflows like: de you every step of the way. From first-time buyers to seasoned investors, our clients trust us to secure the most competitive rates while providing unmatched perso

I’m testing a 7-day AIOS Quickstart for mortgage teams: 3 approval-only AI routines like borrower doc follow-up drafts by loan type, daily pipeline brief, and missing-doc follow-up drafts.

No auto-sending. Just drafts, briefs, and follow-up queues your team approves.

Want me to send the 3 routines I’d set up for Rate Advantage?",3 AI routines for Rate Advantage,"Hey Justin,

I was looking at Rate Advantage and had a specific thought. Mortgage teams usually don’t need a giant AI strategy. They need the recurring borrower/admin work to stop eating the week.

What stood out: Rate Advantage mentions complex mortgage products/workflows like: de you every step of the way. From first-time buyers to seasoned investors, our clients trust us to secure the most competitive rates while providing unmatched perso

I’m testing a 7-day AIOS Quickstart where I install 3 approval-gated routines for mortgage teams. For Rate Advantage, I’d probably start with:

1. borrower doc follow-up drafts by loan type
2. daily pipeline brief
3. missing-doc follow-up drafts

Everything stays approval-only — no AI auto-sending weird emails to borrowers. It drafts, summarizes, and queues the work so your team can move faster.

Worth sending over a quick version of what I’d install?

Ryan","Quick bump, Justin — I can make this concrete for Rate Advantage.

I’d map 3 recurring workflows, install the approval-only drafts/briefs, and hand you a simple weekly operating rhythm. No giant dashboard, no auto-send.

Worth a quick look?"
12,121,owner_or_founder | branch_manager | small_team | revenue_can_pay | verified_email | linkedin_present | strong_mortgage_fit | doc_complex_products:va | speed_service_language:seamless | broker_local_language,READY_FOR_LINKEDIN_AND_EMAIL,Robert,Benson,Robert Benson,CEO/Branch Manager,manager,Dovetail Mortgage,Dovetail Mortgage,robert@dovetail-mortgage.com,REAL-TIME VERIFIED ON 26 May 26,https://www.linkedin.com/in/robert-benson-6776b63,Medfield,Massachusetts,dovetail-mortgage.com,https://www.linkedin.com/company/dovetail-mortgage,11-50,20,1000000-4999999,,"Applying for a loan through the closing table should not be daunting. It should be seamless, and simple. In short, it should be harmonious.
We are here to guide you through the process: if you're ready now, or a year from now, let us help get you there. 
Equal Housing Opportunity. Licensed in MA, FL, RI, NH, ME, CT, NC & SC
Mortgage Broker NMLS#2104340 | MA: MB2104340 | FL: MBR4966 | NH: 2104340MBR | RI: 20224422LB | ME NMLS #2104340 | NC NMLS #B-224833 | CT NMLS MB-2104340 | NC NMLS #MB2104340
For information purposes only. This is not a commitment to lend or extend credit. Information and/or dates are subject to change without notice. All loans are subject to credit approval. Other restrictions may apply. Visit https://www.nmlsconsumeraccess.org/ for more information. | https://dovetail-mortgage.com/",Dovetail Mortgage mentions complex mortgage products/workflows like: t to change without notice. All loans are subject to credit approval. Other restrictions may apply. Visit https://www.nmlsconsumeraccess.org/ for more information. |,borrower doc follow-up drafts by loan type; daily pipeline brief; missing-doc follow-up drafts,"Hey Robert — quick specific idea.

I was looking at Dovetail Mortgage and noticed the mortgage workflow probably has a lot of borrower/doc follow-up hiding behind the scenes. Dovetail Mortgage mentions complex mortgage products/workflows like: t to change without notice. All loans are subject to credit approval. Other restrictions may apply. Visit https://www.nmlsconsumeraccess.org/ for more information. |

I’m testing a 7-day AIOS Quickstart for mortgage teams: 3 approval-only AI routines like borrower doc follow-up drafts by loan type, daily pipeline brief, and missing-doc follow-up drafts.

No auto-sending. Just drafts, briefs, and follow-up queues your team approves.

Want me to send the 3 routines I’d set up for Dovetail Mortgage?",3 AI routines for Dovetail Mortgage,"Hey Robert,

I was looking at Dovetail Mortgage and had a specific thought. Mortgage teams usually don’t need a giant AI strategy. They need the recurring borrower/admin work to stop eating the week.

What stood out: Dovetail Mortgage mentions complex mortgage products/workflows like: t to change without notice. All loans are subject to credit approval. Other restrictions may apply. Visit https://www.nmlsconsumeraccess.org/ for more information. |

I’m testing a 7-day AIOS Quickstart where I install 3 approval-gated routines for mortgage teams. For Dovetail Mortgage, I’d probably start with:

1. borrower doc follow-up drafts by loan type
2. daily pipeline brief
3. missing-doc follow-up drafts

Everything stays approval-only — no AI auto-sending weird emails to borrowers. It drafts, summarizes, and queues the work so your team can move faster.

Worth sending over a quick version of what I’d install?

Ryan","Quick bump, Robert — I can make this concrete for Dovetail Mortgage.

I’d map 3 recurring workflows, install the approval-only drafts/briefs, and hand you a simple weekly operating rhythm. No giant dashboard, no auto-send.

Worth a quick look?"
13,121,"owner_or_founder | producer | small_team | smaller_revenue | verified_email | linkedin_present | strong_mortgage_fit | doc_complex_products:jumbo,heloc,reverse,fha | speed_service_language:communication | broker_local_language",READY_FOR_LINKEDIN_AND_EMAIL,Alyssa,Soles,Alyssa Soles,President & Mortgage Broker,c_suite,Castle Funding Corp.,Castle Funding Corp.,alyssa@castle-funding.com,REAL-TIME VERIFIED ON 26 May 26,https://www.linkedin.com/in/alyssa-soles-b539a3235,Ventura,California,castle-funding.com,https://www.linkedin.com/company/castle-funding-corp,2-10,5,100000-499999,"ventura mortgage broker, first-time homebuyer loans, conventional & jumbo financing, fha & va loans, reverse mortgage & hecm loans, calhfa down payment assistance, helocs & home equity strategies, cash-out & rate/term refinances, pre-approvals & purchase financing, independent mortgage brokerage, education-first lending guidance, family-owned & local","Castle Funding Corp. is a family-owned mortgage brokerage founded in 1989 and based in Ventura County, California. For more than 35 years, we’ve helped homebuyers and homeowners navigate financing decisions with clarity, preparation, and long-term perspective.

As an independent mortgage broker, we compare loan options across multiple lenders so clients can see the differences in rates, structure, and strategy rather than being limited to a single bank’s products. Our clients include first-time homebuyers, move-up buyers, and homeowners exploring refinance, home equity, or long-term mortgage planning.

Today the firm is led by Alyssa Soles, who joined the business after more than a decade as an educator. Her background shapes the firm’s approach — emphasizing clear explanations, thoughtful preparation, and steady guidance throughout the loan process.

Many of our clients come through referrals from Ventura County realtors and past clients who value dependable communication and a calm, organized mortgage experience.","Castle Funding Corp. mentions complex mortgage products/workflows like: tura mortgage broker, first-time homebuyer loans, conventional & jumbo financing, fha & va loans, reverse mortgage & hecm loans, calhfa down payment assistance, helo",complex-file doc checklist; borrower doc follow-up drafts by loan type; daily pipeline brief,"Hey Alyssa — quick specific idea.

I was looking at Castle Funding Corp. and noticed the mortgage workflow probably has a lot of borrower/doc follow-up hiding behind the scenes. Castle Funding Corp. mentions complex mortgage products/workflows like: tura mortgage broker, first-time homebuyer loans, conventional & jumbo financing, fha & va loans, reverse mortgage & hecm loans, calhfa down payment assistance, helo

I’m testing a 7-day AIOS Quickstart for mortgage teams: 3 approval-only AI routines like complex-file doc checklist, borrower doc follow-up drafts by loan type, and daily pipeline brief.

No auto-sending. Just drafts, briefs, and follow-up queues your team approves.

Want me to send the 3 routines I’d set up for Castle Funding Corp.?",3 AI routines for Castle Funding Corp.,"Hey Alyssa,

I was looking at Castle Funding Corp. and had a specific thought. Mortgage teams usually don’t need a giant AI strategy. They need the recurring borrower/admin work to stop eating the week.

What stood out: Castle Funding Corp. mentions complex mortgage products/workflows like: tura mortgage broker, first-time homebuyer loans, conventional & jumbo financing, fha & va loans, reverse mortgage & hecm loans, calhfa down payment assistance, helo

I’m testing a 7-day AIOS Quickstart where I install 3 approval-gated routines for mortgage teams. For Castle Funding Corp., I’d probably start with:

1. complex-file doc checklist
2. borrower doc follow-up drafts by loan type
3. daily pipeline brief

Everything stays approval-only — no AI auto-sending weird emails to borrowers. It drafts, summarizes, and queues the work so your team can move faster.

Worth sending over a quick version of what I’d install?

Ryan","Quick bump, Alyssa — I can make this concrete for Castle Funding Corp..

I’d map 3 recurring workflows, install the approval-only drafts/briefs, and hand you a simple weekly operating rhythm. No giant dashboard, no auto-send.

Worth a quick look?"
14,121,"owner_or_founder | producer | small_team | smaller_revenue | verified_email | linkedin_present | strong_mortgage_fit | doc_complex_products:jumbo,construction,investor,203k | speed_service_language:fast | broker_local_language",READY_FOR_LINKEDIN_AND_EMAIL,Collin,Atchison,Collin Atchison,Owner / Senior Loan Officer,senior,"First Florida Financial Group, LLC","First Florida Financial Group, LLC",collin@firstflfinancial.com,REAL-TIME VERIFIED ON 26 May 26,https://www.linkedin.com/in/collin-atchison-b74029b4,Fort Myers,Florida,firstflfinancial.com,https://www.linkedin.com/company/first-florida-financial-group-llc,2-10,15,100000-499999,,"Residential Mortgage Provider

""We say YES when banks say NO""

•	FHA and VA Credit Scores as Low as 530 
•	Condo's Loans! We Close Loans on 95% of all Condo & Condo-Tel Buildings in FL,	Foreign National’s 70% loan to value
•	Jumbo Loans up to 90% loan to value
•	Mobile Homes Single and Double Wide, First & Second Homes
•	USDA Purchase and Refinance 
•	Rehab 203k FHA Loans and Repair Escrows allowed on Conventional Loans
•	HUD REO’S $100 down payment with Repair Escrows up to 5,000
•	Construction Loans
•	No 90 Day FHA Flipping Rules, That Limit the Seller's Profit
•	Upside down/Neg. equity in Buyers Current  Home and want to buy are NO Problem
•	FHA Short Refinance’s
•	Fannie Refinance up 125% Loan To Value
•	Investors with up to 10 Properties currently Financed are ok
•	No Minimum Credit Report Trade Line Requirements
•	1 Year Tax Return for Self Employed Borrowers 
•	Repair Escrows Allowed on Conventional and FHA Loans","First Florida Financial Group, LLC mentions complex mortgage products/workflows like: ondo-Tel Buildings in FL, Foreign National’s 70% loan to value • Jumbo Loans up to 90% loan to value • Mobile Homes Single and Double Wide, First & Second Homes • US",complex-file doc checklist; construction/renovation loan condition tracker; borrower doc follow-up drafts by loan type,"Hey Collin — quick specific idea.

I was looking at First Florida Financial Group, LLC and noticed the mortgage workflow probably has a lot of borrower/doc follow-up hiding behind the scenes. First Florida Financial Group, LLC mentions complex mortgage products/workflows like: ondo-Tel Buildings in FL, Foreign National’s 70% loan to value • Jumbo Loans up to 90% loan to value • Mobile Homes Single and Double Wide, First & Second Homes • US

I’m testing a 7-day AIOS Quickstart for mortgage teams: 3 approval-only AI routines like complex-file doc checklist, construction/renovation loan condition tracker, and borrower doc follow-up drafts by loan type.

No auto-sending. Just drafts, briefs, and follow-up queues your team approves.

Want me to send the 3 routines I’d set up for First Florida Financial Group, LLC?","3 AI routines for First Florida Financial Group, LLC","Hey Collin,

I was looking at First Florida Financial Group, LLC and had a specific thought. Mortgage teams usually don’t need a giant AI strategy. They need the recurring borrower/admin work to stop eating the week.

What stood out: First Florida Financial Group, LLC mentions complex mortgage products/workflows like: ondo-Tel Buildings in FL, Foreign National’s 70% loan to value • Jumbo Loans up to 90% loan to value • Mobile Homes Single and Double Wide, First & Second Homes • US

I’m testing a 7-day AIOS Quickstart where I install 3 approval-gated routines for mortgage teams. For First Florida Financial Group, LLC, I’d probably start with:

1. complex-file doc checklist
2. construction/renovation loan condition tracker
3. borrower doc follow-up drafts by loan type

Everything stays approval-only — no AI auto-sending weird emails to borrowers. It drafts, summarizes, and queues the work so your team can move faster.

Worth sending over a quick version of what I’d install?

Ryan","Quick bump, Collin — I can make this concrete for First Florida Financial Group, LLC.

I’d map 3 recurring workflows, install the approval-only drafts/briefs, and hand you a simple weekly operating rhythm. No giant dashboard, no auto-send.

Worth a quick look?"
15,120,"owner_or_founder | producer | small_team | smaller_revenue | verified_email | linkedin_present | strong_mortgage_fit | doc_complex_products:fha,va | speed_service_language:fast,easy,smooth,seamless | broker_local_language",READY_FOR_LINKEDIN_AND_EMAIL,Aaron,Polk,Aaron Polk,Mortgage Broker/Founder,founder,AsertaLoans,AsertaLoans,aaron@asertaloans.com,REAL-TIME VERIFIED ON 26 May 26,https://www.linkedin.com/in/aaronpolk1,Miami-fort Lauderdale Area,,asertaloans.com,https://www.linkedin.com/company/asertaloans,2-10,3,100000-499999,"mortgage lending, home loans","AsertaLoans is a leading mortgage lender based in Dallas, offering low-rate home loans and tailored mortgage solutions. Serving Texas and Florida, we are dedicated to delivering a seamless and personalized homebuying experience. Whether you're a first-time buyer or looking to refinance, we provide options, including FHA, VA, and conventional loans to suit your financial needs. Our team ensures fast approvals, transparent processes, and exceptional service to make your path to homeownership smooth and hassle-free. Choose AsertaLoans for your next home loan and experience the difference a trusted local lender can make. Contact us for a no-obligation consultation!


For information purposes only. This is not a commitment to lend or extend credit. Information and/or dates are subject to change without notice. All loans are subject to credit approval. Other restrictions may apply.
AsertaLoans Inc | NMLS #2114425 
www.nmlsconsumeraccess.org | Equal Housing Opportunity


Texas Complaint-Recovery Fund Notice:​
CONSUMERS WISHING TO FILE A COMPLAINT AGAINST A COMPANY OR A RESIDENTIAL MORTGAGE LOAN ORIGINATOR SHOULD COMPLETE AND SEND A COMPLAINT FORM TO THE TEXAS DEPARTMENT OF SAVINGS AND MORTGAGE LENDING, 2601 NORTH LAMAR, SUITE 201, AUSTIN, TEXAS 78705. COMPLAINT FORMS AND INSTRUCTIONS MAY BE OBTAINED FROM THE DEPARTMENT’S WEBSITE AT WWW.SML.TEXAS.GOV. A TOLL-FREE CONSUMER HOTLINE IS AVAILABLE AT 1-877-276-5550.

THE DEPARTMENT MAINTAINS A RECOVERY FUND TO MAKE PAYMENTS OF CERTAIN ACTUAL OUT OF POCKET DAMAGES SUSTAINED BY BORROWERS CAUSED BY ACTS OF LICENSED RESIDENTIALMORTGAGE LOAN ORIGINATORS. A WRITTEN APPLICATION FOR REIMBURSEMENT FROM THE RECOVERY FUND MUST BE FILED WITH AND INVESTIGATED BY THE DEPARTMENT PRIOR TO THE PAYMENT OF A CLAIM. FOR MORE INFORMATION ABOUT THE RECOVERY FUND, PLEASE CONSULT THE DEPARTMENT’S WEBSITE AT WWW.SML.TEXAS.GOV.","AsertaLoans mentions complex mortgage products/workflows like: ime buyer or looking to refinance, we provide options, including FHA, VA, and conventional loans to suit your financial needs. Our team ensures fast approvals, trans",borrower doc follow-up drafts by loan type; daily pipeline brief; missing-doc follow-up drafts,"Hey Aaron — quick specific idea.

I was looking at AsertaLoans and noticed the mortgage workflow probably has a lot of borrower/doc follow-up hiding behind the scenes. AsertaLoans mentions complex mortgage products/workflows like: ime buyer or looking to refinance, we provide options, including FHA, VA, and conventional loans to suit your financial needs. Our team ensures fast approvals, trans

I’m testing a 7-day AIOS Quickstart for mortgage teams: 3 approval-only AI routines like borrower doc follow-up drafts by loan type, daily pipeline brief, and missing-doc follow-up drafts.

No auto-sending. Just drafts, briefs, and follow-up queues your team approves.

Want me to send the 3 routines I’d set up for AsertaLoans?",3 AI routines for AsertaLoans,"Hey Aaron,

I was looking at AsertaLoans and had a specific thought. Mortgage teams usually don’t need a giant AI strategy. They need the recurring borrower/admin work to stop eating the week.

What stood out: AsertaLoans mentions complex mortgage products/workflows like: ime buyer or looking to refinance, we provide options, including FHA, VA, and conventional loans to suit your financial needs. Our team ensures fast approvals, trans

I’m testing a 7-day AIOS Quickstart where I install 3 approval-gated routines for mortgage teams. For AsertaLoans, I’d probably start with:

1. borrower doc follow-up drafts by loan type
2. daily pipeline brief
3. missing-doc follow-up drafts

Everything stays approval-only — no AI auto-sending weird emails to borrowers. It drafts, summarizes, and queues the work so your team can move faster.

Worth sending over a quick version of what I’d install?

Ryan","Quick bump, Aaron — I can make this concrete for AsertaLoans.

I’d map 3 recurring workflows, install the approval-only drafts/briefs, and hand you a simple weekly operating rhythm. No giant dashboard, no auto-send.

Worth a quick look?"
16,120,"owner_or_founder | producer | small_team | revenue_can_pay | verified_email | linkedin_present | strong_mortgage_fit | doc_complex_products:fha,va,usda | speed_service_language:fast | broker_local_language",READY_FOR_LINKEDIN_AND_EMAIL,Lisa,Pogue,Lisa Pogue,"Co Owner, Mortgage Broker",owner,DC Lending,DC Lending,lisa@dc-lending.com,REAL-TIME VERIFIED ON 26 May 26,https://www.linkedin.com/in/lisa-pogue-a6842580,Vancouver,Washington,dc-lending.com,https://www.linkedin.com/company/dc-lending,11-50,17,1000000-4999999,"residential mortgage, conventional loans, fha loans, va loans, usda loans, local, fast closings, low rates, home loans, top tier service, client centered","DC Lending is a local and family owned mortgage brokerage serving OR and WA since 2017.

We Guide You Home

NMLS #1773532","DC Lending mentions complex mortgage products/workflows like: residential mortgage, conventional loans, fha loans, va loans, usda loans, local, fast closings, low rates, home loans, top tier service, clie",borrower doc follow-up drafts by loan type; daily pipeline brief; missing-doc follow-up drafts,"Hey Lisa — quick specific idea.

I was looking at DC Lending and noticed the mortgage workflow probably has a lot of borrower/doc follow-up hiding behind the scenes. DC Lending mentions complex mortgage products/workflows like: residential mortgage, conventional loans, fha loans, va loans, usda loans, local, fast closings, low rates, home loans, top tier service, clie

I’m testing a 7-day AIOS Quickstart for mortgage teams: 3 approval-only AI routines like borrower doc follow-up drafts by loan type, daily pipeline brief, and missing-doc follow-up drafts.

No auto-sending. Just drafts, briefs, and follow-up queues your team approves.

Want me to send the 3 routines I’d set up for DC Lending?",3 AI routines for DC Lending,"Hey Lisa,

I was looking at DC Lending and had a specific thought. Mortgage teams usually don’t need a giant AI strategy. They need the recurring borrower/admin work to stop eating the week.

What stood out: DC Lending mentions complex mortgage products/workflows like: residential mortgage, conventional loans, fha loans, va loans, usda loans, local, fast closings, low rates, home loans, top tier service, clie

I’m testing a 7-day AIOS Quickstart where I install 3 approval-gated routines for mortgage teams. For DC Lending, I’d probably start with:

1. borrower doc follow-up drafts by loan type
2. daily pipeline brief
3. missing-doc follow-up drafts

Everything stays approval-only — no AI auto-sending weird emails to borrowers. It drafts, summarizes, and queues the work so your team can move faster.

Worth sending over a quick version of what I’d install?

Ryan","Quick bump, Lisa — I can make this concrete for DC Lending.

I’d map 3 recurring workflows, install the approval-only drafts/briefs, and hand you a simple weekly operating rhythm. No giant dashboard, no auto-send.

Worth a quick look?"
17,118,"owner_or_founder | producer | small_team | smaller_revenue | verified_email | linkedin_present | strong_mortgage_fit | doc_complex_products:jumbo,va | speed_service_language:technology,tech,easy | broker_local_language",READY_FOR_LINKEDIN_AND_EMAIL,Robert,C.,Robert C.,Founder - Super Jumbo Mortgage Broker,founder,Carlyle Financial,Carlyle Financial,rc@carlylefinancial.com,REAL-TIME VERIFIED ON 26 May 26,https://www.linkedin.com/in/robertcohan,,,carlylefinancial.com,https://www.linkedin.com/company/carlyle-financial,11-50,13,500000-999999,"full-service mortgage banking, jumbo arm, portfolio lending, jumbo mortgages, interest-only, foreign nationals, california homebuyers, california homeowners, jumbo loans, super jumbo loans, refinance loans, home loan pre-approval, rsu income","Carlyle Financial is your personal mortgage lender offering an extensive suite of jumbo and super-jumbo home loan options customized to your needs.

Our incredible team of experts navigate your complex financial situations with expertise to find the best possible mortgage for you. We accommodate larger loans amounts of $10M+, interest-only payments, RSU income, and even the most intricate self-employment income.

We use the best of lending technology to make the loan process easy, and your trusted mortgage partner will guide you through the entire process.

With over 30 years of experience and over $2 billion in jumbo home loans, we are here to make sure you get exactly what you want at the best rates in the marketplace.","Carlyle Financial mentions complex mortgage products/workflows like: full-service mortgage banking, jumbo arm, portfolio lending, jumbo mortgages, interest-only, foreign nationals, california homebuye",complex-file doc checklist; borrower doc follow-up drafts by loan type; daily pipeline brief,"Hey Robert — quick specific idea.

I was looking at Carlyle Financial and noticed the mortgage workflow probably has a lot of borrower/doc follow-up hiding behind the scenes. Carlyle Financial mentions complex mortgage products/workflows like: full-service mortgage banking, jumbo arm, portfolio lending, jumbo mortgages, interest-only, foreign nationals, california homebuye

I’m testing a 7-day AIOS Quickstart for mortgage teams: 3 approval-only AI routines like complex-file doc checklist, borrower doc follow-up drafts by loan type, and daily pipeline brief.

No auto-sending. Just drafts, briefs, and follow-up queues your team approves.

Want me to send the 3 routines I’d set up for Carlyle Financial?",3 AI routines for Carlyle Financial,"Hey Robert,

I was looking at Carlyle Financial and had a specific thought. Mortgage teams usually don’t need a giant AI strategy. They need the recurring borrower/admin work to stop eating the week.

What stood out: Carlyle Financial mentions complex mortgage products/workflows like: full-service mortgage banking, jumbo arm, portfolio lending, jumbo mortgages, interest-only, foreign nationals, california homebuye

I’m testing a 7-day AIOS Quickstart where I install 3 approval-gated routines for mortgage teams. For Carlyle Financial, I’d probably start with:

1. complex-file doc checklist
2. borrower doc follow-up drafts by loan type
3. daily pipeline brief

Everything stays approval-only — no AI auto-sending weird emails to borrowers. It drafts, summarizes, and queues the work so your team can move faster.

Worth sending over a quick version of what I’d install?

Ryan","Quick bump, Robert — I can make this concrete for Carlyle Financial.

I’d map 3 recurring workflows, install the approval-only drafts/briefs, and hand you a simple weekly operating rhythm. No giant dashboard, no auto-send.

Worth a quick look?"
18,118,"owner_or_founder | producer | small_team | smaller_revenue | verified_email | linkedin_present | strong_mortgage_fit | doc_complex_products:jumbo,va | speed_service_language:technology,tech,easy | broker_local_language",READY_FOR_LINKEDIN_AND_EMAIL,Jesse,Collins,Jesse Collins,Vice President - Senior Mortgage Broker,senior,Carlyle Financial,Carlyle Financial,jesse.collins@carlylefinancial.com,REAL-TIME VERIFIED ON 26 May 26,https://www.linkedin.com/in/jessecollins2,Beverly Hills,California,carlylefinancial.com,https://www.linkedin.com/company/carlyle-financial,11-50,13,500000-999999,"full-service mortgage banking, jumbo arm, portfolio lending, jumbo mortgages, interest-only, foreign nationals, california homebuyers, california homeowners, jumbo loans, super jumbo loans, refinance loans, home loan pre-approval, rsu income","Carlyle Financial is your personal mortgage lender offering an extensive suite of jumbo and super-jumbo home loan options customized to your needs.

Our incredible team of experts navigate your complex financial situations with expertise to find the best possible mortgage for you. We accommodate larger loans amounts of $10M+, interest-only payments, RSU income, and even the most intricate self-employment income.

We use the best of lending technology to make the loan process easy, and your trusted mortgage partner will guide you through the entire process.

With over 30 years of experience and over $2 billion in jumbo home loans, we are here to make sure you get exactly what you want at the best rates in the marketplace.","Carlyle Financial mentions complex mortgage products/workflows like: full-service mortgage banking, jumbo arm, portfolio lending, jumbo mortgages, interest-only, foreign nationals, california homebuye",complex-file doc checklist; borrower doc follow-up drafts by loan type; daily pipeline brief,"Hey Jesse — quick specific idea.

I was looking at Carlyle Financial and noticed the mortgage workflow probably has a lot of borrower/doc follow-up hiding behind the scenes. Carlyle Financial mentions complex mortgage products/workflows like: full-service mortgage banking, jumbo arm, portfolio lending, jumbo mortgages, interest-only, foreign nationals, california homebuye

I’m testing a 7-day AIOS Quickstart for mortgage teams: 3 approval-only AI routines like complex-file doc checklist, borrower doc follow-up drafts by loan type, and daily pipeline brief.

No auto-sending. Just drafts, briefs, and follow-up queues your team approves.

Want me to send the 3 routines I’d set up for Carlyle Financial?",3 AI routines for Carlyle Financial,"Hey Jesse,

I was looking at Carlyle Financial and had a specific thought. Mortgage teams usually don’t need a giant AI strategy. They need the recurring borrower/admin work to stop eating the week.

What stood out: Carlyle Financial mentions complex mortgage products/workflows like: full-service mortgage banking, jumbo arm, portfolio lending, jumbo mortgages, interest-only, foreign nationals, california homebuye

I’m testing a 7-day AIOS Quickstart where I install 3 approval-gated routines for mortgage teams. For Carlyle Financial, I’d probably start with:

1. complex-file doc checklist
2. borrower doc follow-up drafts by loan type
3. daily pipeline brief

Everything stays approval-only — no AI auto-sending weird emails to borrowers. It drafts, summarizes, and queues the work so your team can move faster.

Worth sending over a quick version of what I’d install?

Ryan","Quick bump, Jesse — I can make this concrete for Carlyle Financial.

I’d map 3 recurring workflows, install the approval-only drafts/briefs, and hand you a simple weekly operating rhythm. No giant dashboard, no auto-send.

Worth a quick look?"
19,118,"owner_or_founder | producer | small_team | revenue_can_pay | verified_email | linkedin_present | strong_mortgage_fit | doc_complex_products:jumbo,construction,investment,reverse | broker_local_language",READY_FOR_LINKEDIN_AND_EMAIL,Natalya,Hansen,Natalya Hansen,Co-Owner / Mortgage Broker NMLS#2263868,senior,American Mortgage Xpress,American Mortgage Xpress,natalya@amxpress.io,REAL-TIME VERIFIED ON 25 May 26,https://www.linkedin.com/in/natalya-hansen,Fort Myers,Florida,amxpress.io,https://www.linkedin.com/company/amxpress,2-10,16,1000000-4999999,"fha loans, refinance loans, va loans, usda loans, jumbo & super jumbo loans, mortgage, home loans, home improvement & construction loans, investment property loans, second home and vacation home loans, reverse mortgage loans","Your mortgage approval starts here. Buy and Refi with confidence. Get the answers. See what you could be approved for before house hunting. Get started now - no commitment required. 
Licensed in Florida | Texas | Colorado | California 
American Mortgage Xpress (AMXpress) NMLS # 2502574
AMXpress is not an agency of the federal government and is approved by HUD/FHA, Fannie Mae, Freddie Mac, and Ginnie Mae. This is not a government form. This is not a credit decision or a commitment to lend. The New York State Department of Financial Services does not authorize this website. Until this website is authorized, no mortgage loan applications for properties located in New York will be accepted through this site.","American Mortgage Xpress mentions complex mortgage products/workflows like: fha loans, refinance loans, va loans, usda loans, jumbo & super jumbo loans, mortgage, home loans, home improvement & construction loans, investment p",complex-file doc checklist; construction/renovation loan condition tracker; borrower doc follow-up drafts by loan type,"Hey Natalya — quick specific idea.

I was looking at American Mortgage Xpress and noticed the mortgage workflow probably has a lot of borrower/doc follow-up hiding behind the scenes. American Mortgage Xpress mentions complex mortgage products/workflows like: fha loans, refinance loans, va loans, usda loans, jumbo & super jumbo loans, mortgage, home loans, home improvement & construction loans, investment p

I’m testing a 7-day AIOS Quickstart for mortgage teams: 3 approval-only AI routines like complex-file doc checklist, construction/renovation loan condition tracker, and borrower doc follow-up drafts by loan type.

No auto-sending. Just drafts, briefs, and follow-up queues your team approves.

Want me to send the 3 routines I’d set up for American Mortgage Xpress?",3 AI routines for American Mortgage Xpress,"Hey Natalya,

I was looking at American Mortgage Xpress and had a specific thought. Mortgage teams usually don’t need a giant AI strategy. They need the recurring borrower/admin work to stop eating the week.

What stood out: American Mortgage Xpress mentions complex mortgage products/workflows like: fha loans, refinance loans, va loans, usda loans, jumbo & super jumbo loans, mortgage, home loans, home improvement & construction loans, investment p

I’m testing a 7-day AIOS Quickstart where I install 3 approval-gated routines for mortgage teams. For American Mortgage Xpress, I’d probably start with:

1. complex-file doc checklist
2. construction/renovation loan condition tracker
3. borrower doc follow-up drafts by loan type

Everything stays approval-only — no AI auto-sending weird emails to borrowers. It drafts, summarizes, and queues the work so your team can move faster.

Worth sending over a quick version of what I’d install?

Ryan","Quick bump, Natalya — I can make this concrete for American Mortgage Xpress.

I’d map 3 recurring workflows, install the approval-only drafts/briefs, and hand you a simple weekly operating rhythm. No giant dashboard, no auto-send.

Worth a quick look?"
20,117,"owner_or_founder | small_team | revenue_can_pay | verified_email | linkedin_present | strong_mortgage_fit | doc_complex_products:jumbo,heloc,fha,va | speed_service_language:customer service | broker_local_language",READY_FOR_LINKEDIN_AND_EMAIL,Craig,T.,Craig T.,Broker-Owner/Certified Mortgage Consultant®,owner,"AZ Mortgage Broker, LLC","AZ Mortgage Broker, LLC",craig@azmortgagebroker.com,REAL-TIME VERIFIED ON 25 May 26,https://www.linkedin.com/in/craig-t-8881ab13,Scottsdale,Arizona,azmortgagebroker.com,https://www.linkedin.com/company/az-mortgage-broker-llc,11-50,19,1000000-4999999,"fannie mae, freddie mac, wholesale lending, interest rates, debt consolidation, purchase, refinance, fha, va, jumbo, usda, nonqm, 2nd mortgages, customer service, arizona, california, colorado, helocs, low rates","At AZ Mortgage Broker, LLC, we're committed to serving our community with integrity and excellence. As your local mortgage broker in Arizona, we prioritize building genuine connections with our clients and partners. Our goal is to help you secure a mortgage that fits your unique needs and budget, without sacrificing quality or affordability. We offer competitive rates, low fees, and the insider knowledge that comes with being part of the local market. Join us and experience what it's like to work with a mortgage broker that truly cares about your success.

Get the mortgage you deserve with our exceptional service, competitive rates, and lower costs.

NMLS 1561316; AZ MB 0938970; CA 60DB099210","AZ Mortgage Broker, LLC mentions complex mortgage products/workflows like: nterest rates, debt consolidation, purchase, refinance, fha, va, jumbo, usda, nonqm, 2nd mortgages, customer service, arizona, california, colorado, helocs, low rate",complex-file doc checklist; borrower doc follow-up drafts by loan type; daily pipeline brief,"Hey Craig — quick specific idea.

I was looking at AZ Mortgage Broker, LLC and noticed the mortgage workflow probably has a lot of borrower/doc follow-up hiding behind the scenes. AZ Mortgage Broker, LLC mentions complex mortgage products/workflows like: nterest rates, debt consolidation, purchase, refinance, fha, va, jumbo, usda, nonqm, 2nd mortgages, customer service, arizona, california, colorado, helocs, low rate

I’m testing a 7-day AIOS Quickstart for mortgage teams: 3 approval-only AI routines like complex-file doc checklist, borrower doc follow-up drafts by loan type, and daily pipeline brief.

No auto-sending. Just drafts, briefs, and follow-up queues your team approves.

Want me to send the 3 routines I’d set up for AZ Mortgage Broker, LLC?","3 AI routines for AZ Mortgage Broker, LLC","Hey Craig,

I was looking at AZ Mortgage Broker, LLC and had a specific thought. Mortgage teams usually don’t need a giant AI strategy. They need the recurring borrower/admin work to stop eating the week.

What stood out: AZ Mortgage Broker, LLC mentions complex mortgage products/workflows like: nterest rates, debt consolidation, purchase, refinance, fha, va, jumbo, usda, nonqm, 2nd mortgages, customer service, arizona, california, colorado, helocs, low rate

I’m testing a 7-day AIOS Quickstart where I install 3 approval-gated routines for mortgage teams. For AZ Mortgage Broker, LLC, I’d probably start with:

1. complex-file doc checklist
2. borrower doc follow-up drafts by loan type
3. daily pipeline brief

Everything stays approval-only — no AI auto-sending weird emails to borrowers. It drafts, summarizes, and queues the work so your team can move faster.

Worth sending over a quick version of what I’d install?

Ryan","Quick bump, Craig — I can make this concrete for AZ Mortgage Broker, LLC.

I’d map 3 recurring workflows, install the approval-only drafts/briefs, and hand you a simple weekly operating rhythm. No giant dashboard, no auto-send.

Worth a quick look?"
21,116,"owner_or_founder | producer | small_team | revenue_can_pay | verified_email | linkedin_present | strong_mortgage_fit | doc_complex_products:va | speed_service_language:fast,transparent | broker_local_language",READY_FOR_LINKEDIN_AND_EMAIL,Andrew (Andy) W.,Harris,Andrew (Andy) W. Harris,Mortgage Broker / President,c_suite,Vantage Mortgage Brokers - NMLS#35986,Vantage Mortgage Brokers - NMLS#35986,aharris@vantagemortgagegroup.com,REAL-TIME VERIFIED ON 26 May 26,https://www.linkedin.com/in/oregonmortgagebroker,Lake Oswego,Oregon,vantagemortgagegroup.com,https://www.linkedin.com/company/vantage-mortgage-group-inc-,11-50,19,1000000-4999999,"mortgage services in oregon and washington, home purchase, refinance, mortgage broker","van-tage (n); a position giving a strategic advantage, commanding perspective, or comprehensive view

MISSION – Transform the way consumers get access to mortgages, with transparency and competition

VISION – Educate and be available to serve all mortgage consumers in our service area so lenders authentically compete for their business

ACTION – Deliver lower mortgage costs and a faster origination experience by working for YOU rather than the lenders, using a transparent and systematic approach to making lenders compete for YOUR business.

Established in 2007, Vantage Mortgage Group is one of the only independent mortgage firms in the Pacific Northwest today (serving Oregon and Washington consumers).  Locally owned and operated in Lake Oswego, Oregon, Vantage has become a nationally recognized company from the impact made within the industry and unique consumer-focused platform.  As many can imagine, the regulatory environment has greatly changed in the mortgage and housing industry in recent years.  As a result, awareness and adaption on consumer impact must control the vision of a mortgage company  now and in the future through collecting data and facts over all else.  Vantage Mortgage Group has embraced these changes with their vision and experience and rely on their clients positive feedback and price advantage to produce more referrals.  They align their clients in the best position they see possible which is as a true mortgage broker without steering to one lender or corporate special interests.  Because of this, Vantage persistently educates consumers and colleagues on understanding the indisputable math and data around mortgage operations rather than the hard sales pressure that many consumers and others receive in the primary mortgage marketplace.

Vantage Mortgage Group, Inc. DBA Vantage Mortgage Brokers","Vantage Mortgage Brokers - NMLS#35986 mentions complex mortgage products/workflows like: oregon and washington, home purchase, refinance, mortgage broker van-tage (n); a position giving a strategic advantage, commanding perspective, or comprehensive view",borrower doc follow-up drafts by loan type; daily pipeline brief; missing-doc follow-up drafts,"Hey Andrew (Andy) W. — quick specific idea.

I was looking at Vantage Mortgage Brokers - NMLS#35986 and noticed the mortgage workflow probably has a lot of borrower/doc follow-up hiding behind the scenes. Vantage Mortgage Brokers - NMLS#35986 mentions complex mortgage products/workflows like: oregon and washington, home purchase, refinance, mortgage broker van-tage (n); a position giving a strategic advantage, commanding perspective, or comprehensive view

I’m testing a 7-day AIOS Quickstart for mortgage teams: 3 approval-only AI routines like borrower doc follow-up drafts by loan type, daily pipeline brief, and missing-doc follow-up drafts.

No auto-sending. Just drafts, briefs, and follow-up queues your team approves.

Want me to send the 3 routines I’d set up for Vantage Mortgage Brokers - NMLS#35986?",3 AI routines for Vantage Mortgage Brokers - NMLS#35986,"Hey Andrew (Andy) W.,

I was looking at Vantage Mortgage Brokers - NMLS#35986 and had a specific thought. Mortgage teams usually don’t need a giant AI strategy. They need the recurring borrower/admin work to stop eating the week.

What stood out: Vantage Mortgage Brokers - NMLS#35986 mentions complex mortgage products/workflows like: oregon and washington, home purchase, refinance, mortgage broker van-tage (n); a position giving a strategic advantage, commanding perspective, or comprehensive view

I’m testing a 7-day AIOS Quickstart where I install 3 approval-gated routines for mortgage teams. For Vantage Mortgage Brokers - NMLS#35986, I’d probably start with:

1. borrower doc follow-up drafts by loan type
2. daily pipeline brief
3. missing-doc follow-up drafts

Everything stays approval-only — no AI auto-sending weird emails to borrowers. It drafts, summarizes, and queues the work so your team can move faster.

Worth sending over a quick version of what I’d install?

Ryan","Quick bump, Andrew (Andy) W. — I can make this concrete for Vantage Mortgage Brokers - NMLS#35986.

I’d map 3 recurring workflows, install the approval-only drafts/briefs, and hand you a simple weekly operating rhythm. No giant dashboard, no auto-send.

Worth a quick look?"
22,116,"owner_or_founder | branch_manager | scaled_but_not_enterprise | revenue_can_pay | verified_email | linkedin_present | strong_mortgage_fit | doc_complex_products:non-qm,jumbo,investment,reverse | broker_local_language",READY_FOR_LINKEDIN_AND_EMAIL,Patrick D.,Moylan,Patrick D. Moylan,"Vice President, Branch Manager",manager,Bay Capital Mortgage Corporation,Bay Capital Mortgage Corporation,pmoylan@baycapitalmortgage.com,REAL-TIME VERIFIED ON 26 May 26,https://www.linkedin.com/in/patrick-d-moylan-3a4b9541,Davidsonville,Maryland,baycapitalmortgage.com,https://www.linkedin.com/company/bay-capital-mortgage-corporation,51-200,76,5000000-9999999,"residential lending, conventional loans, fha/usda/va loans, jumbo loans, reverse mortgages, refinances, first time homebuyer, non-qm loans, investment property loans, licensed in md, licensed in va, licensed in fl, licensed in de, licensed in ga, licensed in mi, licensed in dc, licensed in pa, licensed in sc, licensed in nc, licensed in wv, licensed in tn","NMLS ID# 39610
www.nmlsconsumeraccess.org","Bay Capital Mortgage Corporation mentions complex mortgage products/workflows like: umbo loans, reverse mortgages, refinances, first time homebuyer, non-qm loans, investment property loans, licensed in md, licensed in va, licensed in fl, licensed in",complex-file doc checklist; borrower doc follow-up drafts by loan type; daily pipeline brief,"Hey Patrick D. — quick specific idea.

I was looking at Bay Capital Mortgage Corporation and noticed the mortgage workflow probably has a lot of borrower/doc follow-up hiding behind the scenes. Bay Capital Mortgage Corporation mentions complex mortgage products/workflows like: umbo loans, reverse mortgages, refinances, first time homebuyer, non-qm loans, investment property loans, licensed in md, licensed in va, licensed in fl, licensed in

I’m testing a 7-day AIOS Quickstart for mortgage teams: 3 approval-only AI routines like complex-file doc checklist, borrower doc follow-up drafts by loan type, and daily pipeline brief.

No auto-sending. Just drafts, briefs, and follow-up queues your team approves.

Want me to send the 3 routines I’d set up for Bay Capital Mortgage Corporation?",3 AI routines for Bay Capital Mortgage Corporation,"Hey Patrick D.,

I was looking at Bay Capital Mortgage Corporation and had a specific thought. Mortgage teams usually don’t need a giant AI strategy. They need the recurring borrower/admin work to stop eating the week.

What stood out: Bay Capital Mortgage Corporation mentions complex mortgage products/workflows like: umbo loans, reverse mortgages, refinances, first time homebuyer, non-qm loans, investment property loans, licensed in md, licensed in va, licensed in fl, licensed in

I’m testing a 7-day AIOS Quickstart where I install 3 approval-gated routines for mortgage teams. For Bay Capital Mortgage Corporation, I’d probably start with:

1. complex-file doc checklist
2. borrower doc follow-up drafts by loan type
3. daily pipeline brief

Everything stays approval-only — no AI auto-sending weird emails to borrowers. It drafts, summarizes, and queues the work so your team can move faster.

Worth sending over a quick version of what I’d install?

Ryan","Quick bump, Patrick D. — I can make this concrete for Bay Capital Mortgage Corporation.

I’d map 3 recurring workflows, install the approval-only drafts/briefs, and hand you a simple weekly operating rhythm. No giant dashboard, no auto-send.

Worth a quick look?"
23,116,"owner_or_founder | branch_manager | scaled_but_not_enterprise | revenue_can_pay | verified_email | linkedin_present | strong_mortgage_fit | doc_complex_products:investor,reverse,fha,va | broker_local_language",READY_FOR_LINKEDIN_AND_EMAIL,Chad,Prior,Chad Prior,Vice President/Branch Manager,manager,"Hancock Mortgage Partners, LLC","Hancock Mortgage Partners, LLC",cprior@hancockmortgage.com,REAL-TIME VERIFIED ON 26 May 26,https://www.linkedin.com/in/chadprior,Richmond,Texas,hancockmortgage.com,https://www.linkedin.com/company/hancock-mortgage-partners-llc,51-200,96,5000000-9999999,"fha loans, conventional loans, refinance loans, reverse mortgages, fixed rate mortgages, usda loan programs","Hancock Mortgage Partners, LLC was founded in Texas as an independent Mortgage Banker. We originate mortgage loans insured by the FHA, guaranteed by the VA and sold to Fannie Mae, Freddie Mac and other reputable private investors in the secondary market.

We are unwavering in our commitment to the highest levels of integrity and ethics, and in always doing what’s right for our customers. We have a wealth of experience in the mortgage banking industry, and we are committed to a lending process which allows us to focus on meeting the changing needs of our customers in a constantly changing real estate environment.

NMLS#: 229844","Hancock Mortgage Partners, LLC mentions complex mortgage products/workflows like: and sold to Fannie Mae, Freddie Mac and other reputable private investors in the secondary market. We are unwavering in our commitment to the highest levels of int",borrower doc follow-up drafts by loan type; daily pipeline brief; missing-doc follow-up drafts,"Hey Chad — quick specific idea.

I was looking at Hancock Mortgage Partners, LLC and noticed the mortgage workflow probably has a lot of borrower/doc follow-up hiding behind the scenes. Hancock Mortgage Partners, LLC mentions complex mortgage products/workflows like: and sold to Fannie Mae, Freddie Mac and other reputable private investors in the secondary market. We are unwavering in our commitment to the highest levels of int

I’m testing a 7-day AIOS Quickstart for mortgage teams: 3 approval-only AI routines like borrower doc follow-up drafts by loan type, daily pipeline brief, and missing-doc follow-up drafts.

No auto-sending. Just drafts, briefs, and follow-up queues your team approves.

Want me to send the 3 routines I’d set up for Hancock Mortgage Partners, LLC?","3 AI routines for Hancock Mortgage Partners, LLC","Hey Chad,

I was looking at Hancock Mortgage Partners, LLC and had a specific thought. Mortgage teams usually don’t need a giant AI strategy. They need the recurring borrower/admin work to stop eating the week.

What stood out: Hancock Mortgage Partners, LLC mentions complex mortgage products/workflows like: and sold to Fannie Mae, Freddie Mac and other reputable private investors in the secondary market. We are unwavering in our commitment to the highest levels of int

I’m testing a 7-day AIOS Quickstart where I install 3 approval-gated routines for mortgage teams. For Hancock Mortgage Partners, LLC, I’d probably start with:

1. borrower doc follow-up drafts by loan type
2. daily pipeline brief
3. missing-doc follow-up drafts

Everything stays approval-only — no AI auto-sending weird emails to borrowers. It drafts, summarizes, and queues the work so your team can move faster.

Worth sending over a quick version of what I’d install?

Ryan","Quick bump, Chad — I can make this concrete for Hancock Mortgage Partners, LLC.

I’d map 3 recurring workflows, install the approval-only drafts/briefs, and hand you a simple weekly operating rhythm. No giant dashboard, no auto-send.

Worth a quick look?"
24,116,"owner_or_founder | producer | small_team | smaller_revenue | verified_email | linkedin_present | strong_mortgage_fit | doc_complex_products:reverse,va | speed_service_language:fast,easy | broker_local_language",READY_FOR_LINKEDIN_AND_EMAIL,Shannon,Gray,Shannon Gray,Mortgage Broker/Owner,owner,LifeSource Mortgage,LifeSource Mortgage,shannon.gray@lifesourcemortgage.com,REAL-TIME VERIFIED ON 25 May 26,https://www.linkedin.com/in/shantgray,San Clemente,California,lifesourcemortgage.com,https://www.linkedin.com/company/lifesourcemortgage,2-10,3,100000-499999,"new purchase, refinance, pre-approval","Honest. Reliable. Passionate about your home.
Whether you're buying a home or refinancing your current loan, LifeSource Mortgage has the tools you need to make the right decision.","LifeSource Mortgage mentions complex mortgage products/workflows like: ks.Secure Your DreamsThe speedy purchase home loan, refinance, & reverse mortgage specialistsDont get overwhelmedHome Financing Can be Fast and EasyNew PurchaseWe of",borrower doc follow-up drafts by loan type; daily pipeline brief; missing-doc follow-up drafts,"Hey Shannon — quick specific idea.

I was looking at LifeSource Mortgage and noticed the mortgage workflow probably has a lot of borrower/doc follow-up hiding behind the scenes. LifeSource Mortgage mentions complex mortgage products/workflows like: ks.Secure Your DreamsThe speedy purchase home loan, refinance, & reverse mortgage specialistsDont get overwhelmedHome Financing Can be Fast and EasyNew PurchaseWe of

I’m testing a 7-day AIOS Quickstart for mortgage teams: 3 approval-only AI routines like borrower doc follow-up drafts by loan type, daily pipeline brief, and missing-doc follow-up drafts.

No auto-sending. Just drafts, briefs, and follow-up queues your team approves.

Want me to send the 3 routines I’d set up for LifeSource Mortgage?",3 AI routines for LifeSource Mortgage,"Hey Shannon,

I was looking at LifeSource Mortgage and had a specific thought. Mortgage teams usually don’t need a giant AI strategy. They need the recurring borrower/admin work to stop eating the week.

What stood out: LifeSource Mortgage mentions complex mortgage products/workflows like: ks.Secure Your DreamsThe speedy purchase home loan, refinance, & reverse mortgage specialistsDont get overwhelmedHome Financing Can be Fast and EasyNew PurchaseWe of

I’m testing a 7-day AIOS Quickstart where I install 3 approval-gated routines for mortgage teams. For LifeSource Mortgage, I’d probably start with:

1. borrower doc follow-up drafts by loan type
2. daily pipeline brief
3. missing-doc follow-up drafts

Everything stays approval-only — no AI auto-sending weird emails to borrowers. It drafts, summarizes, and queues the work so your team can move faster.

Worth sending over a quick version of what I’d install?

Ryan","Quick bump, Shannon — I can make this concrete for LifeSource Mortgage.

I’d map 3 recurring workflows, install the approval-only drafts/briefs, and hand you a simple weekly operating rhythm. No giant dashboard, no auto-send.

Worth a quick look?"
25,116,"owner_or_founder | producer | small_team | smaller_revenue | verified_email | linkedin_present | strong_mortgage_fit | doc_complex_products:commercial,va | speed_service_language:fast,smooth | broker_local_language",READY_FOR_LINKEDIN_AND_EMAIL,Myrielle,Lemoine,Myrielle Lemoine,Mortgage Broker / Owner,owner,"Fundelva, LLC","Fundelva, LLC",myrielle@fundelva.com,REAL-TIME VERIFIED ON 26 May 26,https://www.linkedin.com/in/myrielle-lemoine-b2357916,Lake Mary,Florida,fundelva.com,https://www.linkedin.com/company/fundelva-llc,2-10,2,100000-499999,residential lending + commercial lending + business funding.,"We elevate the funding experience! 

WE ARE RELIABLE.  We elevate the funding experience by ensuring that every milestone is done right. Our pre-approvals are meticulously done to give assurance to all stakeholders that full funding approval and timely closing are within reach.

WE ARE RESOURCEFUL.  Pursuing fast and smooth loan approval decisions for our clients is not where our commitment stops. Our clients can expect us to provide practical, industry-relevant guidance that goes well beyond funding.

WE ARE RELENTLESS.  Whether the funding need is to buy the dream home, to buyout a business partner, or to obtain capital to fund a multi-unit apartment complex, we do not stop proving to our lending partners that approving our client’s loan request is a good lending decision.

WE ARE AVAILABLE.  Do you need us now? This is when we are available, Early, late, nights and weekends — Count on Your Fundelva Team to be there for you!","Fundelva, LLC mentions complex mortgage products/workflows like: residential lending + commercial lending + business funding. We elevate the funding experience! WE ARE RELIABLE. We ele",borrower doc follow-up drafts by loan type; daily pipeline brief; missing-doc follow-up drafts,"Hey Myrielle — quick specific idea.

I was looking at Fundelva, LLC and noticed the mortgage workflow probably has a lot of borrower/doc follow-up hiding behind the scenes. Fundelva, LLC mentions complex mortgage products/workflows like: residential lending + commercial lending + business funding. We elevate the funding experience! WE ARE RELIABLE. We ele

I’m testing a 7-day AIOS Quickstart for mortgage teams: 3 approval-only AI routines like borrower doc follow-up drafts by loan type, daily pipeline brief, and missing-doc follow-up drafts.

No auto-sending. Just drafts, briefs, and follow-up queues your team approves.

Want me to send the 3 routines I’d set up for Fundelva, LLC?","3 AI routines for Fundelva, LLC","Hey Myrielle,

I was looking at Fundelva, LLC and had a specific thought. Mortgage teams usually don’t need a giant AI strategy. They need the recurring borrower/admin work to stop eating the week.

What stood out: Fundelva, LLC mentions complex mortgage products/workflows like: residential lending + commercial lending + business funding. We elevate the funding experience! WE ARE RELIABLE. We ele

I’m testing a 7-day AIOS Quickstart where I install 3 approval-gated routines for mortgage teams. For Fundelva, LLC, I’d probably start with:

1. borrower doc follow-up drafts by loan type
2. daily pipeline brief
3. missing-doc follow-up drafts

Everything stays approval-only — no AI auto-sending weird emails to borrowers. It drafts, summarizes, and queues the work so your team can move faster.

Worth sending over a quick version of what I’d install?

Ryan","Quick bump, Myrielle — I can make this concrete for Fundelva, LLC.

I’d map 3 recurring workflows, install the approval-only drafts/briefs, and hand you a simple weekly operating rhythm. No giant dashboard, no auto-send.

Worth a quick look?"
26,115,"owner_or_founder | producer | small_team | smaller_revenue | verified_email | linkedin_present | strong_mortgage_fit | doc_complex_products:jumbo,reverse,fha,va | broker_local_language",READY_FOR_LINKEDIN_AND_EMAIL,Michael (P.),DeSantis,Michael (P.) DeSantis,"President / Broker MA Mortgage Broker Company #MB22431,   NH Lic # 22358-MBR,  FL Lic # LO -58342",senior,"American Mortgage Resource, Inc.","American Mortgage Resource, Inc.",mdesantis@visitamr.com,REAL-TIME VERIFIED ON 26 May 26,https://www.linkedin.com/in/michaeldesantisbroker,Greater Boston,,visitamr.com,https://www.linkedin.com/company/american-mortgage-resource-inc-,2-10,7,100000-499999,"refinancing, first and second mortgages, purchases, reverse mortgages, jumbo, conventional, fha, usda, va, 80-10-10","American Mortgage Resource, Inc. is a small mortgage brokerage firm founded in 2007 with the passion to build and provide a world class mortgage service company. Our mission is to provide our client to obtain mortgages for purchase of a home or refinancing of their current home, with the best product designed to meet their needs.  Along with a large network of national banks, we conduct the highest level of service and offering exemplary integrity.  Our dedicated team of professionals focuses on the client’s loan from start to fresh this philosophy means we treat our clients as a partner in the process, keeping them well informed.

NMLS # 22431
Massachusetts Mortgage Broker Company #MB22431, 
NH Mortgage Broker Lic #22358- MBR
FL Mortgage Broker Lic # LO -58342
VA Mortgage Broker Lic# MLO-71243VA","American Mortgage Resource, Inc. mentions complex mortgage products/workflows like: ncing, first and second mortgages, purchases, reverse mortgages, jumbo, conventional, fha, usda, va, 80-10-10 American Mortgage Resource, Inc. is a small mortgage br",complex-file doc checklist; borrower doc follow-up drafts by loan type; daily pipeline brief,"Hey Michael (P.) — quick specific idea.

I was looking at American Mortgage Resource, Inc. and noticed the mortgage workflow probably has a lot of borrower/doc follow-up hiding behind the scenes. American Mortgage Resource, Inc. mentions complex mortgage products/workflows like: ncing, first and second mortgages, purchases, reverse mortgages, jumbo, conventional, fha, usda, va, 80-10-10 American Mortgage Resource, Inc. is a small mortgage br

I’m testing a 7-day AIOS Quickstart for mortgage teams: 3 approval-only AI routines like complex-file doc checklist, borrower doc follow-up drafts by loan type, and daily pipeline brief.

No auto-sending. Just drafts, briefs, and follow-up queues your team approves.

Want me to send the 3 routines I’d set up for American Mortgage Resource, Inc.?","3 AI routines for American Mortgage Resource, Inc.","Hey Michael (P.),

I was looking at American Mortgage Resource, Inc. and had a specific thought. Mortgage teams usually don’t need a giant AI strategy. They need the recurring borrower/admin work to stop eating the week.

What stood out: American Mortgage Resource, Inc. mentions complex mortgage products/workflows like: ncing, first and second mortgages, purchases, reverse mortgages, jumbo, conventional, fha, usda, va, 80-10-10 American Mortgage Resource, Inc. is a small mortgage br

I’m testing a 7-day AIOS Quickstart where I install 3 approval-gated routines for mortgage teams. For American Mortgage Resource, Inc., I’d probably start with:

1. complex-file doc checklist
2. borrower doc follow-up drafts by loan type
3. daily pipeline brief

Everything stays approval-only — no AI auto-sending weird emails to borrowers. It drafts, summarizes, and queues the work so your team can move faster.

Worth sending over a quick version of what I’d install?

Ryan","Quick bump, Michael (P.) — I can make this concrete for American Mortgage Resource, Inc..

I’d map 3 recurring workflows, install the approval-only drafts/briefs, and hand you a simple weekly operating rhythm. No giant dashboard, no auto-send.

Worth a quick look?"
27,115,"owner_or_founder | producer | small_team | smaller_revenue | verified_email | linkedin_present | strong_mortgage_fit | doc_complex_products:va | speed_service_language:fast,easy,customer service | broker_local_language",READY_FOR_LINKEDIN_AND_EMAIL,Andrew,Yanni,Andrew Yanni,Mortgage Broker | President,c_suite,"Fast Action Mortgage, Inc.","Fast Action Mortgage, Inc.",andrew@fastactionmortgage.com,REAL-TIME VERIFIED ON 26 May 26,https://www.linkedin.com/in/andrewyanni,Los Angeles Metropolitan Area,,fastactionmortgage.com,https://www.linkedin.com/company/fast-action-mortgage-inc,2-10,11,500000-999999,,"At Fast Action Mortgage, Inc., our mission is to set a high standard in the mortgage industry. We are committed to quality customer service - putting the people we serve first. Our goal is to carefully guide you through the home loan process, so that you can confidently select the best mortgage for you and your family from the many mortgage options that are available today. After you select the loan that is best for you, we will work continuously on your behalf to help you achieve your dream of home ownership.

At Fast Action Mortgage, Inc. we strive to make you a client for life. We want to be your first choice each and every time you need a home loan. We always try to go above and beyond for you so that you will always feel confident referring your family and friends to us for their mortgage financing needs.","Fast Action Mortgage, Inc. mentions complex mortgage products/workflows like: for you and your family from the many mortgage options that are available today. After you select the loan that is best for you, we will work continuously on your be",borrower doc follow-up drafts by loan type; daily pipeline brief; missing-doc follow-up drafts,"Hey Andrew — quick specific idea.

I was looking at Fast Action Mortgage, Inc. and noticed the mortgage workflow probably has a lot of borrower/doc follow-up hiding behind the scenes. Fast Action Mortgage, Inc. mentions complex mortgage products/workflows like: for you and your family from the many mortgage options that are available today. After you select the loan that is best for you, we will work continuously on your be

I’m testing a 7-day AIOS Quickstart for mortgage teams: 3 approval-only AI routines like borrower doc follow-up drafts by loan type, daily pipeline brief, and missing-doc follow-up drafts.

No auto-sending. Just drafts, briefs, and follow-up queues your team approves.

Want me to send the 3 routines I’d set up for Fast Action Mortgage, Inc.?","3 AI routines for Fast Action Mortgage, Inc.","Hey Andrew,

I was looking at Fast Action Mortgage, Inc. and had a specific thought. Mortgage teams usually don’t need a giant AI strategy. They need the recurring borrower/admin work to stop eating the week.

What stood out: Fast Action Mortgage, Inc. mentions complex mortgage products/workflows like: for you and your family from the many mortgage options that are available today. After you select the loan that is best for you, we will work continuously on your be

I’m testing a 7-day AIOS Quickstart where I install 3 approval-gated routines for mortgage teams. For Fast Action Mortgage, Inc., I’d probably start with:

1. borrower doc follow-up drafts by loan type
2. daily pipeline brief
3. missing-doc follow-up drafts

Everything stays approval-only — no AI auto-sending weird emails to borrowers. It drafts, summarizes, and queues the work so your team can move faster.

Worth sending over a quick version of what I’d install?

Ryan","Quick bump, Andrew — I can make this concrete for Fast Action Mortgage, Inc..

I’d map 3 recurring workflows, install the approval-only drafts/briefs, and hand you a simple weekly operating rhythm. No giant dashboard, no auto-send.

Worth a quick look?"
28,115,"owner_or_founder | producer | small_team | smaller_revenue | verified_email | linkedin_present | strong_mortgage_fit | doc_complex_products:va | speed_service_language:technology,tech,easy | broker_local_language",READY_FOR_LINKEDIN_AND_EMAIL,Steve,Tsvetkov,Steve Tsvetkov,President / Mortgage Broker,c_suite,AUE Lending,AUE Lending,steve@auelending.com,REAL-TIME VERIFIED ON 25 May 26,https://www.linkedin.com/in/stevetsvetkov,San Francisco,California,auelending.com,https://www.linkedin.com/company/aue-lending,2-10,5,100000-499999,,"We guarantee easy and hassle-free access to financial services for everyone while saving money, time, and effort. 

We lead and develop the new way of mortgage brokerage with innovative technology and a professional network.",AUE Lending mentions complex mortgage products/workflows like: We lead and develop the new way of mortgage brokerage with innovative technology and a professional network.,borrower doc follow-up drafts by loan type; daily pipeline brief; missing-doc follow-up drafts,"Hey Steve — quick specific idea.

I was looking at AUE Lending and noticed the mortgage workflow probably has a lot of borrower/doc follow-up hiding behind the scenes. AUE Lending mentions complex mortgage products/workflows like: We lead and develop the new way of mortgage brokerage with innovative technology and a professional network.

I’m testing a 7-day AIOS Quickstart for mortgage teams: 3 approval-only AI routines like borrower doc follow-up drafts by loan type, daily pipeline brief, and missing-doc follow-up drafts.

No auto-sending. Just drafts, briefs, and follow-up queues your team approves.

Want me to send the 3 routines I’d set up for AUE Lending?",3 AI routines for AUE Lending,"Hey Steve,

I was looking at AUE Lending and had a specific thought. Mortgage teams usually don’t need a giant AI strategy. They need the recurring borrower/admin work to stop eating the week.

What stood out: AUE Lending mentions complex mortgage products/workflows like: We lead and develop the new way of mortgage brokerage with innovative technology and a professional network.

I’m testing a 7-day AIOS Quickstart where I install 3 approval-gated routines for mortgage teams. For AUE Lending, I’d probably start with:

1. borrower doc follow-up drafts by loan type
2. daily pipeline brief
3. missing-doc follow-up drafts

Everything stays approval-only — no AI auto-sending weird emails to borrowers. It drafts, summarizes, and queues the work so your team can move faster.

Worth sending over a quick version of what I’d install?

Ryan","Quick bump, Steve — I can make this concrete for AUE Lending.

I’d map 3 recurring workflows, install the approval-only drafts/briefs, and hand you a simple weekly operating rhythm. No giant dashboard, no auto-send.

Worth a quick look?"
29,115,"owner_or_founder | branch_manager | small_team | smaller_revenue | verified_email | linkedin_present | strong_mortgage_fit | doc_complex_products:fha,va | broker_local_language",READY_FOR_LINKEDIN_AND_EMAIL,Phil,Russo,Phil Russo,Branch manager/owner,manager,H&R Funding LLC,H&R Funding LLC,prusso@hrfundingllc.com,REAL-TIME VERIFIED ON 26 May 26,https://www.linkedin.com/in/phil-russo-a278839,Florham Park,New Jersey,hrfundingllc.com,https://www.linkedin.com/company/h&r-funding-llc,11-50,14,500000-999999,"fannie mae/freddie mac, fha/va, refinance, purchase","H&R Funding, LLC  has a history of providing consistent and dependable service. We are pleased to offer customized, trusted solutions to meet your home buying needs, no matter what the existing market conditions. 
Our qualified, experienced Certified Mortgage Planners are specially trained professionals who will use their experience to best meet your specific needs. Whether you are buying, building, or refinancing, we have a solution for you.Licensed Mortgage Broker. Licensed by New Jersey Department of banking and insurance and PA Department of banking and securities. NMLS 287924. Licensee will not make any mortgage loan commitments or fund any mortgage loans and arranges loans with third-party providers.","H&R Funding LLC mentions complex mortgage products/workflows like: fannie mae/freddie mac, fha/va, refinance, purchase H&R Funding, LLC has a history of providing consistent and dependable s",borrower doc follow-up drafts by loan type; daily pipeline brief; missing-doc follow-up drafts,"Hey Phil — quick specific idea.

I was looking at H&R Funding LLC and noticed the mortgage workflow probably has a lot of borrower/doc follow-up hiding behind the scenes. H&R Funding LLC mentions complex mortgage products/workflows like: fannie mae/freddie mac, fha/va, refinance, purchase H&R Funding, LLC has a history of providing consistent and dependable s

I’m testing a 7-day AIOS Quickstart for mortgage teams: 3 approval-only AI routines like borrower doc follow-up drafts by loan type, daily pipeline brief, and missing-doc follow-up drafts.

No auto-sending. Just drafts, briefs, and follow-up queues your team approves.

Want me to send the 3 routines I’d set up for H&R Funding LLC?",3 AI routines for H&R Funding LLC,"Hey Phil,

I was looking at H&R Funding LLC and had a specific thought. Mortgage teams usually don’t need a giant AI strategy. They need the recurring borrower/admin work to stop eating the week.

What stood out: H&R Funding LLC mentions complex mortgage products/workflows like: fannie mae/freddie mac, fha/va, refinance, purchase H&R Funding, LLC has a history of providing consistent and dependable s

I’m testing a 7-day AIOS Quickstart where I install 3 approval-gated routines for mortgage teams. For H&R Funding LLC, I’d probably start with:

1. borrower doc follow-up drafts by loan type
2. daily pipeline brief
3. missing-doc follow-up drafts

Everything stays approval-only — no AI auto-sending weird emails to borrowers. It drafts, summarizes, and queues the work so your team can move faster.

Worth sending over a quick version of what I’d install?

Ryan","Quick bump, Phil — I can make this concrete for H&R Funding LLC.

I’d map 3 recurring workflows, install the approval-only drafts/briefs, and hand you a simple weekly operating rhythm. No giant dashboard, no auto-send.

Worth a quick look?"
30,115,"owner_or_founder | producer | small_team | smaller_revenue | verified_email | linkedin_present | strong_mortgage_fit | doc_complex_products:non qm,construction,bank statement,fha | broker_local_language",READY_FOR_LINKEDIN_AND_EMAIL,Jodi,White,Jodi White,Owner / Sr Loan Officer nmls 89759,owner,Belay Mortgage Group NMLS 1737549,Belay Mortgage Group NMLS 1737549,jodi@belaymortgage.com,REAL-TIME VERIFIED ON 26 May 26,https://www.linkedin.com/in/jodi-white-3b548713,Vancouver,Washington,belaymortgage.com,https://www.linkedin.com/company/belaymortgage,2-10,4,100000-499999,"conventional home loans, construction financing, va, fha, usda, bank statement lending, non qm loans","Belay Mortgage Group is a boutique local mortgage broker licensed in Washington, Oregon and California.  We have options to finance with conventional (QM and non QM loans), construction, VA, FHA, USDA. We are a full service brokerage.  NMLS Consumer Access: https://bit.ly/3AkigJs

Licensed under:  Oregon Mortgage Lending License ML-5695; Washington Mortgage Broker's Practices Act MB-1737549 and California Finance Lenders Law 60DBO 85029","Belay Mortgage Group NMLS 1737549 mentions complex mortgage products/workflows like: , construction financing, va, fha, usda, bank statement lending, non qm loans Belay Mortgage Group is a boutique local mortgage broker licensed in Washington, Oregon",complex-file doc checklist; construction/renovation loan condition tracker; borrower doc follow-up drafts by loan type,"Hey Jodi — quick specific idea.

I was looking at Belay Mortgage Group NMLS 1737549 and noticed the mortgage workflow probably has a lot of borrower/doc follow-up hiding behind the scenes. Belay Mortgage Group NMLS 1737549 mentions complex mortgage products/workflows like: , construction financing, va, fha, usda, bank statement lending, non qm loans Belay Mortgage Group is a boutique local mortgage broker licensed in Washington, Oregon

I’m testing a 7-day AIOS Quickstart for mortgage teams: 3 approval-only AI routines like complex-file doc checklist, construction/renovation loan condition tracker, and borrower doc follow-up drafts by loan type.

No auto-sending. Just drafts, briefs, and follow-up queues your team approves.

Want me to send the 3 routines I’d set up for Belay Mortgage Group NMLS 1737549?",3 AI routines for Belay Mortgage Group NMLS 1737549,"Hey Jodi,

I was looking at Belay Mortgage Group NMLS 1737549 and had a specific thought. Mortgage teams usually don’t need a giant AI strategy. They need the recurring borrower/admin work to stop eating the week.

What stood out: Belay Mortgage Group NMLS 1737549 mentions complex mortgage products/workflows like: , construction financing, va, fha, usda, bank statement lending, non qm loans Belay Mortgage Group is a boutique local mortgage broker licensed in Washington, Oregon

I’m testing a 7-day AIOS Quickstart where I install 3 approval-gated routines for mortgage teams. For Belay Mortgage Group NMLS 1737549, I’d probably start with:

1. complex-file doc checklist
2. construction/renovation loan condition tracker
3. borrower doc follow-up drafts by loan type

Everything stays approval-only — no AI auto-sending weird emails to borrowers. It drafts, summarizes, and queues the work so your team can move faster.

Worth sending over a quick version of what I’d install?

Ryan","Quick bump, Jodi — I can make this concrete for Belay Mortgage Group NMLS 1737549.

I’d map 3 recurring workflows, install the approval-only drafts/briefs, and hand you a simple weekly operating rhythm. No giant dashboard, no auto-send.

Worth a quick look?"
31,115,"owner_or_founder | producer | small_team | smaller_revenue | verified_email | linkedin_present | strong_mortgage_fit | doc_complex_products:va | speed_service_language:fast,communication,seamless | broker_local_language",READY_FOR_LINKEDIN_AND_EMAIL,Lonnie,Knob,Lonnie Knob,Owner/Senior Mortgage Broker,senior,Monarch Mortgage Group,Monarch Mortgage Group,lonnie@monarchmortgageloans.com,REAL-TIME VERIFIED ON 26 May 26,https://www.linkedin.com/in/lonnie-knob-99baa96a,Grand Junction,Colorado,monarchmortgageloans.com,https://www.linkedin.com/company/monarch-mortgage-group,2-10,2,100000-499999,,"Monarch Mortgage Group is a team of professionals committed to helping you reach your homeownership and financial goals through strategic planning, personalized support, and dedicated service while offering you the best rates and products at the lowest cost. Brokering mortgage loans is all we do. We have extensive resources to avoid overlays that banks employ to make qualifying for your loan easier and faster. As your full-service mortgage broker, Monarch Mortgage Group shops over 100 different lenders to ensure you obtain a loan tailored to your unique needs. We provide a seamless process from origination through closing to deliver timeliness, strong
communication, and consistency.

Pledge To Our Customers:
We commit to:
● Provide expert advice that is customized to you
● Earn and preserve your trust
● Communicate with you every step of the way
● Develop a lasting relationship as a valued member of your financial team
● Help you attain your ideal home
● Provide consultation and an ongoing review of your mortgage strategy
● Close on time
● Provide competitive interest rates and fees
● Become your lifelong financial partner

Pledge To Our Partners:
Solid partnerships are the foundation of our success. With over 20 years of experience providing lending services, we believe that collaborating with our partners benefits our clients and helps everyone reach their goals. Monarch Mortgage Group is committed to assisting Realtors and partners so they can achieve their professional goals.",Monarch Mortgage Group mentions complex mortgage products/workflows like: you every step of the way ● Develop a lasting relationship as a valued member of your financial team ● Help you attain your ideal home ● Provide consultation and an,borrower doc follow-up drafts by loan type; daily pipeline brief; missing-doc follow-up drafts,"Hey Lonnie — quick specific idea.

I was looking at Monarch Mortgage Group and noticed the mortgage workflow probably has a lot of borrower/doc follow-up hiding behind the scenes. Monarch Mortgage Group mentions complex mortgage products/workflows like: you every step of the way ● Develop a lasting relationship as a valued member of your financial team ● Help you attain your ideal home ● Provide consultation and an

I’m testing a 7-day AIOS Quickstart for mortgage teams: 3 approval-only AI routines like borrower doc follow-up drafts by loan type, daily pipeline brief, and missing-doc follow-up drafts.

No auto-sending. Just drafts, briefs, and follow-up queues your team approves.

Want me to send the 3 routines I’d set up for Monarch Mortgage Group?",3 AI routines for Monarch Mortgage Group,"Hey Lonnie,

I was looking at Monarch Mortgage Group and had a specific thought. Mortgage teams usually don’t need a giant AI strategy. They need the recurring borrower/admin work to stop eating the week.

What stood out: Monarch Mortgage Group mentions complex mortgage products/workflows like: you every step of the way ● Develop a lasting relationship as a valued member of your financial team ● Help you attain your ideal home ● Provide consultation and an

I’m testing a 7-day AIOS Quickstart where I install 3 approval-gated routines for mortgage teams. For Monarch Mortgage Group, I’d probably start with:

1. borrower doc follow-up drafts by loan type
2. daily pipeline brief
3. missing-doc follow-up drafts

Everything stays approval-only — no AI auto-sending weird emails to borrowers. It drafts, summarizes, and queues the work so your team can move faster.

Worth sending over a quick version of what I’d install?

Ryan","Quick bump, Lonnie — I can make this concrete for Monarch Mortgage Group.

I’d map 3 recurring workflows, install the approval-only drafts/briefs, and hand you a simple weekly operating rhythm. No giant dashboard, no auto-send.

Worth a quick look?"
32,115,"owner_or_founder | producer | small_team | smaller_revenue | verified_email | linkedin_present | strong_mortgage_fit | doc_complex_products:jumbo,hard money,bank statement,fha | broker_local_language",READY_FOR_LINKEDIN_AND_EMAIL,Drew,LaBarbera,Drew LaBarbera,"President, Mortgage Broker, Loan officer",senior,Planwealth Financial Services,Planwealth Financial Services,drew@planwealth.net,REAL-TIME VERIFIED ON 26 May 26,https://www.linkedin.com/in/drewlabarbera,Mckinney,Texas,planwealth.net,https://www.linkedin.com/company/planwealth-financial-services,2-10,7,100000-499999,,"Planwealth Financial Services is a (5) STAR rated Zillow lender that offers conforming, jumbo, FHA, VA, hard money, bank statement, and USDA loans.  In addition, we guarantee to every client to provide the lowest rate and terms that they can find in the industry.  Feel free to forward your current mortgage rate quote to drew@planwealth.net for a competitive analysis.   We will improve upon your current offer each time so you benefit.  

Drew LaBarbera NMLS 260569
Planwealth Financial Services NMLS 353502","Planwealth Financial Services mentions complex mortgage products/workflows like: rvices is a (5) STAR rated Zillow lender that offers conforming, jumbo, FHA, VA, hard money, bank statement, and USDA loans. In addition, we guarantee to every clie",complex-file doc checklist; borrower doc follow-up drafts by loan type; daily pipeline brief,"Hey Drew — quick specific idea.

I was looking at Planwealth Financial Services and noticed the mortgage workflow probably has a lot of borrower/doc follow-up hiding behind the scenes. Planwealth Financial Services mentions complex mortgage products/workflows like: rvices is a (5) STAR rated Zillow lender that offers conforming, jumbo, FHA, VA, hard money, bank statement, and USDA loans. In addition, we guarantee to every clie

I’m testing a 7-day AIOS Quickstart for mortgage teams: 3 approval-only AI routines like complex-file doc checklist, borrower doc follow-up drafts by loan type, and daily pipeline brief.

No auto-sending. Just drafts, briefs, and follow-up queues your team approves.

Want me to send the 3 routines I’d set up for Planwealth Financial Services?",3 AI routines for Planwealth Financial Services,"Hey Drew,

I was looking at Planwealth Financial Services and had a specific thought. Mortgage teams usually don’t need a giant AI strategy. They need the recurring borrower/admin work to stop eating the week.

What stood out: Planwealth Financial Services mentions complex mortgage products/workflows like: rvices is a (5) STAR rated Zillow lender that offers conforming, jumbo, FHA, VA, hard money, bank statement, and USDA loans. In addition, we guarantee to every clie

I’m testing a 7-day AIOS Quickstart where I install 3 approval-gated routines for mortgage teams. For Planwealth Financial Services, I’d probably start with:

1. complex-file doc checklist
2. borrower doc follow-up drafts by loan type
3. daily pipeline brief

Everything stays approval-only — no AI auto-sending weird emails to borrowers. It drafts, summarizes, and queues the work so your team can move faster.

Worth sending over a quick version of what I’d install?

Ryan","Quick bump, Drew — I can make this concrete for Planwealth Financial Services.

I’d map 3 recurring workflows, install the approval-only drafts/briefs, and hand you a simple weekly operating rhythm. No giant dashboard, no auto-send.

Worth a quick look?"
33,115,"owner_or_founder | producer | small_team | smaller_revenue | verified_email | linkedin_present | strong_mortgage_fit | doc_complex_products:non-qm,jumbo,construction,commercial | broker_local_language",READY_FOR_LINKEDIN_AND_EMAIL,Chris,Furie,Chris Furie,Mortgage Broker & Co-Founder,founder,Insignia Mortgage,Insignia Mortgage,chris@insigniamortgage.com,REAL-TIME VERIFIED ON 26 May 26,https://www.linkedin.com/in/chris-furie-8aa721a7,Beverly Hills,California,insigniamortgage.com,https://www.linkedin.com/company/insignia-mortgage,11-50,12,500000-999999,"no tax return loans, foreign national program, conforming and jumbo loans, zero point mortgages, construction and land loans, apartment and commercial loans, non-qm loans","At Insignia Mortgage, we understand that what works for one client does not always work for everyone. Especially when your financial picture doesn’t adhere to the strict model that many conforming lenders demand.

Even under the most complex circumstances, our team of loan experts can quickly navigate through the process to deliver the most highly competitive loan solutions. We’ve successfully closed some of the largest and most complex transactions in the country for high net-worth clients, many of whom are self-employed and have significant assets but fluctuating incomes; and, for foreign nationals who receive income outside of the United States, or are buying in the United States for the first time.","Insignia Mortgage mentions complex mortgage products/workflows like: es, construction and land loans, apartment and commercial loans, non-qm loans At Insignia Mortgage, we understand that what works for one client does not always work",complex-file doc checklist; construction/renovation loan condition tracker; daily pipeline brief,"Hey Chris — quick specific idea.

I was looking at Insignia Mortgage and noticed the mortgage workflow probably has a lot of borrower/doc follow-up hiding behind the scenes. Insignia Mortgage mentions complex mortgage products/workflows like: es, construction and land loans, apartment and commercial loans, non-qm loans At Insignia Mortgage, we understand that what works for one client does not always work

I’m testing a 7-day AIOS Quickstart for mortgage teams: 3 approval-only AI routines like complex-file doc checklist, construction/renovation loan condition tracker, and daily pipeline brief.

No auto-sending. Just drafts, briefs, and follow-up queues your team approves.

Want me to send the 3 routines I’d set up for Insignia Mortgage?",3 AI routines for Insignia Mortgage,"Hey Chris,

I was looking at Insignia Mortgage and had a specific thought. Mortgage teams usually don’t need a giant AI strategy. They need the recurring borrower/admin work to stop eating the week.

What stood out: Insignia Mortgage mentions complex mortgage products/workflows like: es, construction and land loans, apartment and commercial loans, non-qm loans At Insignia Mortgage, we understand that what works for one client does not always work

I’m testing a 7-day AIOS Quickstart where I install 3 approval-gated routines for mortgage teams. For Insignia Mortgage, I’d probably start with:

1. complex-file doc checklist
2. construction/renovation loan condition tracker
3. daily pipeline brief

Everything stays approval-only — no AI auto-sending weird emails to borrowers. It drafts, summarizes, and queues the work so your team can move faster.

Worth sending over a quick version of what I’d install?

Ryan","Quick bump, Chris — I can make this concrete for Insignia Mortgage.

I’d map 3 recurring workflows, install the approval-only drafts/briefs, and hand you a simple weekly operating rhythm. No giant dashboard, no auto-send.

Worth a quick look?"
34,114,"owner_or_founder | producer | small_team | verified_email | linkedin_present | strong_mortgage_fit | doc_complex_products:non-qm,heloc,fha,va | speed_service_language:fast,turn times,communication,streamlined | broker_local_language",READY_FOR_LINKEDIN_AND_EMAIL,Dane,K.,Dane K.,Owner / Independent Mortgage Broker,founder,Outshine Home Loans,Outshine Home Loans,dane@outshinehomeloans.com,REAL-TIME VERIFIED ON 25 May 26,https://www.linkedin.com/in/danekaplan,Overland Park,Kansas,outshinehomeloans.com,https://www.linkedin.com/company/outshine-home-loans,2-10,1,0-99999,"home loans, mortgage, lending, conventional, va, fha, non-qm, fastest turn times and communication, technology focused, customer service, home purchase, refinance, heloc","Our goal is to become your life-long local trusted partner. We believe that, while no sane person gets excited about a loan, at the very least we can make it as easy and pain-free as possible. Our streamlined and efficient business model will save you serious money and time so you can focus on what's most important in your life. NMLS 2371210","Outshine Home Loans mentions complex mortgage products/workflows like: home loans, mortgage, lending, conventional, va, fha, non-qm, fastest turn times and communication, technology focused, customer service, home purchase, r",complex-file doc checklist; borrower doc follow-up drafts by loan type; daily pipeline brief,"Hey Dane — quick specific idea.

I was looking at Outshine Home Loans and noticed the mortgage workflow probably has a lot of borrower/doc follow-up hiding behind the scenes. Outshine Home Loans mentions complex mortgage products/workflows like: home loans, mortgage, lending, conventional, va, fha, non-qm, fastest turn times and communication, technology focused, customer service, home purchase, r

I’m testing a 7-day AIOS Quickstart for mortgage teams: 3 approval-only AI routines like complex-file doc checklist, borrower doc follow-up drafts by loan type, and daily pipeline brief.

No auto-sending. Just drafts, briefs, and follow-up queues your team approves.

Want me to send the 3 routines I’d set up for Outshine Home Loans?",3 AI routines for Outshine Home Loans,"Hey Dane,

I was looking at Outshine Home Loans and had a specific thought. Mortgage teams usually don’t need a giant AI strategy. They need the recurring borrower/admin work to stop eating the week.

What stood out: Outshine Home Loans mentions complex mortgage products/workflows like: home loans, mortgage, lending, conventional, va, fha, non-qm, fastest turn times and communication, technology focused, customer service, home purchase, r

I’m testing a 7-day AIOS Quickstart where I install 3 approval-gated routines for mortgage teams. For Outshine Home Loans, I’d probably start with:

1. complex-file doc checklist
2. borrower doc follow-up drafts by loan type
3. daily pipeline brief

Everything stays approval-only — no AI auto-sending weird emails to borrowers. It drafts, summarizes, and queues the work so your team can move faster.

Worth sending over a quick version of what I’d install?

Ryan","Quick bump, Dane — I can make this concrete for Outshine Home Loans.

I’d map 3 recurring workflows, install the approval-only drafts/briefs, and hand you a simple weekly operating rhythm. No giant dashboard, no auto-send.

Worth a quick look?"
35,114,"owner_or_founder | producer | small_team | smaller_revenue | verified_email | linkedin_present | strong_mortgage_fit | doc_complex_products:reverse,va | speed_service_language:smooth | broker_local_language",READY_FOR_LINKEDIN_AND_EMAIL,Chris,Kobz,Chris Kobz,Founder & Mortgage Broker,founder,HappyDog,HappyDog,chris@happydog.com,REAL-TIME VERIFIED ON 26 May 26,https://www.linkedin.com/in/chris-kobz-72b3303,,,http://www.happydog.com,https://www.linkedin.com/company/happydoghomeloans,11-50,7,100000-499999,"home loans, refinance, purchase, reverse, mortgages","HappyDog is a different kind of mortgage company, built on the belief that home financing doesn't have to be complicated, slow, or stressful. We pair honest advice with competitive rates to make homeownership feel less like paperwork and more like possibility.

By cutting out the middlemen and empowering our team with choice, speed, and transparency, we deliver more value and a smoother experience for every client. Whether you're buying your first home, refinancing, or growing a real estate portfolio, we're with you at every step.

Loyalty. Clarity. Great service. That's how we do mortgages.","HappyDog mentions complex mortgage products/workflows like: home loans, refinance, purchase, reverse, mortgages HappyDog is a different kind of mortgage company, built on the belief that home f",borrower doc follow-up drafts by loan type; daily pipeline brief; missing-doc follow-up drafts,"Hey Chris — quick specific idea.

I was looking at HappyDog and noticed the mortgage workflow probably has a lot of borrower/doc follow-up hiding behind the scenes. HappyDog mentions complex mortgage products/workflows like: home loans, refinance, purchase, reverse, mortgages HappyDog is a different kind of mortgage company, built on the belief that home f

I’m testing a 7-day AIOS Quickstart for mortgage teams: 3 approval-only AI routines like borrower doc follow-up drafts by loan type, daily pipeline brief, and missing-doc follow-up drafts.

No auto-sending. Just drafts, briefs, and follow-up queues your team approves.

Want me to send the 3 routines I’d set up for HappyDog?",3 AI routines for HappyDog,"Hey Chris,

I was looking at HappyDog and had a specific thought. Mortgage teams usually don’t need a giant AI strategy. They need the recurring borrower/admin work to stop eating the week.

What stood out: HappyDog mentions complex mortgage products/workflows like: home loans, refinance, purchase, reverse, mortgages HappyDog is a different kind of mortgage company, built on the belief that home f

I’m testing a 7-day AIOS Quickstart where I install 3 approval-gated routines for mortgage teams. For HappyDog, I’d probably start with:

1. borrower doc follow-up drafts by loan type
2. daily pipeline brief
3. missing-doc follow-up drafts

Everything stays approval-only — no AI auto-sending weird emails to borrowers. It drafts, summarizes, and queues the work so your team can move faster.

Worth sending over a quick version of what I’d install?

Ryan","Quick bump, Chris — I can make this concrete for HappyDog.

I’d map 3 recurring workflows, install the approval-only drafts/briefs, and hand you a simple weekly operating rhythm. No giant dashboard, no auto-send.

Worth a quick look?"
36,114,"owner_or_founder | producer | small_team | smaller_revenue | verified_email | linkedin_present | strong_mortgage_fit | doc_complex_products:non qm,hard money,fha,va | broker_local_language",READY_FOR_LINKEDIN_AND_EMAIL,Dana,Scott,Dana Scott,Company Owner/ Loan officer,owner,Trust Mortgage NLMS 2614489,Trust Mortgage NLMS 2614489,dana.scott@trustmortgagepa.com,REAL-TIME VERIFIED ON 26 May 26,https://www.linkedin.com/in/dana-scott-381b741,Lake Ariel,Pennsylvania,trustmortgagepa.com,https://www.linkedin.com/company/trust-mortgage,2-10,12,500000-999999,,"Mortgage broker in Lake Ariel, PA.  NMLS 2614489. Specialize in conventional, FHA, VA, Non QM, hard money.","Trust Mortgage NLMS 2614489 mentions complex mortgage products/workflows like: e Ariel, PA. NMLS 2614489. Specialize in conventional, FHA, VA, Non QM, hard money. We are Mortgage and Home Loan Experts and we offer Purchase, Refinance and Cash-",complex-file doc checklist; borrower doc follow-up drafts by loan type; daily pipeline brief,"Hey Dana — quick specific idea.

I was looking at Trust Mortgage NLMS 2614489 and noticed the mortgage workflow probably has a lot of borrower/doc follow-up hiding behind the scenes. Trust Mortgage NLMS 2614489 mentions complex mortgage products/workflows like: e Ariel, PA. NMLS 2614489. Specialize in conventional, FHA, VA, Non QM, hard money. We are Mortgage and Home Loan Experts and we offer Purchase, Refinance and Cash-

I’m testing a 7-day AIOS Quickstart for mortgage teams: 3 approval-only AI routines like complex-file doc checklist, borrower doc follow-up drafts by loan type, and daily pipeline brief.

No auto-sending. Just drafts, briefs, and follow-up queues your team approves.

Want me to send the 3 routines I’d set up for Trust Mortgage NLMS 2614489?",3 AI routines for Trust Mortgage NLMS 2614489,"Hey Dana,

I was looking at Trust Mortgage NLMS 2614489 and had a specific thought. Mortgage teams usually don’t need a giant AI strategy. They need the recurring borrower/admin work to stop eating the week.

What stood out: Trust Mortgage NLMS 2614489 mentions complex mortgage products/workflows like: e Ariel, PA. NMLS 2614489. Specialize in conventional, FHA, VA, Non QM, hard money. We are Mortgage and Home Loan Experts and we offer Purchase, Refinance and Cash-

I’m testing a 7-day AIOS Quickstart where I install 3 approval-gated routines for mortgage teams. For Trust Mortgage NLMS 2614489, I’d probably start with:

1. complex-file doc checklist
2. borrower doc follow-up drafts by loan type
3. daily pipeline brief

Everything stays approval-only — no AI auto-sending weird emails to borrowers. It drafts, summarizes, and queues the work so your team can move faster.

Worth sending over a quick version of what I’d install?

Ryan","Quick bump, Dana — I can make this concrete for Trust Mortgage NLMS 2614489.

I’d map 3 recurring workflows, install the approval-only drafts/briefs, and hand you a simple weekly operating rhythm. No giant dashboard, no auto-send.

Worth a quick look?"
37,114,"owner_or_founder | small_team | revenue_can_pay | verified_email | linkedin_present | strong_mortgage_fit | doc_complex_products:jumbo,construction,investment,fha | speed_service_language:communication,easy,customer service",READY_FOR_LINKEDIN_AND_EMAIL,Suzanne,Smith,Suzanne Smith,President/Owner/Mortgage Banker NMLS #192813,owner,"HNB Mortgage, NMLS #205935","HNB Mortgage, NMLS #205935",suzanne@hnbmortgage.com,REAL-TIME VERIFIED ON 26 May 26,https://www.linkedin.com/in/suzanne-smith-921b6810,Midland,Texas,hnbmortgage.com,https://www.linkedin.com/company/hnb-mortgage,11-50,26,1000000-4999999,"mortgage loan, home loan, home purchase, fha loans, usda loans, va loans, veteran home loans, refinance, cash out equity refinance, new construction home loans, second homes, investment properties, texas, new mexico loans","Our #1 priority is to provide superior customer service and complete customer satisfaction with the highest level of integrity and professionalism. As a customer of HNB MORTGAGE, you will have an open line of communications with our Loan Specialist Teams. All loan functions of the loan process are managed in our local branches. 

We offer the best mortgage tools available on the Internet - easy, convenient, online application and prequalification, together with the assistance of an experienced live mortgage consultant to guide you through the often difficult and confusing process of choosing and getting the exact loan to meet your specific needs.

Equal Housing Lender and Equal Employment Opportunity Employer.
https://hnbmortgage.com/legal/texas-recovery-fund-notice/

NMLS# 226999
2101 W. Wadley, Suite 36, Midland, TX 79705
tel: 432.683.0081
fax: 432.687.2612
info@hnbmortgage.com

NMLS # 226552
706 S Main St, Big Spring, TX 79720
tel: 432.263.6312
fax: 432.263.6314
info@hnbmortgage.com

NMLS# 365142
512-B US Hwy 281, Marble Falls, TX 78654
tel: 830.693.3373
fax: 830.693.6038
info@hnbmortgage.com","HNB Mortgage, NMLS #205935 mentions complex mortgage products/workflows like: eDream HomeWell make it a realityBUY A HOMETexas Sized Home LoansJumbo loans for jumbo dreamsBUY A HOMEVacation Home ExpertsGetaway home loans made simpleBUY A HOMEV",complex-file doc checklist; construction/renovation loan condition tracker; borrower doc follow-up drafts by loan type,"Hey Suzanne — quick specific idea.

I was looking at HNB Mortgage, NMLS #205935 and noticed the mortgage workflow probably has a lot of borrower/doc follow-up hiding behind the scenes. HNB Mortgage, NMLS #205935 mentions complex mortgage products/workflows like: eDream HomeWell make it a realityBUY A HOMETexas Sized Home LoansJumbo loans for jumbo dreamsBUY A HOMEVacation Home ExpertsGetaway home loans made simpleBUY A HOMEV

I’m testing a 7-day AIOS Quickstart for mortgage teams: 3 approval-only AI routines like complex-file doc checklist, construction/renovation loan condition tracker, and borrower doc follow-up drafts by loan type.

No auto-sending. Just drafts, briefs, and follow-up queues your team approves.

Want me to send the 3 routines I’d set up for HNB Mortgage, NMLS #205935?","3 AI routines for HNB Mortgage, NMLS #205935","Hey Suzanne,

I was looking at HNB Mortgage, NMLS #205935 and had a specific thought. Mortgage teams usually don’t need a giant AI strategy. They need the recurring borrower/admin work to stop eating the week.

What stood out: HNB Mortgage, NMLS #205935 mentions complex mortgage products/workflows like: eDream HomeWell make it a realityBUY A HOMETexas Sized Home LoansJumbo loans for jumbo dreamsBUY A HOMEVacation Home ExpertsGetaway home loans made simpleBUY A HOMEV

I’m testing a 7-day AIOS Quickstart where I install 3 approval-gated routines for mortgage teams. For HNB Mortgage, NMLS #205935, I’d probably start with:

1. complex-file doc checklist
2. construction/renovation loan condition tracker
3. borrower doc follow-up drafts by loan type

Everything stays approval-only — no AI auto-sending weird emails to borrowers. It drafts, summarizes, and queues the work so your team can move faster.

Worth sending over a quick version of what I’d install?

Ryan","Quick bump, Suzanne — I can make this concrete for HNB Mortgage, NMLS #205935.

I’d map 3 recurring workflows, install the approval-only drafts/briefs, and hand you a simple weekly operating rhythm. No giant dashboard, no auto-send.

Worth a quick look?"
38,114,"owner_or_founder | branch_manager | small_team | smaller_revenue | verified_email | linkedin_present | mortgage_fit | doc_complex_products:investment,va | speed_service_language:communication | broker_local_language",READY_FOR_LINKEDIN_AND_EMAIL,Rachel,Roney,Rachel Roney,"Registered Principal, Branch Manager",manager,"Michael Roberts Associates, Inc.","Michael Roberts Associates, Inc.",rroney@mraplanners.com,REAL-TIME VERIFIED ON 26 May 26,https://www.linkedin.com/in/rachelroney,Syracuse,New York,michaelrobertsassociates.com,https://www.linkedin.com/company/michael-roberts-assoc-inc-,2-10,12,100000-499999,"financial planning, investment managment, insurance planning, estate planning, wealth management, retirement","Michael Roberts Associates, Inc. has provided sound financial advice to clients in Central New York since 1990. Located in East Syracuse, we pride ourselves on our holistic approach to financial planning. 

At Michael Roberts Associates, we provide a road map for our clients financial future by creating a personalized, comprehensive retirement plan. We then continuously monitor and update this plan to accommodate the changing circumstances of business and life.

Securities and advisory services offered through Commonwealth Financial Network®, www.FINRA.org / www.SIPC.org, a Registered Investment Adviser. Fixed insurance products and services offered through CES Insurance Agency. Michael Roberts Associates, Inc. 6320 Fly Rd #213, East Syracuse, NY 13057. (315) 428-1990. This communication is strictly intended for individuals residing in the states of AZ, CA, CO, CT, DC, DE, FL, GA, IL, IN, KS, MA, MD, ME, MI, MN, NC, NH, NJ, NM, NV, NY, OH, OR, PA, SC, SD, TN, TX, UT, VA, VT, WA, WV. No offers may be made or accepted from any resident outside these states due to various state requirements and registration requirements regarding investment products and services. Review our Terms of Use: www.commonwealth.com/termsofuse.html","Michael Roberts Associates, Inc. mentions complex mortgage products/workflows like: financial planning, investment managment, insurance planning, estate planning, wealth management, retirement Michael Rob",complex-file doc checklist; borrower doc follow-up drafts by loan type; daily pipeline brief,"Hey Rachel — quick specific idea.

I was looking at Michael Roberts Associates, Inc. and noticed the mortgage workflow probably has a lot of borrower/doc follow-up hiding behind the scenes. Michael Roberts Associates, Inc. mentions complex mortgage products/workflows like: financial planning, investment managment, insurance planning, estate planning, wealth management, retirement Michael Rob

I’m testing a 7-day AIOS Quickstart for mortgage teams: 3 approval-only AI routines like complex-file doc checklist, borrower doc follow-up drafts by loan type, and daily pipeline brief.

No auto-sending. Just drafts, briefs, and follow-up queues your team approves.

Want me to send the 3 routines I’d set up for Michael Roberts Associates, Inc.?","3 AI routines for Michael Roberts Associates, Inc.","Hey Rachel,

I was looking at Michael Roberts Associates, Inc. and had a specific thought. Mortgage teams usually don’t need a giant AI strategy. They need the recurring borrower/admin work to stop eating the week.

What stood out: Michael Roberts Associates, Inc. mentions complex mortgage products/workflows like: financial planning, investment managment, insurance planning, estate planning, wealth management, retirement Michael Rob

I’m testing a 7-day AIOS Quickstart where I install 3 approval-gated routines for mortgage teams. For Michael Roberts Associates, Inc., I’d probably start with:

1. complex-file doc checklist
2. borrower doc follow-up drafts by loan type
3. daily pipeline brief

Everything stays approval-only — no AI auto-sending weird emails to borrowers. It drafts, summarizes, and queues the work so your team can move faster.

Worth sending over a quick version of what I’d install?

Ryan","Quick bump, Rachel — I can make this concrete for Michael Roberts Associates, Inc..

I’d map 3 recurring workflows, install the approval-only drafts/briefs, and hand you a simple weekly operating rhythm. No giant dashboard, no auto-send.

Worth a quick look?"
39,114,"owner_or_founder | producer | small_team | revenue_can_pay | linkedin_present | strong_mortgage_fit | doc_complex_products:jumbo,construction,commercial,hard money | speed_service_language:fast,communication | broker_local_language",READY_FOR_LINKEDIN_NEEDS_EMAIL,Dr. Lawrence A.,"Souza, DBA, CRE, FRICS, CCIM","Dr. Lawrence A. Souza, DBA, CRE, FRICS, CCIM",Vice President- Business Development and Commercial Mortgage Broker Associate (CA DRE # 01387749),vp,Searchlight Lending,Searchlight Lending,,,https://www.linkedin.com/in/dr-lawrence-a-souza-dba-cre-frics-ccim-661847,San Francisco,California,searchlightlending.com,https://www.linkedin.com/company/searchlight-lending,2-10,54,1000000-4999999,"residential lending, commercial lending, private money lending, hard money lending, 1st trust deeds, property acquisition, mortgage planning","Searchlight Lending (CA MLO# 906159/FL CFL#MBR2000) is a boutique full service real estate brokerage that specializes in solving the “Out of the Box” financing solutions that many people have come to need during this difficult and changing lending time. In addition to a full suite of lenders and loan programs we pride ourselves on communication and honesty and look forward to earning your business.  We have access to funds for residential, commercial, FHA, multi-family, reverse, construction, rehab, private money, purchase, and refinance loans.
  With a knowledgeable team of seasoned agents we strive to give back to the community we are lucky enough to be a part of through donations, non-profit events, and being active members on boards and amateur athletics. We have funded over 1300 loans totaling $400,000,000 in the last 12 years.

Residential:

FHA
Reverse Mortgage
Interest Only
TIC
Stated Jumbo (70% LTV to 1mm, 60% LTV to 2mm)
Foreign National
Home Equity Lines
Self Employed
Construction
Loans to 560 FICO
95% LTV Conventional
90% LTV Conventional High Balance
Loans to 10mm

Commercial:

SBA
Mixed Use
Multi-Family
Vacant Land
Retail
Industrial/Warehouse
Construction
Loans to 25mm+

Private Money:

Brokers Protected!
Fast Funding
Low Fees
Low Rates: 5.75% (50 ltv)
Up to 75% ltv (11%)
Single Family
Mixed Use
Commercial
Vacant Land
1st/2nd Lien
Owner Occupied
Loans to 25mm+

Follow Us!
Facebook @SearchlightLending
LinkedIn @SearchlightLending","Searchlight Lending mentions complex mortgage products/workflows like: rs. Residential: FHA Reverse Mortgage Interest Only TIC Stated Jumbo (70% LTV to 1mm, 60% LTV to 2mm) Foreign National Home Equity Lines Self Employed Construction",complex-file doc checklist; construction/renovation loan condition tracker; borrower doc follow-up drafts by loan type,"Hey Dr. Lawrence A. — quick specific idea.

I was looking at Searchlight Lending and noticed the mortgage workflow probably has a lot of borrower/doc follow-up hiding behind the scenes. Searchlight Lending mentions complex mortgage products/workflows like: rs. Residential: FHA Reverse Mortgage Interest Only TIC Stated Jumbo (70% LTV to 1mm, 60% LTV to 2mm) Foreign National Home Equity Lines Self Employed Construction

I’m testing a 7-day AIOS Quickstart for mortgage teams: 3 approval-only AI routines like complex-file doc checklist, construction/renovation loan condition tracker, and borrower doc follow-up drafts by loan type.

No auto-sending. Just drafts, briefs, and follow-up queues your team approves.

Want me to send the 3 routines I’d set up for Searchlight Lending?",3 AI routines for Searchlight Lending,"Hey Dr. Lawrence A.,

I was looking at Searchlight Lending and had a specific thought. Mortgage teams usually don’t need a giant AI strategy. They need the recurring borrower/admin work to stop eating the week.

What stood out: Searchlight Lending mentions complex mortgage products/workflows like: rs. Residential: FHA Reverse Mortgage Interest Only TIC Stated Jumbo (70% LTV to 1mm, 60% LTV to 2mm) Foreign National Home Equity Lines Self Employed Construction

I’m testing a 7-day AIOS Quickstart where I install 3 approval-gated routines for mortgage teams. For Searchlight Lending, I’d probably start with:

1. complex-file doc checklist
2. construction/renovation loan condition tracker
3. borrower doc follow-up drafts by loan type

Everything stays approval-only — no AI auto-sending weird emails to borrowers. It drafts, summarizes, and queues the work so your team can move faster.

Worth sending over a quick version of what I’d install?

Ryan","Quick bump, Dr. Lawrence A. — I can make this concrete for Searchlight Lending.

I’d map 3 recurring workflows, install the approval-only drafts/briefs, and hand you a simple weekly operating rhythm. No giant dashboard, no auto-send.

Worth a quick look?"
40,114,"owner_or_founder | producer | small_team | smaller_revenue | verified_email | linkedin_present | strong_mortgage_fit | doc_complex_products:fha,va | speed_service_language:customer service | broker_local_language",READY_FOR_LINKEDIN_AND_EMAIL,Jeanne L,Wiles,Jeanne L Wiles,Mortgage Loan officer/ Owner,owner,LW Integrity Funding,LW Integrity Funding,jeanne@lwintegrity.com,REAL-TIME VERIFIED ON 26 May 26,https://www.linkedin.com/in/jeanne-l-wiles-33a8487,Buffalo,New York,lwintegrity.com,https://www.linkedin.com/company/lw-integrity-funding,2-10,9,100000-499999,"conventional, fha, va, free pre approvals, refinance, 1st time home buyer, 15 lenders/competitive products/timely closings","LW Integrity Funding prides themselves with providing unrivaled customer service. They offer a variety of products to suit the individual needs and goals of each client.

**Awarded Mortgage  Broker of the year In NYS 2020**

LW Integrity looks forward to guiding you through every step of the home buying process!

Check us out on Facebook & Instagram.","LW Integrity Funding mentions complex mortgage products/workflows like: conventional, fha, va, free pre approvals, refinance, 1st time home buyer, 15 lenders/competitive products/timely",borrower doc follow-up drafts by loan type; daily pipeline brief; missing-doc follow-up drafts,"Hey Jeanne L — quick specific idea.

I was looking at LW Integrity Funding and noticed the mortgage workflow probably has a lot of borrower/doc follow-up hiding behind the scenes. LW Integrity Funding mentions complex mortgage products/workflows like: conventional, fha, va, free pre approvals, refinance, 1st time home buyer, 15 lenders/competitive products/timely

I’m testing a 7-day AIOS Quickstart for mortgage teams: 3 approval-only AI routines like borrower doc follow-up drafts by loan type, daily pipeline brief, and missing-doc follow-up drafts.

No auto-sending. Just drafts, briefs, and follow-up queues your team approves.

Want me to send the 3 routines I’d set up for LW Integrity Funding?",3 AI routines for LW Integrity Funding,"Hey Jeanne L,

I was looking at LW Integrity Funding and had a specific thought. Mortgage teams usually don’t need a giant AI strategy. They need the recurring borrower/admin work to stop eating the week.

What stood out: LW Integrity Funding mentions complex mortgage products/workflows like: conventional, fha, va, free pre approvals, refinance, 1st time home buyer, 15 lenders/competitive products/timely

I’m testing a 7-day AIOS Quickstart where I install 3 approval-gated routines for mortgage teams. For LW Integrity Funding, I’d probably start with:

1. borrower doc follow-up drafts by loan type
2. daily pipeline brief
3. missing-doc follow-up drafts

Everything stays approval-only — no AI auto-sending weird emails to borrowers. It drafts, summarizes, and queues the work so your team can move faster.

Worth sending over a quick version of what I’d install?

Ryan","Quick bump, Jeanne L — I can make this concrete for LW Integrity Funding.

I’d map 3 recurring workflows, install the approval-only drafts/briefs, and hand you a simple weekly operating rhythm. No giant dashboard, no auto-send.

Worth a quick look?"
41,114,"owner_or_founder | branch_manager | small_team | revenue_can_pay | verified_email | linkedin_present | mortgage_fit | doc_complex_products:commercial,investor,va | broker_local_language",READY_FOR_LINKEDIN_AND_EMAIL,Kurt,Josten,Kurt Josten,Senior Vice President Branch Manager / Financial Advisor,senior,Alterna Securities Inc.,Alterna Securities Inc.,kjosten@alternasecurities.com,REAL-TIME VERIFIED ON 26 May 26,https://www.linkedin.com/in/kurt-josten-886158,San Antonio,Texas,alternasecurities.com,https://www.linkedin.com/company/alterna-securities-inc,11-50,36,1000000-4999999,,"Alterna Securities is registered with the Securities Exchange Commission (SEC) and is a member of the Financial Industry Regulatory Authority (FINRA).

The custody of assets is through Pershing LLC, a subsidiary of Bank of New York Mellon. Bank of New York Mellon Corporation ranks as one of the strongest financial institutions in the world, ranking in the top tier of commercial banks, in terms of market capitalization and assets under custody.

Pershing is a member of Securities Investor Protection Corporation (SIPC), which protects securities customers of its members up to $500,000 (including $250,000 for claims of cash). Explanatory brochure available upon request or at sipc.org. For additional security, Pershing also provides excess account protection for client accounts through Lloyd’s of London. This additional coverage protection offers the highest level of coverage that is available in the industry.","Alterna Securities Inc. mentions complex mortgage products/workflows like: financial institutions in the world, ranking in the top tier of commercial banks, in terms of market capitalization and assets under custody. Pershing is a member",borrower doc follow-up drafts by loan type; daily pipeline brief; missing-doc follow-up drafts,"Hey Kurt — quick specific idea.

I was looking at Alterna Securities Inc. and noticed the mortgage workflow probably has a lot of borrower/doc follow-up hiding behind the scenes. Alterna Securities Inc. mentions complex mortgage products/workflows like: financial institutions in the world, ranking in the top tier of commercial banks, in terms of market capitalization and assets under custody. Pershing is a member

I’m testing a 7-day AIOS Quickstart for mortgage teams: 3 approval-only AI routines like borrower doc follow-up drafts by loan type, daily pipeline brief, and missing-doc follow-up drafts.

No auto-sending. Just drafts, briefs, and follow-up queues your team approves.

Want me to send the 3 routines I’d set up for Alterna Securities Inc.?",3 AI routines for Alterna Securities Inc.,"Hey Kurt,

I was looking at Alterna Securities Inc. and had a specific thought. Mortgage teams usually don’t need a giant AI strategy. They need the recurring borrower/admin work to stop eating the week.

What stood out: Alterna Securities Inc. mentions complex mortgage products/workflows like: financial institutions in the world, ranking in the top tier of commercial banks, in terms of market capitalization and assets under custody. Pershing is a member

I’m testing a 7-day AIOS Quickstart where I install 3 approval-gated routines for mortgage teams. For Alterna Securities Inc., I’d probably start with:

1. borrower doc follow-up drafts by loan type
2. daily pipeline brief
3. missing-doc follow-up drafts

Everything stays approval-only — no AI auto-sending weird emails to borrowers. It drafts, summarizes, and queues the work so your team can move faster.

Worth sending over a quick version of what I’d install?

Ryan","Quick bump, Kurt — I can make this concrete for Alterna Securities Inc..

I’d map 3 recurring workflows, install the approval-only drafts/briefs, and hand you a simple weekly operating rhythm. No giant dashboard, no auto-send.

Worth a quick look?"
42,114,"owner_or_founder | producer | small_team | smaller_revenue | verified_email | linkedin_present | strong_mortgage_fit | doc_complex_products:jumbo,investment,fha,va | broker_local_language",READY_FOR_LINKEDIN_AND_EMAIL,Jannie,Gong,Jannie Gong,Principal Mortgage Broker,manager,EON Mortgage Group Inc,EON Mortgage Group Inc,jannie.gong@eonmortgagegroup.com,REAL-TIME VERIFIED ON 26 May 26,https://www.linkedin.com/in/janniegong,Northbrook,Illinois,eonmortgagegroup.com,https://www.linkedin.com/company/eon-mortgage-group-inc,2-10,4,100000-499999,"home loans, homeloans, first home loans, refinance, refinance specialist, loans, mortgage, mortgage loans, mortgage lending, residential mortgage, residential home loans, property investment, investment loans","At EON Mortgage Group, our focus is to provide you with the best mortgage broker services possible. We have a passion for the mortgage loans industry, and our loan officer is dedicated to working with you to find the loan that best fits your needs. Our staff will help compare banks for you to help you get the best rates possible on your loan.

Whether you’re a first time home buyer or a seasoned home buyer who needs some guidance, we are here for you. We know that becoming a first time home buyer can be confusing and scary when it comes to mortgage loans. Our expert staff will work with you and guide you through every step of the way. We will even compare offers and find the best mortgage lender for you. If you’re a seasoned home buyer, you may have had a negative experience in the past or are looking to get an even better loan on your next home purchase. We will evaluate your previous purchases and determine what needs to be done to make your next purchase even better.

EON Mortgage Group is the premier mortgage broken in the Northbrook, IL area. If you’re looking to purchase a home in the near future, don’t go straight to the banks. Contact us first for a free consultation and you’ll be surprised by how much money you’ll be able to save!

Our services include:
First-time Home Buyer Help
Mortgage Broker Services
Mortgage Loans
Seasoned Home Buyer Help
For more information about how we can help with your new home purchase, please call us at (224) 326-0366.","EON Mortgage Group Inc mentions complex mortgage products/workflows like: at (224) 326-0366. Looking for a Mortgage Loan, FHA Mortgage or Jumbo Loan in Northbrook, Cook County? Bad Credit, Low Credit Score, No Money Down, Low Down Payment",complex-file doc checklist; borrower doc follow-up drafts by loan type; daily pipeline brief,"Hey Jannie — quick specific idea.

I was looking at EON Mortgage Group Inc and noticed the mortgage workflow probably has a lot of borrower/doc follow-up hiding behind the scenes. EON Mortgage Group Inc mentions complex mortgage products/workflows like: at (224) 326-0366. Looking for a Mortgage Loan, FHA Mortgage or Jumbo Loan in Northbrook, Cook County? Bad Credit, Low Credit Score, No Money Down, Low Down Payment

I’m testing a 7-day AIOS Quickstart for mortgage teams: 3 approval-only AI routines like complex-file doc checklist, borrower doc follow-up drafts by loan type, and daily pipeline brief.

No auto-sending. Just drafts, briefs, and follow-up queues your team approves.

Want me to send the 3 routines I’d set up for EON Mortgage Group Inc?",3 AI routines for EON Mortgage Group Inc,"Hey Jannie,

I was looking at EON Mortgage Group Inc and had a specific thought. Mortgage teams usually don’t need a giant AI strategy. They need the recurring borrower/admin work to stop eating the week.

What stood out: EON Mortgage Group Inc mentions complex mortgage products/workflows like: at (224) 326-0366. Looking for a Mortgage Loan, FHA Mortgage or Jumbo Loan in Northbrook, Cook County? Bad Credit, Low Credit Score, No Money Down, Low Down Payment

I’m testing a 7-day AIOS Quickstart where I install 3 approval-gated routines for mortgage teams. For EON Mortgage Group Inc, I’d probably start with:

1. complex-file doc checklist
2. borrower doc follow-up drafts by loan type
3. daily pipeline brief

Everything stays approval-only — no AI auto-sending weird emails to borrowers. It drafts, summarizes, and queues the work so your team can move faster.

Worth sending over a quick version of what I’d install?

Ryan","Quick bump, Jannie — I can make this concrete for EON Mortgage Group Inc.

I’d map 3 recurring workflows, install the approval-only drafts/briefs, and hand you a simple weekly operating rhythm. No giant dashboard, no auto-send.

Worth a quick look?"
43,113,"owner_or_founder | producer | small_team | smaller_revenue | verified_email | linkedin_present | strong_mortgage_fit | doc_complex_products:investment,self-employed,fha,va | speed_service_language:fast",READY_FOR_LINKEDIN_AND_EMAIL,Missy,Broderick,Missy Broderick,Owner / Loan Officer,owner,Solidify Mortgage Advisors,Solidify Mortgage Advisors,missy@solidify.com,REAL-TIME VERIFIED ON 26 May 26,https://www.linkedin.com/in/missybroderick,Carlsbad,California,solidify.com,https://www.linkedin.com/company/solidify-mortgage-advisors,2-10,13,500000-999999,"mortgage, loans, refinance, new home purchase, va loan, fha loans","Solidify Mortgage Advisors (NMLS #1283930) is a group of mortgage experts that has collectively originated over one billion dollars in home financing.  Priding ourselves on our diverse clientele－from veterans to retirees and salaried to the self-employed－Solidify serves clients needing initial purchase financing and refinancing for their home and residential investment properties.

At Solidify, we use our extensive mortgage expertise and extensive banking network to provide our clients thoughtful guidance paired with fast, dedicated service.  Whatever home financing our clients need, we care about ensuring they make the best decisions to secure their financial future. 

Based in Carlsbad, California, Solidify currently serves:
Arizona
California
Colorado
Idaho
Florida
Nebraska
Nevada
New Mexico
Oregon
Texas
Washington

Link for our service map: https://solidify.com/services/service-map/","Solidify Mortgage Advisors mentions complex mortgage products/workflows like: urchase financing and refinancing for their home and residential investment properties. At Solidify, we use our extensive mortgage expertise and extensive banking n",complex-file doc checklist; borrower doc follow-up drafts by loan type; daily pipeline brief,"Hey Missy — quick specific idea.

I was looking at Solidify Mortgage Advisors and noticed the mortgage workflow probably has a lot of borrower/doc follow-up hiding behind the scenes. Solidify Mortgage Advisors mentions complex mortgage products/workflows like: urchase financing and refinancing for their home and residential investment properties. At Solidify, we use our extensive mortgage expertise and extensive banking n

I’m testing a 7-day AIOS Quickstart for mortgage teams: 3 approval-only AI routines like complex-file doc checklist, borrower doc follow-up drafts by loan type, and daily pipeline brief.

No auto-sending. Just drafts, briefs, and follow-up queues your team approves.

Want me to send the 3 routines I’d set up for Solidify Mortgage Advisors?",3 AI routines for Solidify Mortgage Advisors,"Hey Missy,

I was looking at Solidify Mortgage Advisors and had a specific thought. Mortgage teams usually don’t need a giant AI strategy. They need the recurring borrower/admin work to stop eating the week.

What stood out: Solidify Mortgage Advisors mentions complex mortgage products/workflows like: urchase financing and refinancing for their home and residential investment properties. At Solidify, we use our extensive mortgage expertise and extensive banking n

I’m testing a 7-day AIOS Quickstart where I install 3 approval-gated routines for mortgage teams. For Solidify Mortgage Advisors, I’d probably start with:

1. complex-file doc checklist
2. borrower doc follow-up drafts by loan type
3. daily pipeline brief

Everything stays approval-only — no AI auto-sending weird emails to borrowers. It drafts, summarizes, and queues the work so your team can move faster.

Worth sending over a quick version of what I’d install?

Ryan","Quick bump, Missy — I can make this concrete for Solidify Mortgage Advisors.

I’d map 3 recurring workflows, install the approval-only drafts/briefs, and hand you a simple weekly operating rhythm. No giant dashboard, no auto-send.

Worth a quick look?"
44,113,"owner_or_founder | branch_manager | producer | scaled_but_not_enterprise | revenue_can_pay | verified_email | linkedin_present | strong_mortgage_fit | doc_complex_products:investment,va | speed_service_language:technology,tech | bank_cu_deprioritize",READY_FOR_LINKEDIN_AND_EMAIL,Laura,"Strange, MBA","Laura Strange, MBA",Vice President - Loan Officer- Branch Manager,manager,First Peoples Bank Tennessee,First Peoples Bank Tennessee,lstrange@firstpeoplesbank.net,REAL-TIME VERIFIED ON 26 May 26,https://www.linkedin.com/in/laura-strange,Jefferson City,Tennessee,firstpeoplesbank.net,https://www.linkedin.com/company/first-peoples-bank-tennessee,51-200,20,1000000-4999999,"banking, loans, investment services, business banking, financing, personal banking, retirement planning, lending, online banking","Most banks have branches. First Peoples Bank has roots–roots in the communities we serve. From the tellers, to the bank president, everyone at First Peoples Bank makes an effort to get to know YOU, the customer. First Peoples Bank takes care of you and your financial needs, both personal and professional. At First Peoples Bank, we believe in putting people first.

First Peoples Bank was organized in 1974 and opened for business January 2, 1975, as First Peoples Bank of Jefferson County, with a total of six employees. It is the oldest bank in Jefferson County. In early 1994, First Peoples Bank of Jefferson County officially changed its name to First Peoples Bank of Tennessee.

First Peoples Bank was organized to meet the banking needs of the people, as our name implies. We are a bank based on relationship banking, offering you, our customer, a vast array of financial products and services, ranging from competitive rates on your deposits to loans individually tailored to meet your needs.

Thanks to you and others like you, First Peoples Bank of Tennessee thrives and continues to expand. We remain committed to meet your financial needs through personal service, technology, competitive rates, community involvement and products, with an understanding approach.

Member FDIC and Equal Housing Lender","First Peoples Bank Tennessee mentions complex mortgage products/workflows like: banking, loans, investment services, business banking, financing, personal banking, retirement planning, lending, on",complex-file doc checklist; borrower doc follow-up drafts by loan type; daily pipeline brief,"Hey Laura — quick specific idea.

I was looking at First Peoples Bank Tennessee and noticed the mortgage workflow probably has a lot of borrower/doc follow-up hiding behind the scenes. First Peoples Bank Tennessee mentions complex mortgage products/workflows like: banking, loans, investment services, business banking, financing, personal banking, retirement planning, lending, on

I’m testing a 7-day AIOS Quickstart for mortgage teams: 3 approval-only AI routines like complex-file doc checklist, borrower doc follow-up drafts by loan type, and daily pipeline brief.

No auto-sending. Just drafts, briefs, and follow-up queues your team approves.

Want me to send the 3 routines I’d set up for First Peoples Bank Tennessee?",3 AI routines for First Peoples Bank Tennessee,"Hey Laura,

I was looking at First Peoples Bank Tennessee and had a specific thought. Mortgage teams usually don’t need a giant AI strategy. They need the recurring borrower/admin work to stop eating the week.

What stood out: First Peoples Bank Tennessee mentions complex mortgage products/workflows like: banking, loans, investment services, business banking, financing, personal banking, retirement planning, lending, on

I’m testing a 7-day AIOS Quickstart where I install 3 approval-gated routines for mortgage teams. For First Peoples Bank Tennessee, I’d probably start with:

1. complex-file doc checklist
2. borrower doc follow-up drafts by loan type
3. daily pipeline brief

Everything stays approval-only — no AI auto-sending weird emails to borrowers. It drafts, summarizes, and queues the work so your team can move faster.

Worth sending over a quick version of what I’d install?

Ryan","Quick bump, Laura — I can make this concrete for First Peoples Bank Tennessee.

I’d map 3 recurring workflows, install the approval-only drafts/briefs, and hand you a simple weekly operating rhythm. No giant dashboard, no auto-send.

Worth a quick look?"
45,113,"owner_or_founder | producer | small_team | smaller_revenue | verified_email | linkedin_present | strong_mortgage_fit | doc_complex_products:va | speed_service_language:fast,streamlined | broker_local_language",READY_FOR_LINKEDIN_AND_EMAIL,Jacob,Pham,Jacob Pham,Broker Owner/Loan Officer,owner,Splendor Home Loans,Splendor Home Loans,jpham@splendorhomeloans.com,REAL-TIME VERIFIED ON 26 May 26,https://www.linkedin.com/in/jacob-pham-b04286140,Auburn Hills,Michigan,splendorhomeloans.com,https://www.linkedin.com/company/splendor-home-loans,2-10,3,100000-499999,,"From fast custom digital quotes, to a completely streamlined online loan application and approval process; you can get your money and do what you want with it — usually in less than 30 days.","Splendor Home Loans mentions complex mortgage products/workflows like: es, to a completely streamlined online loan application and approval process; you can get your money and do what you want with it — usually in less than 30 days. Get",borrower doc follow-up drafts by loan type; daily pipeline brief; missing-doc follow-up drafts,"Hey Jacob — quick specific idea.

I was looking at Splendor Home Loans and noticed the mortgage workflow probably has a lot of borrower/doc follow-up hiding behind the scenes. Splendor Home Loans mentions complex mortgage products/workflows like: es, to a completely streamlined online loan application and approval process; you can get your money and do what you want with it — usually in less than 30 days. Get

I’m testing a 7-day AIOS Quickstart for mortgage teams: 3 approval-only AI routines like borrower doc follow-up drafts by loan type, daily pipeline brief, and missing-doc follow-up drafts.

No auto-sending. Just drafts, briefs, and follow-up queues your team approves.

Want me to send the 3 routines I’d set up for Splendor Home Loans?",3 AI routines for Splendor Home Loans,"Hey Jacob,

I was looking at Splendor Home Loans and had a specific thought. Mortgage teams usually don’t need a giant AI strategy. They need the recurring borrower/admin work to stop eating the week.

What stood out: Splendor Home Loans mentions complex mortgage products/workflows like: es, to a completely streamlined online loan application and approval process; you can get your money and do what you want with it — usually in less than 30 days. Get

I’m testing a 7-day AIOS Quickstart where I install 3 approval-gated routines for mortgage teams. For Splendor Home Loans, I’d probably start with:

1. borrower doc follow-up drafts by loan type
2. daily pipeline brief
3. missing-doc follow-up drafts

Everything stays approval-only — no AI auto-sending weird emails to borrowers. It drafts, summarizes, and queues the work so your team can move faster.

Worth sending over a quick version of what I’d install?

Ryan","Quick bump, Jacob — I can make this concrete for Splendor Home Loans.

I’d map 3 recurring workflows, install the approval-only drafts/briefs, and hand you a simple weekly operating rhythm. No giant dashboard, no auto-send.

Worth a quick look?"
46,112,"branch_manager | producer | small_team | smaller_revenue | verified_email | linkedin_present | strong_mortgage_fit | doc_complex_products:investment,fha,va,usda | speed_service_language:transparent | broker_local_language",READY_FOR_LINKEDIN_AND_EMAIL,Brian,DuVal,Brian DuVal,Branch Manager/Senior Mortgage Broker,senior,Eureka Mortgage Planning,Eureka Mortgage Planning,bduval@eurekamortgage.net,REAL-TIME VERIFIED ON 26 May 26,https://www.linkedin.com/in/brian-duval-a87a362,Portland,Oregon,eurekamortgage.net,https://www.linkedin.com/company/eureka-mortgage-planning,2-10,21,500000-999999,"fha loans, va loans, refinancing, home purchasing, investment properties, conventional loans, usda loans","With 30+ years of mortgage industry expertise, we specialize in transparent guidance and customized financing solutions for homebuyers. Our loan officers simplify the process with competitive rates, a vast array of mortgage products, and a dedication to service. More than lenders, we're partners invested in your financial future. Let's get started.

NMLS # 2456819

Comments or Concerns? Contact Us at: customerrelations@eurekamortgage.net

https://www.nmlsconsumeraccess.org/EntityDetails.aspx/COMPANY/2456819","Eureka Mortgage Planning mentions complex mortgage products/workflows like: fha loans, va loans, refinancing, home purchasing, investment properties, conventional loans, usda loans With 30+ years of mortgage industry expertise,",complex-file doc checklist; borrower doc follow-up drafts by loan type; daily pipeline brief,"Hey Brian — quick specific idea.

I was looking at Eureka Mortgage Planning and noticed the mortgage workflow probably has a lot of borrower/doc follow-up hiding behind the scenes. Eureka Mortgage Planning mentions complex mortgage products/workflows like: fha loans, va loans, refinancing, home purchasing, investment properties, conventional loans, usda loans With 30+ years of mortgage industry expertise,

I’m testing a 7-day AIOS Quickstart for mortgage teams: 3 approval-only AI routines like complex-file doc checklist, borrower doc follow-up drafts by loan type, and daily pipeline brief.

No auto-sending. Just drafts, briefs, and follow-up queues your team approves.

Want me to send the 3 routines I’d set up for Eureka Mortgage Planning?",3 AI routines for Eureka Mortgage Planning,"Hey Brian,

I was looking at Eureka Mortgage Planning and had a specific thought. Mortgage teams usually don’t need a giant AI strategy. They need the recurring borrower/admin work to stop eating the week.

What stood out: Eureka Mortgage Planning mentions complex mortgage products/workflows like: fha loans, va loans, refinancing, home purchasing, investment properties, conventional loans, usda loans With 30+ years of mortgage industry expertise,

I’m testing a 7-day AIOS Quickstart where I install 3 approval-gated routines for mortgage teams. For Eureka Mortgage Planning, I’d probably start with:

1. complex-file doc checklist
2. borrower doc follow-up drafts by loan type
3. daily pipeline brief

Everything stays approval-only — no AI auto-sending weird emails to borrowers. It drafts, summarizes, and queues the work so your team can move faster.

Worth sending over a quick version of what I’d install?

Ryan","Quick bump, Brian — I can make this concrete for Eureka Mortgage Planning.

I’d map 3 recurring workflows, install the approval-only drafts/briefs, and hand you a simple weekly operating rhythm. No giant dashboard, no auto-send.

Worth a quick look?"
47,112,"owner_or_founder | branch_manager | scaled_but_not_enterprise | revenue_can_pay | verified_email | linkedin_present | strong_mortgage_fit | doc_complex_products:va | speed_service_language:technology,tech,easy | broker_local_language | bank_cu_deprioritize",READY_FOR_LINKEDIN_AND_EMAIL,Derrick L.,Shearer,Derrick L. Shearer,1st Vice President | Branch Manager Central Bank,manager,Central Bank,Central Bank,dshearer@centralbankfl.com,REAL-TIME VERIFIED ON 26 May 26,https://www.linkedin.com/in/derrick-l-shearer,Tampa,Florida,centralbankfl.com,https://www.linkedin.com/company/central-bankfl,51-200,26,1000000-4999999,,"Central Bank officially opened in February 2007 and is a full service, independently owned Florida bank that specializes in serving the banking needs of individuals and small businesses. The overall strategy for Central Bank has always been to be an independent community bank providing a higher level of personalized service than is generally available from larger banks.  Central Bank delivers its localized personal service combined with widely established technology-based services to provide convenience and easy access for its customers.

It’s the intent of the bank to develop long lasting and broad relationships with its customers that focus on basic banking products.  That means we can meet virtually any financial need you have at any point in your life. The employees of Central Bank look forward to serving new and existing customers.  We respond to people and small business owners on an individual basis. Our Senior Lender has been with the bank since we opened and has a deep understanding of the credit culture and desired types of loan transactions.  The majority of the business of Central Bank is relationship based, meaning most customers will have multiple account relationships, especially loan customers.

 In addition to a full array of traditional deposit and loan products, we also offer mortgages. Our staff are highly respected professionals with years of expertise in their respective fields and are accessible to customers on site.  We are able to offer responsive decision-making on loans, because decisions are made here, locally.

Member FDIC",Central Bank mentions complex mortgage products/workflows like: viding a higher level of personalized service than is generally available from larger banks. Central Bank delivers its localized personal service combined with wide,borrower doc follow-up drafts by loan type; daily pipeline brief; missing-doc follow-up drafts,"Hey Derrick L. — quick specific idea.

I was looking at Central Bank and noticed the mortgage workflow probably has a lot of borrower/doc follow-up hiding behind the scenes. Central Bank mentions complex mortgage products/workflows like: viding a higher level of personalized service than is generally available from larger banks. Central Bank delivers its localized personal service combined with wide

I’m testing a 7-day AIOS Quickstart for mortgage teams: 3 approval-only AI routines like borrower doc follow-up drafts by loan type, daily pipeline brief, and missing-doc follow-up drafts.

No auto-sending. Just drafts, briefs, and follow-up queues your team approves.

Want me to send the 3 routines I’d set up for Central Bank?",3 AI routines for Central Bank,"Hey Derrick L.,

I was looking at Central Bank and had a specific thought. Mortgage teams usually don’t need a giant AI strategy. They need the recurring borrower/admin work to stop eating the week.

What stood out: Central Bank mentions complex mortgage products/workflows like: viding a higher level of personalized service than is generally available from larger banks. Central Bank delivers its localized personal service combined with wide

I’m testing a 7-day AIOS Quickstart where I install 3 approval-gated routines for mortgage teams. For Central Bank, I’d probably start with:

1. borrower doc follow-up drafts by loan type
2. daily pipeline brief
3. missing-doc follow-up drafts

Everything stays approval-only — no AI auto-sending weird emails to borrowers. It drafts, summarizes, and queues the work so your team can move faster.

Worth sending over a quick version of what I’d install?

Ryan","Quick bump, Derrick L. — I can make this concrete for Central Bank.

I’d map 3 recurring workflows, install the approval-only drafts/briefs, and hand you a simple weekly operating rhythm. No giant dashboard, no auto-send.

Worth a quick look?"
48,112,owner_or_founder | branch_manager | small_team | smaller_revenue | verified_email | linkedin_present | strong_mortgage_fit | doc_complex_products:va | broker_local_language,READY_FOR_LINKEDIN_AND_EMAIL,John,LeCave,John LeCave,Branch Manager | Owner of WayLend (Powered by North Bay Real Estate Services),manager,WayLend,WayLend,jlecave@waylendhomes.com,REAL-TIME VERIFIED ON 26 May 26,https://www.linkedin.com/in/john-lecave-3729241,Santa Rosa,California,waylendhomes.com,https://www.linkedin.com/company/waylendhomes,2-10,5,100000-499999,,"Your home should be a place that fits your life. Your home represents safety so, it needs to provide financial security. Whether you are buying a home, refinancing or reversing our mission is to make sure homeownership is everything it should be. We believe the only way to ensure success is to put our relationships first. We are dedicated to understanding what you need so that you can live in the home you are excited about. 

Our team works hard to provide an opportunity for you and your family to own a home. We support and guide you through the process so you make the best decision for the future. Our team is available and accessible every step of the way. Together, we will find the financial tools you need so you can always feel at home.

WayLend, North Bay Real Estate Services Inc.

Please do not include social security numbers, account numbers or any other private personal information in the content of this email.  North Bay Real Estate Services Inc. is licensed by the California Dept. of Real Estate, Real Estate Broker’s License (01875528) under Nationwide Mortgage Licensing System (NMLS), unique identifier of (310519).  Lender is performing acts for which a license is required. Refer to http://www.nmlsconsumeraccess.org/ and input NMLS # 310519 to see where NBRES is a licensed lender.  The principal licensed office of North Bay Real Estate Services is 509 7th Street, Santa Rosa Ca 95401; Phone: (707)921-2416. North Bay Real Estate Services is an Equal Housing Lender.","WayLend mentions complex mortgage products/workflows like: ocess so you make the best decision for the future. Our team is available and accessible every step of the way. Together, we will find the financial tools you need s",borrower doc follow-up drafts by loan type; daily pipeline brief; missing-doc follow-up drafts,"Hey John — quick specific idea.

I was looking at WayLend and noticed the mortgage workflow probably has a lot of borrower/doc follow-up hiding behind the scenes. WayLend mentions complex mortgage products/workflows like: ocess so you make the best decision for the future. Our team is available and accessible every step of the way. Together, we will find the financial tools you need s

I’m testing a 7-day AIOS Quickstart for mortgage teams: 3 approval-only AI routines like borrower doc follow-up drafts by loan type, daily pipeline brief, and missing-doc follow-up drafts.

No auto-sending. Just drafts, briefs, and follow-up queues your team approves.

Want me to send the 3 routines I’d set up for WayLend?",3 AI routines for WayLend,"Hey John,

I was looking at WayLend and had a specific thought. Mortgage teams usually don’t need a giant AI strategy. They need the recurring borrower/admin work to stop eating the week.

What stood out: WayLend mentions complex mortgage products/workflows like: ocess so you make the best decision for the future. Our team is available and accessible every step of the way. Together, we will find the financial tools you need s

I’m testing a 7-day AIOS Quickstart where I install 3 approval-gated routines for mortgage teams. For WayLend, I’d probably start with:

1. borrower doc follow-up drafts by loan type
2. daily pipeline brief
3. missing-doc follow-up drafts

Everything stays approval-only — no AI auto-sending weird emails to borrowers. It drafts, summarizes, and queues the work so your team can move faster.

Worth sending over a quick version of what I’d install?

Ryan","Quick bump, John — I can make this concrete for WayLend.

I’d map 3 recurring workflows, install the approval-only drafts/briefs, and hand you a simple weekly operating rhythm. No giant dashboard, no auto-send.

Worth a quick look?"
49,111,owner_or_founder | branch_manager | small_team | smaller_revenue | verified_email | linkedin_present | strong_mortgage_fit | doc_complex_products:va | speed_service_language:fast,READY_FOR_LINKEDIN_AND_EMAIL,Brian,"Methner, MBA","Brian Methner, MBA",Founder- Branch Manager,founder,Kalamazoo Mortgage - NMLS#130562,Kalamazoo Mortgage - NMLS#130562,brian@kzoomortgage.com,REAL-TIME VERIFIED ON 25 May 26,https://www.linkedin.com/in/briantheloanguy,Kalamazoo,Michigan,kzoomortgage.com,https://www.linkedin.com/company/kalamazoo-mortgage,11-50,15,500000-999999,"mortgage lending, real estate, purchase money lending, banking","Kalamazoo Mortgage is a locally owned fully licensed Mortgage lender specializing in purchase money transactions.  Founded in 2011, Kalamazoo Mortgage is the area's fastest-growing mortgage company with nearly $40,000,000.00 of purchase money fundings in 2013!  The unique team approach to lending accompanied by licensed professionals available 7 days a week sets Kalamazoo Mortgage head and shoulders above the rest!

Kalamazoo area is proud to partner with the Kalamazoo areas top Realtors to help everyone from the first-time home buyer, to the family relocating to our area for the first time locate and finance the home of their dreams. For more information on how to get your next Kalamazoo Mortgage, contact (269) 364-6000 today!",Kalamazoo Mortgage - NMLS#130562 mentions complex mortgage products/workflows like: team approach to lending accompanied by licensed professionals available 7 days a week sets Kalamazoo Mortgage head and shoulders above the rest! Kalamazoo area is,borrower doc follow-up drafts by loan type; daily pipeline brief; missing-doc follow-up drafts,"Hey Brian — quick specific idea.

I was looking at Kalamazoo Mortgage - NMLS#130562 and noticed the mortgage workflow probably has a lot of borrower/doc follow-up hiding behind the scenes. Kalamazoo Mortgage - NMLS#130562 mentions complex mortgage products/workflows like: team approach to lending accompanied by licensed professionals available 7 days a week sets Kalamazoo Mortgage head and shoulders above the rest! Kalamazoo area is

I’m testing a 7-day AIOS Quickstart for mortgage teams: 3 approval-only AI routines like borrower doc follow-up drafts by loan type, daily pipeline brief, and missing-doc follow-up drafts.

No auto-sending. Just drafts, briefs, and follow-up queues your team approves.

Want me to send the 3 routines I’d set up for Kalamazoo Mortgage - NMLS#130562?",3 AI routines for Kalamazoo Mortgage - NMLS#130562,"Hey Brian,

I was looking at Kalamazoo Mortgage - NMLS#130562 and had a specific thought. Mortgage teams usually don’t need a giant AI strategy. They need the recurring borrower/admin work to stop eating the week.

What stood out: Kalamazoo Mortgage - NMLS#130562 mentions complex mortgage products/workflows like: team approach to lending accompanied by licensed professionals available 7 days a week sets Kalamazoo Mortgage head and shoulders above the rest! Kalamazoo area is

I’m testing a 7-day AIOS Quickstart where I install 3 approval-gated routines for mortgage teams. For Kalamazoo Mortgage - NMLS#130562, I’d probably start with:

1. borrower doc follow-up drafts by loan type
2. daily pipeline brief
3. missing-doc follow-up drafts

Everything stays approval-only — no AI auto-sending weird emails to borrowers. It drafts, summarizes, and queues the work so your team can move faster.

Worth sending over a quick version of what I’d install?

Ryan","Quick bump, Brian — I can make this concrete for Kalamazoo Mortgage - NMLS#130562.

I’d map 3 recurring workflows, install the approval-only drafts/briefs, and hand you a simple weekly operating rhythm. No giant dashboard, no auto-send.

Worth a quick look?"
50,111,owner_or_founder | producer | small_team | smaller_revenue | verified_email | linkedin_present | strong_mortgage_fit | doc_complex_products:va | speed_service_language:communication | broker_local_language,READY_FOR_LINKEDIN_AND_EMAIL,Cathy,Gibb,Cathy Gibb,Co-Founder / Mortgage Broker,founder,CAM Mortgage Partners LLC | NMLS# 2660615,CAM Mortgage Partners LLC | NMLS# 2660615,cathy@camlending.com,REAL-TIME VERIFIED ON 26 May 26,https://www.linkedin.com/in/cathy-gibb-4773709,Greater Houston,,http://www.camlending.com,https://www.linkedin.com/company/cam-mortgage-partners-llc,2-10,3,100000-499999,,"At CAM Mortgage, we offer an extensive range of niche and QM loan options, competitive pricing, and consistency on each transaction. We understand that securing a mortgage is a significant financial decision, and we tailor each transaction to fit the level of communication and attention that each customer wants and needs. Whether you are ready today or need a plan for the future, we can be your lenders for life. 

Get your keys at CAM.

Equal Housing Opportunity | This is not a commitment to lend. All loans are subject to credit approval. | https://www.nmlsconsumeraccess.org/EntityDetails.aspx/COMPANY/2660615",CAM Mortgage Partners LLC | NMLS# 2660615 mentions complex mortgage products/workflows like: s not a commitment to lend. All loans are subject to credit approval. | https://www.nmlsconsumeraccess.org/EntityDetails.aspx/COMPANY/2660615,borrower doc follow-up drafts by loan type; daily pipeline brief; missing-doc follow-up drafts,"Hey Cathy — quick specific idea.

I was looking at CAM Mortgage Partners LLC | NMLS# 2660615 and noticed the mortgage workflow probably has a lot of borrower/doc follow-up hiding behind the scenes. CAM Mortgage Partners LLC | NMLS# 2660615 mentions complex mortgage products/workflows like: s not a commitment to lend. All loans are subject to credit approval. | https://www.nmlsconsumeraccess.org/EntityDetails.aspx/COMPANY/2660615

I’m testing a 7-day AIOS Quickstart for mortgage teams: 3 approval-only AI routines like borrower doc follow-up drafts by loan type, daily pipeline brief, and missing-doc follow-up drafts.

No auto-sending. Just drafts, briefs, and follow-up queues your team approves.

Want me to send the 3 routines I’d set up for CAM Mortgage Partners LLC | NMLS# 2660615?",3 AI routines for CAM Mortgage Partners LLC | NMLS# 2660615,"Hey Cathy,

I was looking at CAM Mortgage Partners LLC | NMLS# 2660615 and had a specific thought. Mortgage teams usually don’t need a giant AI strategy. They need the recurring borrower/admin work to stop eating the week.

What stood out: CAM Mortgage Partners LLC | NMLS# 2660615 mentions complex mortgage products/workflows like: s not a commitment to lend. All loans are subject to credit approval. | https://www.nmlsconsumeraccess.org/EntityDetails.aspx/COMPANY/2660615

I’m testing a 7-day AIOS Quickstart where I install 3 approval-gated routines for mortgage teams. For CAM Mortgage Partners LLC | NMLS# 2660615, I’d probably start with:

1. borrower doc follow-up drafts by loan type
2. daily pipeline brief
3. missing-doc follow-up drafts

Everything stays approval-only — no AI auto-sending weird emails to borrowers. It drafts, summarizes, and queues the work so your team can move faster.

Worth sending over a quick version of what I’d install?

Ryan","Quick bump, Cathy — I can make this concrete for CAM Mortgage Partners LLC | NMLS# 2660615.

I’d map 3 recurring workflows, install the approval-only drafts/briefs, and hand you a simple weekly operating rhythm. No giant dashboard, no auto-send.

Worth a quick look?"
51,111,"owner_or_founder | branch_manager | small_team | revenue_can_pay | verified_email | linkedin_present | mortgage_fit | doc_complex_products:investment,va | broker_local_language",READY_FOR_LINKEDIN_AND_EMAIL,Seth,Cherniak,Seth Cherniak,Vice President/Branch Manager,manager,Jeffrey Matthews Financial Group,Jeffrey Matthews Financial Group,scherniak@jeffreymatthews.com,REAL-TIME VERIFIED ON 26 May 26,https://www.linkedin.com/in/seth-cherniak-54ba1814,Mobile Metropolitan Area,,jeffreymatthews.com,https://www.linkedin.com/company/the-jeffrey-matthews-financial-group-llc,11-50,26,1000000-4999999,"financial planning, equities, mutual funds, insurance, bonds, municipal bonds, fixed income","Established in 1996, The Jeffrey Matthews Financial Group works closely with its clientele to help them navigate the financial markets and develop strategies to build and sustain their wealth. Our clients include retail, high net worth individuals, charitable foundations, institutional clients, 401K/pension plans and bond funds.

Jeffrey Matthews prides itself on our origins as a specialty provider of municipal bonds, a tool for wealth preservation and tax-free fixed income that embodies our longstanding commitment to putting customers’ interests first. However, in order to keep pace with today’s complex markets and customer needs, we have evolved into a full service securities brokerage firm. We offer a complete range of products and services, including fixed income securities, equities, mutual funds and insurance. Jeffrey Matthews understands clients’ specific goals, providing them a comprehensive financial review that takes into account wealth accumulation, preservation and protection. We also offer access to financial education and we will work in coordination with clients’ tax attorneys, estate planners and legal advisors.

In addition, investment advisory services are offered through Jeffrey Matthews Advisory Group, LLC, a company under common control with The Jeffrey Matthews Financial Group.

As of December 31, 2014, Jeffrey Matthews has helped customers invest over $1.2 billion in assets held at its clearing firm, RBC Correspondent Services, as well as other financial institutions.","Jeffrey Matthews Financial Group mentions complex mortgage products/workflows like: tax attorneys, estate planners and legal advisors. In addition, investment advisory services are offered through Jeffrey Matthews Advisory Group, LLC, a company und",complex-file doc checklist; borrower doc follow-up drafts by loan type; daily pipeline brief,"Hey Seth — quick specific idea.

I was looking at Jeffrey Matthews Financial Group and noticed the mortgage workflow probably has a lot of borrower/doc follow-up hiding behind the scenes. Jeffrey Matthews Financial Group mentions complex mortgage products/workflows like: tax attorneys, estate planners and legal advisors. In addition, investment advisory services are offered through Jeffrey Matthews Advisory Group, LLC, a company und

I’m testing a 7-day AIOS Quickstart for mortgage teams: 3 approval-only AI routines like complex-file doc checklist, borrower doc follow-up drafts by loan type, and daily pipeline brief.

No auto-sending. Just drafts, briefs, and follow-up queues your team approves.

Want me to send the 3 routines I’d set up for Jeffrey Matthews Financial Group?",3 AI routines for Jeffrey Matthews Financial Group,"Hey Seth,

I was looking at Jeffrey Matthews Financial Group and had a specific thought. Mortgage teams usually don’t need a giant AI strategy. They need the recurring borrower/admin work to stop eating the week.

What stood out: Jeffrey Matthews Financial Group mentions complex mortgage products/workflows like: tax attorneys, estate planners and legal advisors. In addition, investment advisory services are offered through Jeffrey Matthews Advisory Group, LLC, a company und

I’m testing a 7-day AIOS Quickstart where I install 3 approval-gated routines for mortgage teams. For Jeffrey Matthews Financial Group, I’d probably start with:

1. complex-file doc checklist
2. borrower doc follow-up drafts by loan type
3. daily pipeline brief

Everything stays approval-only — no AI auto-sending weird emails to borrowers. It drafts, summarizes, and queues the work so your team can move faster.

Worth sending over a quick version of what I’d install?

Ryan","Quick bump, Seth — I can make this concrete for Jeffrey Matthews Financial Group.

I’d map 3 recurring workflows, install the approval-only drafts/briefs, and hand you a simple weekly operating rhythm. No giant dashboard, no auto-send.

Worth a quick look?"
52,111,"owner_or_founder | branch_manager | small_team | smaller_revenue | verified_email | linkedin_present | mortgage_fit | doc_complex_products:investment,investor,va | broker_local_language",READY_FOR_LINKEDIN_AND_EMAIL,David,Wolf,David Wolf,"CEO and Principal/Branch Manager, RJFS",manager,"Excelsior Financial, LLC","Excelsior Financial, LLC",david.wolf@raymondjames.com,REAL-TIME VERIFIED ON 26 May 26,https://www.linkedin.com/in/david-wolf-excelsior,Buffalo-niagara Falls Area,,https://www.raymondjames.com/excelsiorfin,https://www.linkedin.com/company/excelsior-financial-llc,2-10,5,100000-499999,"401k, 529, education savings","Excelsior Financial specializes in financial services. Local to Buffalo, New York, we serve the Western New York community and offer financial strategies to help individuals, families and businesses in the area prepare for the expected and unexpected.
Investment advisory services offered through Raymond James Financial Services Advisors, Inc.. Excelsior Financial is not a registered broker/dealer and is independent of Raymond James Financial Services. 
Raymond James financial advisors may only conduct business with residents of the states and/or jurisdictions for which they are properly registered. Therefore, a response to a request for information may be delayed. Please note that not all of the investments and services mentioned are available in every state. Investors outside of the United States are subject to securities and tax regulations within their applicable jurisdictions that are not addressed on this site. Contact your local Raymond James office for information and availability. Please follow this link to additional disclosures: http://raymondjames.com/smrja.htm
Raymond James & Associates, Inc., Member New York Stock Exchange/SIPC","Excelsior Financial, LLC mentions complex mortgage products/workflows like: businesses in the area prepare for the expected and unexpected. Investment advisory services offered through Raymond James Financial Services Advisors, Inc.. Excels",complex-file doc checklist; borrower doc follow-up drafts by loan type; daily pipeline brief,"Hey David — quick specific idea.

I was looking at Excelsior Financial, LLC and noticed the mortgage workflow probably has a lot of borrower/doc follow-up hiding behind the scenes. Excelsior Financial, LLC mentions complex mortgage products/workflows like: businesses in the area prepare for the expected and unexpected. Investment advisory services offered through Raymond James Financial Services Advisors, Inc.. Excels

I’m testing a 7-day AIOS Quickstart for mortgage teams: 3 approval-only AI routines like complex-file doc checklist, borrower doc follow-up drafts by loan type, and daily pipeline brief.

No auto-sending. Just drafts, briefs, and follow-up queues your team approves.

Want me to send the 3 routines I’d set up for Excelsior Financial, LLC?","3 AI routines for Excelsior Financial, LLC","Hey David,

I was looking at Excelsior Financial, LLC and had a specific thought. Mortgage teams usually don’t need a giant AI strategy. They need the recurring borrower/admin work to stop eating the week.

What stood out: Excelsior Financial, LLC mentions complex mortgage products/workflows like: businesses in the area prepare for the expected and unexpected. Investment advisory services offered through Raymond James Financial Services Advisors, Inc.. Excels

I’m testing a 7-day AIOS Quickstart where I install 3 approval-gated routines for mortgage teams. For Excelsior Financial, LLC, I’d probably start with:

1. complex-file doc checklist
2. borrower doc follow-up drafts by loan type
3. daily pipeline brief

Everything stays approval-only — no AI auto-sending weird emails to borrowers. It drafts, summarizes, and queues the work so your team can move faster.

Worth sending over a quick version of what I’d install?

Ryan","Quick bump, David — I can make this concrete for Excelsior Financial, LLC.

I’d map 3 recurring workflows, install the approval-only drafts/briefs, and hand you a simple weekly operating rhythm. No giant dashboard, no auto-send.

Worth a quick look?"
53,111,"owner_or_founder | branch_manager | small_team | verified_email | linkedin_present | strong_mortgage_fit | doc_complex_products:jumbo,investor,heloc,reverse",READY_FOR_LINKEDIN_AND_EMAIL,Daryl,Koster,Daryl Koster,"Loan Specialist & Co-Founder | Branch Manager, E Mortgage Capital",founder,The Mortgage Couple,The Mortgage Couple,dkoster@emortgagecapital.com,REAL-TIME VERIFIED ON 26 May 26,https://www.linkedin.com/in/darylkoster,Irvine,California,https://www.emortgagecapital.com/team/Daryl-Koster-4195,https://www.linkedin.com/company/themortgagecouple,2-10,2,,"va loans, mortgage lending, military families, refinance, heloc, home purchase, first-time buyers, reverse mortgage","The Mortgage Couple is the lending practice Daryl and Amy Koster built inside E Mortgage Capital to serve veterans, military families, and homeowners who want a lender that actually picks up the phone.

VA loans are our specialty. Zero down. No PMI. Competitive rates. Flexible credit guidelines. We help veterans and active-duty service members use the VA benefit they earned on purchases, refinances, HELOCs, and cash-out loans.

We also handle conventional, FHA, Down Payment Assistance, jumbo, investor, and self-employed borrower loans for clients who need options outside the VA program.

If you're a veteran thinking about buying, refinancing, or pulling equity, or a real estate professional who needs a lender you can trust on your toughest VA files, reach out.","The Mortgage Couple mentions complex mortgage products/workflows like: ans. We also handle conventional, FHA, Down Payment Assistance, jumbo, investor, and self-employed borrower loans for clients who need options outside the VA progra",complex-file doc checklist; borrower doc follow-up drafts by loan type; daily pipeline brief,"Hey Daryl — quick specific idea.

I was looking at The Mortgage Couple and noticed the mortgage workflow probably has a lot of borrower/doc follow-up hiding behind the scenes. The Mortgage Couple mentions complex mortgage products/workflows like: ans. We also handle conventional, FHA, Down Payment Assistance, jumbo, investor, and self-employed borrower loans for clients who need options outside the VA progra

I’m testing a 7-day AIOS Quickstart for mortgage teams: 3 approval-only AI routines like complex-file doc checklist, borrower doc follow-up drafts by loan type, and daily pipeline brief.

No auto-sending. Just drafts, briefs, and follow-up queues your team approves.

Want me to send the 3 routines I’d set up for The Mortgage Couple?",3 AI routines for The Mortgage Couple,"Hey Daryl,

I was looking at The Mortgage Couple and had a specific thought. Mortgage teams usually don’t need a giant AI strategy. They need the recurring borrower/admin work to stop eating the week.

What stood out: The Mortgage Couple mentions complex mortgage products/workflows like: ans. We also handle conventional, FHA, Down Payment Assistance, jumbo, investor, and self-employed borrower loans for clients who need options outside the VA progra

I’m testing a 7-day AIOS Quickstart where I install 3 approval-gated routines for mortgage teams. For The Mortgage Couple, I’d probably start with:

1. complex-file doc checklist
2. borrower doc follow-up drafts by loan type
3. daily pipeline brief

Everything stays approval-only — no AI auto-sending weird emails to borrowers. It drafts, summarizes, and queues the work so your team can move faster.

Worth sending over a quick version of what I’d install?

Ryan","Quick bump, Daryl — I can make this concrete for The Mortgage Couple.

I’d map 3 recurring workflows, install the approval-only drafts/briefs, and hand you a simple weekly operating rhythm. No giant dashboard, no auto-send.

Worth a quick look?"
54,111,"owner_or_founder | producer | small_team | revenue_can_pay | verified_email | linkedin_present | strong_mortgage_fit | doc_complex_products:commercial,investor | broker_local_language",READY_FOR_LINKEDIN_AND_EMAIL,Jim,Wilson,Jim Wilson,Mortgage Broker / President,c_suite,"Preferred Mortgage, Inc","Preferred Mortgage, Inc",jim@prefmortgage.net,REAL-TIME VERIFIED ON 26 May 26,https://www.linkedin.com/in/jim-wilson,San Ramon,California,prefmortgage.net,https://www.linkedin.com/company/preferred-mortgage-inc,11-50,29,1000000-4999999,,"As one of the West Coast's leading independent mortgage brokers Preferred Mortgage has a seasoned team of experts that hold experience in both residential and commercial property loans. Operating in the San Francisco Bay Area we help first-time home buyers, individuals, families, and real estate investors acquire cost effective loans at the best rates possible.","Preferred Mortgage, Inc mentions complex mortgage products/workflows like: ned team of experts that hold experience in both residential and commercial property loans. Operating in the San Francisco Bay Area we help first-time home buyers, i",daily pipeline brief; missing-doc follow-up drafts; stale borrower/realtor follow-up queue,"Hey Jim — quick specific idea.

I was looking at Preferred Mortgage, Inc and noticed the mortgage workflow probably has a lot of borrower/doc follow-up hiding behind the scenes. Preferred Mortgage, Inc mentions complex mortgage products/workflows like: ned team of experts that hold experience in both residential and commercial property loans. Operating in the San Francisco Bay Area we help first-time home buyers, i

I’m testing a 7-day AIOS Quickstart for mortgage teams: 3 approval-only AI routines like daily pipeline brief, missing-doc follow-up drafts, and stale borrower/realtor follow-up queue.

No auto-sending. Just drafts, briefs, and follow-up queues your team approves.

Want me to send the 3 routines I’d set up for Preferred Mortgage, Inc?","3 AI routines for Preferred Mortgage, Inc","Hey Jim,

I was looking at Preferred Mortgage, Inc and had a specific thought. Mortgage teams usually don’t need a giant AI strategy. They need the recurring borrower/admin work to stop eating the week.

What stood out: Preferred Mortgage, Inc mentions complex mortgage products/workflows like: ned team of experts that hold experience in both residential and commercial property loans. Operating in the San Francisco Bay Area we help first-time home buyers, i

I’m testing a 7-day AIOS Quickstart where I install 3 approval-gated routines for mortgage teams. For Preferred Mortgage, Inc, I’d probably start with:

1. daily pipeline brief
2. missing-doc follow-up drafts
3. stale borrower/realtor follow-up queue

Everything stays approval-only — no AI auto-sending weird emails to borrowers. It drafts, summarizes, and queues the work so your team can move faster.

Worth sending over a quick version of what I’d install?

Ryan","Quick bump, Jim — I can make this concrete for Preferred Mortgage, Inc.

I’d map 3 recurring workflows, install the approval-only drafts/briefs, and hand you a simple weekly operating rhythm. No giant dashboard, no auto-send.

Worth a quick look?"
55,111,"branch_manager | small_team | smaller_revenue | verified_email | linkedin_present | strong_mortgage_fit | doc_complex_products:non-qm,jumbo,fha,va | speed_service_language:fast,streamlined,technology,tech | broker_local_language",READY_FOR_LINKEDIN_AND_EMAIL,Betty,Gibson,Betty Gibson,Branch Manager NMLS #98403,manager,Simpler Home Loans,Simpler Home Loans,betty.gibson@simplerhomeloans.com,REAL-TIME VERIFIED ON 26 May 26,https://www.linkedin.com/in/betty-gibson-7a264119,Greensboro,North Carolina,simplerhomeloans.com,https://www.linkedin.com/company/simpler-home-loans,11-50,21,100000-499999,"mortgage, home loans, mortgage broker, home purchase , home refinance, fintech, home lending, mortgage banker, fha, va, conventional, jumbo, non-qm","Simpler Home Loans is a modern, multi-state mortgage company built to give Mortgage Advisors the platform, technology, and support they need to scale their business with speed and confidence. Headquartered in San Diego and licensed in 22 states, we combine deep industry expertise with a best-in-class technology stack to deliver a lending experience that is faster, more transparent, and fundamentally simpler.

We operate two primary channels, a high-efficiency consumer-direct division and a distributed retail model for top-producing Advisors. Both are supported by unified systems, real-time data, and streamlined fulfillment workflows that reduce friction, improve pull-through, and allow Advisors to focus on production rather than process management.

Our view is straightforward: Mortgage Advisors are our clients. Every strategic decision from product mix to pricing, from lead strategy to fulfillment, is made through that lens. When Advisors are equipped to serve at the highest level, borrowers receive a superior lending experience.

Our leadership team, including our EVPs and SVPs, brings over 100+ years of combined experience in retail mortgage banking, credit risk, operations, and technology deployment. We invest heavily in systems, automation, lead engagement, and predictive analytics to enable sustainable scaling while preserving credit quality and compliance standards.

Short-term, we are executing on rapid multi-state expansion, deeper technology integration, and the transition from mortgage broker to non-delegated correspondent lending. Long-term, our vision is to build a leading modern mortgage bank capable of originating $200M+ monthly while maintaining the agility, culture, and advisor experience that differentiate us in the market.

For Advisors seeking a platform that removes obstacles, accelerates production, and respects the craft of mortgage origination, Simpler Home Loans provides the ecosystem to thrive.","Simpler Home Loans mentions complex mortgage products/workflows like: ch, home lending, mortgage banker, fha, va, conventional, jumbo, non-qm Simpler Home Loans is a modern, multi-state mortgage company built to give Mortgage Advisors",complex-file doc checklist; borrower doc follow-up drafts by loan type; daily pipeline brief,"Hey Betty — quick specific idea.

I was looking at Simpler Home Loans and noticed the mortgage workflow probably has a lot of borrower/doc follow-up hiding behind the scenes. Simpler Home Loans mentions complex mortgage products/workflows like: ch, home lending, mortgage banker, fha, va, conventional, jumbo, non-qm Simpler Home Loans is a modern, multi-state mortgage company built to give Mortgage Advisors

I’m testing a 7-day AIOS Quickstart for mortgage teams: 3 approval-only AI routines like complex-file doc checklist, borrower doc follow-up drafts by loan type, and daily pipeline brief.

No auto-sending. Just drafts, briefs, and follow-up queues your team approves.

Want me to send the 3 routines I’d set up for Simpler Home Loans?",3 AI routines for Simpler Home Loans,"Hey Betty,

I was looking at Simpler Home Loans and had a specific thought. Mortgage teams usually don’t need a giant AI strategy. They need the recurring borrower/admin work to stop eating the week.

What stood out: Simpler Home Loans mentions complex mortgage products/workflows like: ch, home lending, mortgage banker, fha, va, conventional, jumbo, non-qm Simpler Home Loans is a modern, multi-state mortgage company built to give Mortgage Advisors

I’m testing a 7-day AIOS Quickstart where I install 3 approval-gated routines for mortgage teams. For Simpler Home Loans, I’d probably start with:

1. complex-file doc checklist
2. borrower doc follow-up drafts by loan type
3. daily pipeline brief

Everything stays approval-only — no AI auto-sending weird emails to borrowers. It drafts, summarizes, and queues the work so your team can move faster.

Worth sending over a quick version of what I’d install?

Ryan","Quick bump, Betty — I can make this concrete for Simpler Home Loans.

I’d map 3 recurring workflows, install the approval-only drafts/briefs, and hand you a simple weekly operating rhythm. No giant dashboard, no auto-send.

Worth a quick look?"
56,111,owner_or_founder | producer | small_team | smaller_revenue | verified_email | linkedin_present | strong_mortgage_fit | doc_complex_products:fha | speed_service_language:customer service | broker_local_language,READY_FOR_LINKEDIN_AND_EMAIL,Lucky,Singh,Lucky Singh,"CEO, Mortgage Broker Owner NMLS# 2043461",owner,LJ Mortgage Team Inc. NMLS 2120286,LJ Mortgage Team Inc. NMLS 2120286,lucky@ljmortgageteam.com,REAL-TIME VERIFIED ON 26 May 26,https://www.linkedin.com/in/luckysinghrealtor,New York City Metropolitan Area,,ljmortgageteam.com,https://www.linkedin.com/company/lj-mortgage-team,2-10,6,100000-499999,"mortgages, refinance, fha loans, conventional loans","We are an independent Mortgage Brokerage located in Queens New York.  

Our mission is to provide you with superior customer service and  all the options for your home purchase or refinance.","LJ Mortgage Team Inc. NMLS 2120286 mentions complex mortgage products/workflows like: mortgages, refinance, fha loans, conventional loans We are an independent Mortgage Brokerage located in Queens New York.",borrower doc follow-up drafts by loan type; daily pipeline brief; missing-doc follow-up drafts,"Hey Lucky — quick specific idea.

I was looking at LJ Mortgage Team Inc. NMLS 2120286 and noticed the mortgage workflow probably has a lot of borrower/doc follow-up hiding behind the scenes. LJ Mortgage Team Inc. NMLS 2120286 mentions complex mortgage products/workflows like: mortgages, refinance, fha loans, conventional loans We are an independent Mortgage Brokerage located in Queens New York.

I’m testing a 7-day AIOS Quickstart for mortgage teams: 3 approval-only AI routines like borrower doc follow-up drafts by loan type, daily pipeline brief, and missing-doc follow-up drafts.

No auto-sending. Just drafts, briefs, and follow-up queues your team approves.

Want me to send the 3 routines I’d set up for LJ Mortgage Team Inc. NMLS 2120286?",3 AI routines for LJ Mortgage Team Inc. NMLS 2120286,"Hey Lucky,

I was looking at LJ Mortgage Team Inc. NMLS 2120286 and had a specific thought. Mortgage teams usually don’t need a giant AI strategy. They need the recurring borrower/admin work to stop eating the week.

What stood out: LJ Mortgage Team Inc. NMLS 2120286 mentions complex mortgage products/workflows like: mortgages, refinance, fha loans, conventional loans We are an independent Mortgage Brokerage located in Queens New York.

I’m testing a 7-day AIOS Quickstart where I install 3 approval-gated routines for mortgage teams. For LJ Mortgage Team Inc. NMLS 2120286, I’d probably start with:

1. borrower doc follow-up drafts by loan type
2. daily pipeline brief
3. missing-doc follow-up drafts

Everything stays approval-only — no AI auto-sending weird emails to borrowers. It drafts, summarizes, and queues the work so your team can move faster.

Worth sending over a quick version of what I’d install?

Ryan","Quick bump, Lucky — I can make this concrete for LJ Mortgage Team Inc. NMLS 2120286.

I’d map 3 recurring workflows, install the approval-only drafts/briefs, and hand you a simple weekly operating rhythm. No giant dashboard, no auto-send.

Worth a quick look?"
57,111,"owner_or_founder | producer | small_team | smaller_revenue | verified_email | linkedin_present | strong_mortgage_fit | doc_complex_products:jumbo,fha,va | broker_local_language",READY_FOR_LINKEDIN_AND_EMAIL,Richard,Sarey,Richard Sarey,President/Owner/Mortgage Broker,owner,Sarey Enterprises LLC Dba Alliance Mortgage Group NMLS #292257,Sarey Enterprises LLC Dba Alliance Mortgage Group NMLS #292257,rsarey@alliancemtggroup.net,REAL-TIME VERIFIED ON 26 May 26,https://www.linkedin.com/in/richard-sarey-2abb918,Frisco,Texas,alliancemtggroup.net,https://www.linkedin.com/company/sarey-enterprises-llc-dba-alliance-mortgage-group,2-10,3,100000-499999,,"At Alliance Mortgage Group we are committed to assisting our clients with the highest quality home loans combined with the lowest mortgage rates available. We are located in Frisco and are available to serve anyone throughout the great state of Texas and Oklahoma. We specialize in the following types of business:

·         Purchase Loans
·         Refinance Loans
·         Debt Consolidation Loans
·         Home Improvement Loans

At Alliance Mortgage Group we are here to help you navigate the many different home loan options that are available.  Those options include conventional home loans (conforming or non-conforming), FHA loans for those looking to purchase a home with little money down or less than stellar credit, VA loans for military personnel, and Jumbo or Super Jumbo loans.

Our current loan programs offer historically low interest rates and make it the perfect time to refinance your current mortgage loan or finance a new home!

Alliance Mortgage Group’s ultimate goal is to service all clients throughout Texas and build lasting relationships for years to come.  We are the #1 Team for all of your home loan needs!

Call Us Today!  214-872-2188","Sarey Enterprises LLC Dba Alliance Mortgage Group NMLS #292257 mentions complex mortgage products/workflows like: r less than stellar credit, VA loans for military personnel, and Jumbo or Super Jumbo loans. Our current loan programs offer historically low interest rates and mak",complex-file doc checklist; borrower doc follow-up drafts by loan type; daily pipeline brief,"Hey Richard — quick specific idea.

I was looking at Sarey Enterprises LLC Dba Alliance Mortgage Group NMLS #292257 and noticed the mortgage workflow probably has a lot of borrower/doc follow-up hiding behind the scenes. Sarey Enterprises LLC Dba Alliance Mortgage Group NMLS #292257 mentions complex mortgage products/workflows like: r less than stellar credit, VA loans for military personnel, and Jumbo or Super Jumbo loans. Our current loan programs offer historically low interest rates and mak

I’m testing a 7-day AIOS Quickstart for mortgage teams: 3 approval-only AI routines like complex-file doc checklist, borrower doc follow-up drafts by loan type, and daily pipeline brief.

No auto-sending. Just drafts, briefs, and follow-up queues your team approves.

Want me to send the 3 routines I’d set up for Sarey Enterprises LLC Dba Alliance Mortgage Group NMLS #292257?",3 AI routines for Sarey Enterprises LLC Dba Alliance Mortgage Group NMLS #292257,"Hey Richard,

I was looking at Sarey Enterprises LLC Dba Alliance Mortgage Group NMLS #292257 and had a specific thought. Mortgage teams usually don’t need a giant AI strategy. They need the recurring borrower/admin work to stop eating the week.

What stood out: Sarey Enterprises LLC Dba Alliance Mortgage Group NMLS #292257 mentions complex mortgage products/workflows like: r less than stellar credit, VA loans for military personnel, and Jumbo or Super Jumbo loans. Our current loan programs offer historically low interest rates and mak

I’m testing a 7-day AIOS Quickstart where I install 3 approval-gated routines for mortgage teams. For Sarey Enterprises LLC Dba Alliance Mortgage Group NMLS #292257, I’d probably start with:

1. complex-file doc checklist
2. borrower doc follow-up drafts by loan type
3. daily pipeline brief

Everything stays approval-only — no AI auto-sending weird emails to borrowers. It drafts, summarizes, and queues the work so your team can move faster.

Worth sending over a quick version of what I’d install?

Ryan","Quick bump, Richard — I can make this concrete for Sarey Enterprises LLC Dba Alliance Mortgage Group NMLS #292257.

I’d map 3 recurring workflows, install the approval-only drafts/briefs, and hand you a simple weekly operating rhythm. No giant dashboard, no auto-send.

Worth a quick look?"
58,111,"owner_or_founder | branch_manager | small_team | smaller_revenue | verified_email | linkedin_present | mortgage_fit | doc_complex_products:investment,investor,va | broker_local_language",READY_FOR_LINKEDIN_AND_EMAIL,Sonia,Jenkins,Sonia Jenkins,"Partner, CEO / Branch Manager, RJFS",manager,Owens Estate and Wealth Strategies Group,Owens Estate and Wealth Strategies Group,sonia.jenkins@owensestateandwealth.com,REAL-TIME VERIFIED ON 26 May 26,https://www.linkedin.com/in/sonia-jenkins-9a76129a,Grass Valley,California,owensestateandwealth.com,https://www.linkedin.com/company/owensestateandwealth,11-50,7,500000-999999,"estate and tax planning, small business planning, institutional financial management","Successful financial planning will impact every part of your life. Change is ongoing in our work lives and our personal lives, sometimes happening suddenly and sometimes evolving over a long stretch of time. We can help you move toward a stable, comfortable, and financially independent future through careful planning and preparing for the unexpected. We believe that everyone’s needs are different, and we listen closely and work hard to understand your current situation and your financial needs and goals.

Our decisions and strategies are based on a combination of third-party research and our own in-house analysis.  The better informed we are, the better we are equipped to aid your investments. 

We welcome your inquiry, even if you think your needs or assets are modest. Our friendly, professional and straightforward personal approach is a hallmark of our business, and we look forward to serving you.

Owens Estate and Wealth Strategies Group is not a registered broker/dealer and is independent of Raymond James Financial Services, Inc. Member FINRA/SIPC. Investment advisory services offered through Raymond James Financial Services Advisors, Inc. Securities offered through Raymond James Financial Services, Inc. Member FINRA/SIPC. 

Raymond James financial advisors may only conduct business with residents of the states and/or jurisdictions for which they are properly registered.  Therefore, a response to a request for information may be delayed.  Please note that not all of the investments and services mentioned are available in every state.  Investors outside of the United States are subject to securities and tax regulations within their applicable jurisdictions that are not addressed on this site.  Contact your local Raymond James office for information and availability.

Important Disclosure Information: http://raymondjames.com/smicd.htm

530.272.7500","Owens Estate and Wealth Strategies Group mentions complex mortgage products/workflows like: e better informed we are, the better we are equipped to aid your investments. We welcome your inquiry, even if you think your needs or assets are modest. Our frien",complex-file doc checklist; borrower doc follow-up drafts by loan type; daily pipeline brief,"Hey Sonia — quick specific idea.

I was looking at Owens Estate and Wealth Strategies Group and noticed the mortgage workflow probably has a lot of borrower/doc follow-up hiding behind the scenes. Owens Estate and Wealth Strategies Group mentions complex mortgage products/workflows like: e better informed we are, the better we are equipped to aid your investments. We welcome your inquiry, even if you think your needs or assets are modest. Our frien

I’m testing a 7-day AIOS Quickstart for mortgage teams: 3 approval-only AI routines like complex-file doc checklist, borrower doc follow-up drafts by loan type, and daily pipeline brief.

No auto-sending. Just drafts, briefs, and follow-up queues your team approves.

Want me to send the 3 routines I’d set up for Owens Estate and Wealth Strategies Group?",3 AI routines for Owens Estate and Wealth Strategies Group,"Hey Sonia,

I was looking at Owens Estate and Wealth Strategies Group and had a specific thought. Mortgage teams usually don’t need a giant AI strategy. They need the recurring borrower/admin work to stop eating the week.

What stood out: Owens Estate and Wealth Strategies Group mentions complex mortgage products/workflows like: e better informed we are, the better we are equipped to aid your investments. We welcome your inquiry, even if you think your needs or assets are modest. Our frien

I’m testing a 7-day AIOS Quickstart where I install 3 approval-gated routines for mortgage teams. For Owens Estate and Wealth Strategies Group, I’d probably start with:

1. complex-file doc checklist
2. borrower doc follow-up drafts by loan type
3. daily pipeline brief

Everything stays approval-only — no AI auto-sending weird emails to borrowers. It drafts, summarizes, and queues the work so your team can move faster.

Worth sending over a quick version of what I’d install?

Ryan","Quick bump, Sonia — I can make this concrete for Owens Estate and Wealth Strategies Group.

I’d map 3 recurring workflows, install the approval-only drafts/briefs, and hand you a simple weekly operating rhythm. No giant dashboard, no auto-send.

Worth a quick look?"
59,111,"owner_or_founder | producer | small_team | revenue_can_pay | verified_email | linkedin_present | strong_mortgage_fit | doc_complex_products:commercial,private lending,reverse,fha",READY_FOR_LINKEDIN_AND_EMAIL,Ann,Sabbagh,Ann Sabbagh,"Owner, Sr. Loan Officer, FHA, Fannie Mae, USDA, VA, Commercial Lending Specialist, Reverse Mortgages",owner,Seacoast Mortgage Corporation,Seacoast Mortgage Corporation,asabbagh@seacoastmortgage.com,REAL-TIME VERIFIED ON 26 May 26,https://www.linkedin.com/in/annsabbagh,North Attleboro,Massachusetts,seacoastmortgage.com,https://www.linkedin.com/company/seacoast-mortgage-corporation,11-50,21,1000000-4999999,"commercial lending, residential lending, refinancing, fha, va, conventional loans, non-conventional loans, loan origination, zero-down payment purchase programs, zero-down payment refinance programs, private lending","Leading residential and commercial lending company/correspondent lender. Licensed in and servicing Rhode Island (20021339,LB B01; 20031576 LL) Massachusetts  (MC2107), Connecticut, (11404)  New Jersey and Florida (MLD 1435).  NMLS#2107","Seacoast Mortgage Corporation mentions complex mortgage products/workflows like: commercial lending, residential lending, refinancing, fha, va, conventional loans, non-conventional",borrower doc follow-up drafts by loan type; daily pipeline brief; missing-doc follow-up drafts,"Hey Ann — quick specific idea.

I was looking at Seacoast Mortgage Corporation and noticed the mortgage workflow probably has a lot of borrower/doc follow-up hiding behind the scenes. Seacoast Mortgage Corporation mentions complex mortgage products/workflows like: commercial lending, residential lending, refinancing, fha, va, conventional loans, non-conventional

I’m testing a 7-day AIOS Quickstart for mortgage teams: 3 approval-only AI routines like borrower doc follow-up drafts by loan type, daily pipeline brief, and missing-doc follow-up drafts.

No auto-sending. Just drafts, briefs, and follow-up queues your team approves.

Want me to send the 3 routines I’d set up for Seacoast Mortgage Corporation?",3 AI routines for Seacoast Mortgage Corporation,"Hey Ann,

I was looking at Seacoast Mortgage Corporation and had a specific thought. Mortgage teams usually don’t need a giant AI strategy. They need the recurring borrower/admin work to stop eating the week.

What stood out: Seacoast Mortgage Corporation mentions complex mortgage products/workflows like: commercial lending, residential lending, refinancing, fha, va, conventional loans, non-conventional

I’m testing a 7-day AIOS Quickstart where I install 3 approval-gated routines for mortgage teams. For Seacoast Mortgage Corporation, I’d probably start with:

1. borrower doc follow-up drafts by loan type
2. daily pipeline brief
3. missing-doc follow-up drafts

Everything stays approval-only — no AI auto-sending weird emails to borrowers. It drafts, summarizes, and queues the work so your team can move faster.

Worth sending over a quick version of what I’d install?

Ryan","Quick bump, Ann — I can make this concrete for Seacoast Mortgage Corporation.

I’d map 3 recurring workflows, install the approval-only drafts/briefs, and hand you a simple weekly operating rhythm. No giant dashboard, no auto-send.

Worth a quick look?"
60,111,"owner_or_founder | producer | small_team | smaller_revenue | verified_email | linkedin_present | strong_mortgage_fit | doc_complex_products:fha,va,usda | broker_local_language",READY_FOR_LINKEDIN_AND_EMAIL,Trish,Reedy,Trish Reedy,"CEO and Owner, Licensed Mortgage Broker",senior,Planted Local Lending,Planted Local Lending,trish@plantedlocallending.com,REAL-TIME VERIFIED ON 26 May 26,https://www.linkedin.com/in/trishreedy,Overland Park,Kansas,plantedlocallending.com,https://www.linkedin.com/company/planted-local-lending,2-10,4,100000-499999,"mortgage lending, real estate financing, refinance, fha, va, conventional financing, first time homebuyer, loan broker, home loans, real estate, mortgage","We are home loan experts dedicated to making sure your home purchase or refinance experience is top-notch. We ensure you have all the BEST financing options for your situation! We shop the rate for you, have NO LENDER FEES, and walk you through the entire process to keep your experience stress free! 

Our loan officers run their own business within the business, having autonomy and authority to help their clients achieve their goals.
NMLS 2430855","Planted Local Lending mentions complex mortgage products/workflows like: mortgage lending, real estate financing, refinance, fha, va, conventional financing, first time homebuyer, loan broker, home loans, real estate, mortgag",borrower doc follow-up drafts by loan type; daily pipeline brief; missing-doc follow-up drafts,"Hey Trish — quick specific idea.

I was looking at Planted Local Lending and noticed the mortgage workflow probably has a lot of borrower/doc follow-up hiding behind the scenes. Planted Local Lending mentions complex mortgage products/workflows like: mortgage lending, real estate financing, refinance, fha, va, conventional financing, first time homebuyer, loan broker, home loans, real estate, mortgag

I’m testing a 7-day AIOS Quickstart for mortgage teams: 3 approval-only AI routines like borrower doc follow-up drafts by loan type, daily pipeline brief, and missing-doc follow-up drafts.

No auto-sending. Just drafts, briefs, and follow-up queues your team approves.

Want me to send the 3 routines I’d set up for Planted Local Lending?",3 AI routines for Planted Local Lending,"Hey Trish,

I was looking at Planted Local Lending and had a specific thought. Mortgage teams usually don’t need a giant AI strategy. They need the recurring borrower/admin work to stop eating the week.

What stood out: Planted Local Lending mentions complex mortgage products/workflows like: mortgage lending, real estate financing, refinance, fha, va, conventional financing, first time homebuyer, loan broker, home loans, real estate, mortgag

I’m testing a 7-day AIOS Quickstart where I install 3 approval-gated routines for mortgage teams. For Planted Local Lending, I’d probably start with:

1. borrower doc follow-up drafts by loan type
2. daily pipeline brief
3. missing-doc follow-up drafts

Everything stays approval-only — no AI auto-sending weird emails to borrowers. It drafts, summarizes, and queues the work so your team can move faster.

Worth sending over a quick version of what I’d install?

Ryan","Quick bump, Trish — I can make this concrete for Planted Local Lending.

I’d map 3 recurring workflows, install the approval-only drafts/briefs, and hand you a simple weekly operating rhythm. No giant dashboard, no auto-send.

Worth a quick look?"
61,111,"owner_or_founder | producer | small_team | smaller_revenue | linkedin_present | strong_mortgage_fit | doc_complex_products:non qm,fha,va | speed_service_language:communication,technology,tech,smooth | broker_local_language",READY_FOR_LINKEDIN_NEEDS_EMAIL,Kameron,Senemar,Kameron Senemar,Owner | Mortgage Broker,owner,"The Mortgage Group, LLC","The Mortgage Group, LLC",,,https://www.linkedin.com/in/kameronsenemar,Miami,Florida,themortgagegroup.net,https://www.linkedin.com/company/themortgagegroupllc,2-10,3,100000-499999,"mortgage broker, mortgages, conventional mortgage, fha mortgage, va mortgage, non qm mortgage","At The Mortgage Group LLC, we believe that homeownership is a cornerstone of personal and financial stability. Our passion for helping individuals and families achieve this dream drives us every day. We understand the challenges and complexities of the mortgage process, and we are dedicated to making it as smooth and stress-free as possible. By providing transparent, educational, and client-focused services, we aim to empower our clients to make informed decisions and achieve their homeownership goals.

Our mission at The Mortgage Group LLC is to make the dream of homeownership a reality for our clients by providing seamless, transparent, and educational mortgage brokerage services. We are committed to delivering exceptional customer service through detailed processes, consistent communication, and innovative technology. Our goal is to build lasting relationships with our clients and referral partners, ensuring every transaction is smooth and every client feels supported and informed throughout their journey.

Our vision is to create a community where homeownership is accessible and achievable for everyone. We aim to be a trusted partner in the mortgage process, known for our commitment to transparency, innovation, and exceptional service. By fostering strong relationships and supporting the growth of our community, we hope to make a lasting positive impact on the lives of our clients and the broader community.

The Mortgage Group is a licensed Mortgage Broker. The Mortgage Group, LLC NMLS #2608092 (http://nmlsconsumeraccess.org). Equal Housing Opportunity. Learn more at themortgagegroup.net.","The Mortgage Group, LLC mentions complex mortgage products/workflows like: er, mortgages, conventional mortgage, fha mortgage, va mortgage, non qm mortgage At The Mortgage Group LLC, we believe that homeownership is a cornerstone of persona",complex-file doc checklist; borrower doc follow-up drafts by loan type; daily pipeline brief,"Hey Kameron — quick specific idea.

I was looking at The Mortgage Group, LLC and noticed the mortgage workflow probably has a lot of borrower/doc follow-up hiding behind the scenes. The Mortgage Group, LLC mentions complex mortgage products/workflows like: er, mortgages, conventional mortgage, fha mortgage, va mortgage, non qm mortgage At The Mortgage Group LLC, we believe that homeownership is a cornerstone of persona

I’m testing a 7-day AIOS Quickstart for mortgage teams: 3 approval-only AI routines like complex-file doc checklist, borrower doc follow-up drafts by loan type, and daily pipeline brief.

No auto-sending. Just drafts, briefs, and follow-up queues your team approves.

Want me to send the 3 routines I’d set up for The Mortgage Group, LLC?","3 AI routines for The Mortgage Group, LLC","Hey Kameron,

I was looking at The Mortgage Group, LLC and had a specific thought. Mortgage teams usually don’t need a giant AI strategy. They need the recurring borrower/admin work to stop eating the week.

What stood out: The Mortgage Group, LLC mentions complex mortgage products/workflows like: er, mortgages, conventional mortgage, fha mortgage, va mortgage, non qm mortgage At The Mortgage Group LLC, we believe that homeownership is a cornerstone of persona

I’m testing a 7-day AIOS Quickstart where I install 3 approval-gated routines for mortgage teams. For The Mortgage Group, LLC, I’d probably start with:

1. complex-file doc checklist
2. borrower doc follow-up drafts by loan type
3. daily pipeline brief

Everything stays approval-only — no AI auto-sending weird emails to borrowers. It drafts, summarizes, and queues the work so your team can move faster.

Worth sending over a quick version of what I’d install?

Ryan","Quick bump, Kameron — I can make this concrete for The Mortgage Group, LLC.

I’d map 3 recurring workflows, install the approval-only drafts/briefs, and hand you a simple weekly operating rhythm. No giant dashboard, no auto-send.

Worth a quick look?"
62,111,owner_or_founder | branch_manager | small_team | smaller_revenue | verified_email | linkedin_present | strong_mortgage_fit | doc_complex_products:va | speed_service_language:customer service,READY_FOR_LINKEDIN_AND_EMAIL,Joshua,Miller,Joshua Miller,Vice President & Branch Manager,manager,"Miller Financial, Inc.","Miller Financial, Inc.",joshua@millerfinancial.com,REAL-TIME VERIFIED ON 26 May 26,https://www.linkedin.com/in/joshua-miller-704b9a1,Murrieta,California,millerfinancial.com,https://www.linkedin.com/company/miller-financial-inc.,2-10,5,100000-499999,,"Our mission is to set a high standard in the mortgage industry. We are committed to quality customer service - carefully guiding you through the home loan process, so that you can confidently select the best mortgage for you and your family from the many mortgage options that are available today. We will work continuously on your behalf to help you achieve your dream of homeownership. You will find that the skill, professionalism, and consideration we give to each of our clients makes getting your loan a worthwhile endeavor.


NMLS: 329305
Licensed by the CA BRE: 01459829","Miller Financial, Inc. mentions complex mortgage products/workflows like: for you and your family from the many mortgage options that are available today. We will work continuously on your behalf to help you achieve your dream of homeowner",borrower doc follow-up drafts by loan type; daily pipeline brief; missing-doc follow-up drafts,"Hey Joshua — quick specific idea.

I was looking at Miller Financial, Inc. and noticed the mortgage workflow probably has a lot of borrower/doc follow-up hiding behind the scenes. Miller Financial, Inc. mentions complex mortgage products/workflows like: for you and your family from the many mortgage options that are available today. We will work continuously on your behalf to help you achieve your dream of homeowner

I’m testing a 7-day AIOS Quickstart for mortgage teams: 3 approval-only AI routines like borrower doc follow-up drafts by loan type, daily pipeline brief, and missing-doc follow-up drafts.

No auto-sending. Just drafts, briefs, and follow-up queues your team approves.

Want me to send the 3 routines I’d set up for Miller Financial, Inc.?","3 AI routines for Miller Financial, Inc.","Hey Joshua,

I was looking at Miller Financial, Inc. and had a specific thought. Mortgage teams usually don’t need a giant AI strategy. They need the recurring borrower/admin work to stop eating the week.

What stood out: Miller Financial, Inc. mentions complex mortgage products/workflows like: for you and your family from the many mortgage options that are available today. We will work continuously on your behalf to help you achieve your dream of homeowner

I’m testing a 7-day AIOS Quickstart where I install 3 approval-gated routines for mortgage teams. For Miller Financial, Inc., I’d probably start with:

1. borrower doc follow-up drafts by loan type
2. daily pipeline brief
3. missing-doc follow-up drafts

Everything stays approval-only — no AI auto-sending weird emails to borrowers. It drafts, summarizes, and queues the work so your team can move faster.

Worth sending over a quick version of what I’d install?

Ryan","Quick bump, Joshua — I can make this concrete for Miller Financial, Inc..

I’d map 3 recurring workflows, install the approval-only drafts/briefs, and hand you a simple weekly operating rhythm. No giant dashboard, no auto-send.

Worth a quick look?"
63,111,owner_or_founder | producer | small_team | smaller_revenue | verified_email | linkedin_present | strong_mortgage_fit | doc_complex_products:investor | speed_service_language:easy | broker_local_language,READY_FOR_LINKEDIN_AND_EMAIL,Amy,Driscoll - Home Loans Made Simple,Amy Driscoll - Home Loans Made Simple,Mortgage Broker/Owner,senior,Simple Loans Inc,Simple Loans Inc,amydriscoll@simpleloans.us,REAL-TIME VERIFIED ON 26 May 26,https://www.linkedin.com/in/amydriscollsd,Los Angeles Metropolitan Area,,https://www.simpleloans.us,https://www.linkedin.com/company/simpleloansinc,2-10,3,100000-499999,,"Not all lenders are the same—and at Simple Loans, we keep it simple. Loans for luxury homes, first-time homebuyers, investors, and multiple units. We make the process easy, clear, and stress-free. Straight answers, real guidance, and a team you can trust—every step of the way.","Simple Loans Inc mentions complex mortgage products/workflows like: e keep it simple. Loans for luxury homes, first-time homebuyers, investors, and multiple units. We make the process easy, clear, and stress-free. Straight answers, r",daily pipeline brief; missing-doc follow-up drafts; stale borrower/realtor follow-up queue,"Hey Amy — quick specific idea.

I was looking at Simple Loans Inc and noticed the mortgage workflow probably has a lot of borrower/doc follow-up hiding behind the scenes. Simple Loans Inc mentions complex mortgage products/workflows like: e keep it simple. Loans for luxury homes, first-time homebuyers, investors, and multiple units. We make the process easy, clear, and stress-free. Straight answers, r

I’m testing a 7-day AIOS Quickstart for mortgage teams: 3 approval-only AI routines like daily pipeline brief, missing-doc follow-up drafts, and stale borrower/realtor follow-up queue.

No auto-sending. Just drafts, briefs, and follow-up queues your team approves.

Want me to send the 3 routines I’d set up for Simple Loans Inc?",3 AI routines for Simple Loans Inc,"Hey Amy,

I was looking at Simple Loans Inc and had a specific thought. Mortgage teams usually don’t need a giant AI strategy. They need the recurring borrower/admin work to stop eating the week.

What stood out: Simple Loans Inc mentions complex mortgage products/workflows like: e keep it simple. Loans for luxury homes, first-time homebuyers, investors, and multiple units. We make the process easy, clear, and stress-free. Straight answers, r

I’m testing a 7-day AIOS Quickstart where I install 3 approval-gated routines for mortgage teams. For Simple Loans Inc, I’d probably start with:

1. daily pipeline brief
2. missing-doc follow-up drafts
3. stale borrower/realtor follow-up queue

Everything stays approval-only — no AI auto-sending weird emails to borrowers. It drafts, summarizes, and queues the work so your team can move faster.

Worth sending over a quick version of what I’d install?

Ryan","Quick bump, Amy — I can make this concrete for Simple Loans Inc.

I’d map 3 recurring workflows, install the approval-only drafts/briefs, and hand you a simple weekly operating rhythm. No giant dashboard, no auto-send.

Worth a quick look?"
64,111,"owner_or_founder | producer | small_team | verified_email | linkedin_present | strong_mortgage_fit | doc_complex_products:va | speed_service_language:communication,customer service,transparent | broker_local_language",READY_FOR_LINKEDIN_AND_EMAIL,Ricardo,Garcia,Ricardo Garcia,"Mortgage Broker, Owner",owner,Transparent Mortgage Lending Inc.,Transparent Mortgage Lending Inc.,ricardo@tmlpros.com,REAL-TIME VERIFIED ON 26 May 26,https://www.linkedin.com/in/tmlpro,Homosassa,Florida,tmlpros.com,https://www.linkedin.com/company/tmlpros,2-10,3,0-99999,"mortgage lending, 24hr preapprovals, reliability & communication, mortgage broker, real estate, lender, customer service, support, refinancing, purchasing","Transparent Mortgage Lending was established to help people get the homes that they want. With our expertise, we provide more options and lending opportunities to the people of Florida.

We are licensed (NMLS #1753817), knowledgeable in the industry, and fully trained to assist clients in getting the loans they need. You can trust us to do our very best to close the deal in under 30 days.

Our Mission
We aim to provide clear lending solutions backed by our core values of honesty, integrity, and value.","Transparent Mortgage Lending Inc. mentions complex mortgage products/workflows like: mortgage lending, 24hr preapprovals, reliability & communication, mortgage broker, real estate, lender, customer service, support,",borrower doc follow-up drafts by loan type; daily pipeline brief; missing-doc follow-up drafts,"Hey Ricardo — quick specific idea.

I was looking at Transparent Mortgage Lending Inc. and noticed the mortgage workflow probably has a lot of borrower/doc follow-up hiding behind the scenes. Transparent Mortgage Lending Inc. mentions complex mortgage products/workflows like: mortgage lending, 24hr preapprovals, reliability & communication, mortgage broker, real estate, lender, customer service, support,

I’m testing a 7-day AIOS Quickstart for mortgage teams: 3 approval-only AI routines like borrower doc follow-up drafts by loan type, daily pipeline brief, and missing-doc follow-up drafts.

No auto-sending. Just drafts, briefs, and follow-up queues your team approves.

Want me to send the 3 routines I’d set up for Transparent Mortgage Lending Inc.?",3 AI routines for Transparent Mortgage Lending Inc.,"Hey Ricardo,

I was looking at Transparent Mortgage Lending Inc. and had a specific thought. Mortgage teams usually don’t need a giant AI strategy. They need the recurring borrower/admin work to stop eating the week.

What stood out: Transparent Mortgage Lending Inc. mentions complex mortgage products/workflows like: mortgage lending, 24hr preapprovals, reliability & communication, mortgage broker, real estate, lender, customer service, support,

I’m testing a 7-day AIOS Quickstart where I install 3 approval-gated routines for mortgage teams. For Transparent Mortgage Lending Inc., I’d probably start with:

1. borrower doc follow-up drafts by loan type
2. daily pipeline brief
3. missing-doc follow-up drafts

Everything stays approval-only — no AI auto-sending weird emails to borrowers. It drafts, summarizes, and queues the work so your team can move faster.

Worth sending over a quick version of what I’d install?

Ryan","Quick bump, Ricardo — I can make this concrete for Transparent Mortgage Lending Inc..

I’d map 3 recurring workflows, install the approval-only drafts/briefs, and hand you a simple weekly operating rhythm. No giant dashboard, no auto-send.

Worth a quick look?"
65,111,owner_or_founder | producer | small_team | smaller_revenue | verified_email | linkedin_present | strong_mortgage_fit | doc_complex_products:va | speed_service_language:transparent | broker_local_language,READY_FOR_LINKEDIN_AND_EMAIL,Christian,Campbell,Christian Campbell,President | Mortgage Broker | NMLS# 1121618,manager,"Delaware Valley Financial Mortgage, LLC","Delaware Valley Financial Mortgage, LLC",ccampbell@delvalmort.com,REAL-TIME VERIFIED ON 26 May 26,https://www.linkedin.com/in/christian-campbell-0048063b,Kennett Square,Pennsylvania,delvalmort.com,https://www.linkedin.com/company/delaware-valley-financial-mortgage-llc,2-10,7,100000-499999,,"We are committed to consistently delivering the best mortgage experience by being relationship driven, transparent, embedded in our community and passionate about what we do.","Delaware Valley Financial Mortgage, LLC mentions complex mortgage products/workflows like: a Southeastern PA Mortgage Broker. Use our FREE online pre-approval tool or our refinance rate checker.",daily pipeline brief; missing-doc follow-up drafts; stale borrower/realtor follow-up queue,"Hey Christian — quick specific idea.

I was looking at Delaware Valley Financial Mortgage, LLC and noticed the mortgage workflow probably has a lot of borrower/doc follow-up hiding behind the scenes. Delaware Valley Financial Mortgage, LLC mentions complex mortgage products/workflows like: a Southeastern PA Mortgage Broker. Use our FREE online pre-approval tool or our refinance rate checker.

I’m testing a 7-day AIOS Quickstart for mortgage teams: 3 approval-only AI routines like daily pipeline brief, missing-doc follow-up drafts, and stale borrower/realtor follow-up queue.

No auto-sending. Just drafts, briefs, and follow-up queues your team approves.

Want me to send the 3 routines I’d set up for Delaware Valley Financial Mortgage, LLC?","3 AI routines for Delaware Valley Financial Mortgage, LLC","Hey Christian,

I was looking at Delaware Valley Financial Mortgage, LLC and had a specific thought. Mortgage teams usually don’t need a giant AI strategy. They need the recurring borrower/admin work to stop eating the week.

What stood out: Delaware Valley Financial Mortgage, LLC mentions complex mortgage products/workflows like: a Southeastern PA Mortgage Broker. Use our FREE online pre-approval tool or our refinance rate checker.

I’m testing a 7-day AIOS Quickstart where I install 3 approval-gated routines for mortgage teams. For Delaware Valley Financial Mortgage, LLC, I’d probably start with:

1. daily pipeline brief
2. missing-doc follow-up drafts
3. stale borrower/realtor follow-up queue

Everything stays approval-only — no AI auto-sending weird emails to borrowers. It drafts, summarizes, and queues the work so your team can move faster.

Worth sending over a quick version of what I’d install?

Ryan","Quick bump, Christian — I can make this concrete for Delaware Valley Financial Mortgage, LLC.

I’d map 3 recurring workflows, install the approval-only drafts/briefs, and hand you a simple weekly operating rhythm. No giant dashboard, no auto-send.

Worth a quick look?"
66,110,"owner_or_founder | branch_manager | scaled_but_not_enterprise | revenue_can_pay | verified_email | linkedin_present | mortgage_fit | doc_complex_products:investment,investor,va | speed_service_language:technology,tech",READY_FOR_LINKEDIN_AND_EMAIL,Evelyn,Hong,Evelyn Hong,Compliance Principal/Branch Manager,manager,"Dawson James Securities, Inc.","Dawson James Securities, Inc.",ehong@dawsonjames.com,REAL-TIME VERIFIED ON 26 May 26,https://www.linkedin.com/in/evelyn-hong-86b45493,Boca Raton,Florida,dawsonjames.com,https://www.linkedin.com/company/dawson-james-securities,51-200,48,1000000-4999999,,"Dawson James Securities specializes in capital raising for small and microcap public and private growth companies primarily in the Life Science/Health Care, Technology and Consumer sectors and is a full service investment banking firm with research, institutional and retail sales, as well as execution trading and corporate services. According to Sagient Research Systems*, Dawson James has been ranked as a top Placement Agent in terms of aggregate PIPE and RD transactions cumulatively since 2005.

Dawson James utilizes a unique approach to financing using our ""Diversified Investor Offering™"" which blends investor interest using a combination of retail clients and institutional investors. 

Headquartered in Boca Raton, FL, Dawson James is privately held with offices in New York, Maryland, and New Jersey.","Dawson James Securities, Inc. mentions complex mortgage products/workflows like: alth Care, Technology and Consumer sectors and is a full service investment banking firm with research, institutional and retail sales, as well as execution trading",complex-file doc checklist; borrower doc follow-up drafts by loan type; daily pipeline brief,"Hey Evelyn — quick specific idea.

I was looking at Dawson James Securities, Inc. and noticed the mortgage workflow probably has a lot of borrower/doc follow-up hiding behind the scenes. Dawson James Securities, Inc. mentions complex mortgage products/workflows like: alth Care, Technology and Consumer sectors and is a full service investment banking firm with research, institutional and retail sales, as well as execution trading

I’m testing a 7-day AIOS Quickstart for mortgage teams: 3 approval-only AI routines like complex-file doc checklist, borrower doc follow-up drafts by loan type, and daily pipeline brief.

No auto-sending. Just drafts, briefs, and follow-up queues your team approves.

Want me to send the 3 routines I’d set up for Dawson James Securities, Inc.?","3 AI routines for Dawson James Securities, Inc.","Hey Evelyn,

I was looking at Dawson James Securities, Inc. and had a specific thought. Mortgage teams usually don’t need a giant AI strategy. They need the recurring borrower/admin work to stop eating the week.

What stood out: Dawson James Securities, Inc. mentions complex mortgage products/workflows like: alth Care, Technology and Consumer sectors and is a full service investment banking firm with research, institutional and retail sales, as well as execution trading

I’m testing a 7-day AIOS Quickstart where I install 3 approval-gated routines for mortgage teams. For Dawson James Securities, Inc., I’d probably start with:

1. complex-file doc checklist
2. borrower doc follow-up drafts by loan type
3. daily pipeline brief

Everything stays approval-only — no AI auto-sending weird emails to borrowers. It drafts, summarizes, and queues the work so your team can move faster.

Worth sending over a quick version of what I’d install?

Ryan","Quick bump, Evelyn — I can make this concrete for Dawson James Securities, Inc..

I’d map 3 recurring workflows, install the approval-only drafts/briefs, and hand you a simple weekly operating rhythm. No giant dashboard, no auto-send.

Worth a quick look?"
67,110,"branch_manager | producer | small_team | revenue_can_pay | verified_email | linkedin_present | strong_mortgage_fit | doc_complex_products:jumbo,construction,renovation,fha | broker_local_language",READY_FOR_LINKEDIN_AND_EMAIL,Eric,Lefkowitz,Eric Lefkowitz,Producing Branch Manager / Loan Officer,manager,Forward Loans,Forward Loans,eric@forward.loans,REAL-TIME VERIFIED ON 26 May 26,https://www.linkedin.com/in/ericlefkowitz,San Diego,California,forward.loans,https://www.linkedin.com/company/forwardloans,11-50,33,1000000-4999999,"mortgage broker, first mortgages, first time home buyer, mortgage rates, home equity loan, home equity line, current mortgage rates, refinance, va loans, fha loans, home purchase, dream home, jumbo loans, conventional loans, construction loans, mortgage loan officer, prequalification, preapproval, down payment assistance, usda loans, renovation loans","Personalizing financial services for our clients.
Forward is a mortgage brokerage, serving the lending needs of individuals looking to buy homes and customers looking to refinance. Our focus; providing personal and specialized mortgage services to meet each client’s specific needs.","Forward Loans mentions complex mortgage products/workflows like: ates, refinance, va loans, fha loans, home purchase, dream home, jumbo loans, conventional loans, construction loans, mortgage loan officer, prequalification, preapp",complex-file doc checklist; construction/renovation loan condition tracker; borrower doc follow-up drafts by loan type,"Hey Eric — quick specific idea.

I was looking at Forward Loans and noticed the mortgage workflow probably has a lot of borrower/doc follow-up hiding behind the scenes. Forward Loans mentions complex mortgage products/workflows like: ates, refinance, va loans, fha loans, home purchase, dream home, jumbo loans, conventional loans, construction loans, mortgage loan officer, prequalification, preapp

I’m testing a 7-day AIOS Quickstart for mortgage teams: 3 approval-only AI routines like complex-file doc checklist, construction/renovation loan condition tracker, and borrower doc follow-up drafts by loan type.

No auto-sending. Just drafts, briefs, and follow-up queues your team approves.

Want me to send the 3 routines I’d set up for Forward Loans?",3 AI routines for Forward Loans,"Hey Eric,

I was looking at Forward Loans and had a specific thought. Mortgage teams usually don’t need a giant AI strategy. They need the recurring borrower/admin work to stop eating the week.

What stood out: Forward Loans mentions complex mortgage products/workflows like: ates, refinance, va loans, fha loans, home purchase, dream home, jumbo loans, conventional loans, construction loans, mortgage loan officer, prequalification, preapp

I’m testing a 7-day AIOS Quickstart where I install 3 approval-gated routines for mortgage teams. For Forward Loans, I’d probably start with:

1. complex-file doc checklist
2. construction/renovation loan condition tracker
3. borrower doc follow-up drafts by loan type

Everything stays approval-only — no AI auto-sending weird emails to borrowers. It drafts, summarizes, and queues the work so your team can move faster.

Worth sending over a quick version of what I’d install?

Ryan","Quick bump, Eric — I can make this concrete for Forward Loans.

I’d map 3 recurring workflows, install the approval-only drafts/briefs, and hand you a simple weekly operating rhythm. No giant dashboard, no auto-send.

Worth a quick look?"
68,110,"branch_manager | scaled_but_not_enterprise | revenue_can_pay | verified_email | linkedin_present | strong_mortgage_fit | doc_complex_products:non-qm,non qm,jumbo,hard money | speed_service_language:fast,technology,tech,customer service | broker_local_language",READY_FOR_LINKEDIN_AND_EMAIL,Jaime,Polanco,Jaime Polanco,Branch Manager,manager,Statewide Funding Inc.,Statewide Funding Inc.,jpolanco@swbcorp.com,REAL-TIME VERIFIED ON 26 May 26,https://www.linkedin.com/in/jaime-polanco-66870217,Glendora,California,statewidefundinginc.com,https://www.linkedin.com/company/statewide-funding,51-200,74,5000000-9999999,"loans, refinance, mortgage, fha loans, va loans, conventional loans, jumbo loans, non-qm loans, non-prime loans, hard money loans, down payment assistance, reverse mortgage, home buying, home loans, mortgage rates, fixed rate mortgage, adjustable rate mortgage, competitive low rates, home loans, refinancing, mortgage broker","Headquartered in Ontario, California, Statewide Funding Inc. is a direct mortgage lender that offers a full suite of purchase, refinance and home equity products to homeowners. The company employs licensed Loan Officers with unparalleled drive and dedication to exceptional customer service. 

We are driven to remain at the forefront of innovative technology that streamlines loan operations. This combined with their dynamic team of experts makes the loan process for customers simple, fast and hassle-free. 

We offer a full product menu of loans which include FHA, VA, Conventional, Jumbo, Non-QM, CalHFA, down payment assistance loans, home equity loans, mobile home loans and reverse mortgages. 

NMLS license # 1105497 | California DRE License # 01939849.

For more information, contact us at 1-877-669-0777.","Statewide Funding Inc. mentions complex mortgage products/workflows like: mortgage, fha loans, va loans, conventional loans, jumbo loans, non-qm loans, non-prime loans, hard money loans, down payment assistance, reverse mortgage, home buy",complex-file doc checklist; borrower doc follow-up drafts by loan type; daily pipeline brief,"Hey Jaime — quick specific idea.

I was looking at Statewide Funding Inc. and noticed the mortgage workflow probably has a lot of borrower/doc follow-up hiding behind the scenes. Statewide Funding Inc. mentions complex mortgage products/workflows like: mortgage, fha loans, va loans, conventional loans, jumbo loans, non-qm loans, non-prime loans, hard money loans, down payment assistance, reverse mortgage, home buy

I’m testing a 7-day AIOS Quickstart for mortgage teams: 3 approval-only AI routines like complex-file doc checklist, borrower doc follow-up drafts by loan type, and daily pipeline brief.

No auto-sending. Just drafts, briefs, and follow-up queues your team approves.

Want me to send the 3 routines I’d set up for Statewide Funding Inc.?",3 AI routines for Statewide Funding Inc.,"Hey Jaime,

I was looking at Statewide Funding Inc. and had a specific thought. Mortgage teams usually don’t need a giant AI strategy. They need the recurring borrower/admin work to stop eating the week.

What stood out: Statewide Funding Inc. mentions complex mortgage products/workflows like: mortgage, fha loans, va loans, conventional loans, jumbo loans, non-qm loans, non-prime loans, hard money loans, down payment assistance, reverse mortgage, home buy

I’m testing a 7-day AIOS Quickstart where I install 3 approval-gated routines for mortgage teams. For Statewide Funding Inc., I’d probably start with:

1. complex-file doc checklist
2. borrower doc follow-up drafts by loan type
3. daily pipeline brief

Everything stays approval-only — no AI auto-sending weird emails to borrowers. It drafts, summarizes, and queues the work so your team can move faster.

Worth sending over a quick version of what I’d install?

Ryan","Quick bump, Jaime — I can make this concrete for Statewide Funding Inc..

I’d map 3 recurring workflows, install the approval-only drafts/briefs, and hand you a simple weekly operating rhythm. No giant dashboard, no auto-send.

Worth a quick look?"
69,110,"owner_or_founder | producer | small_team | verified_email | linkedin_present | strong_mortgage_fit | doc_complex_products:jumbo,hard money,fha,va | broker_local_language",READY_FOR_LINKEDIN_AND_EMAIL,Christopher JD,Pierce,Christopher JD Pierce,Owner / Senior Loan Officer,senior,"Unlimited Mortgage Lending, LLC","Unlimited Mortgage Lending, LLC",cpierce@unlimitedmortgagelending.com,REAL-TIME VERIFIED ON 26 May 26,https://www.linkedin.com/in/iamchrispierce,Boca Raton,Florida,unlimitedmortgagelending.com,https://www.linkedin.com/company/unlimited-mortgage-lending,11-50,2,0-99999,"first time homebuyers loan, conventional loan, fha loan, va loan, jumbo loan, super jumbo loan, luxury loan, hard money loan, purchase, refinance","Unlimited Mortgage Lending, LLC, a full-service Mortgage Brokerage based in Boca Raton, Florida. We specialize in home loans in Florida. With, Christopher Pierce the owner and licensed since 1998, we bring a combined 20+ years of experience. We have guided many first-time homebuyers to accomplishing their dream of owning their own home. Whether you are buying a home or refinancing,  we can help you realize your dream of homeownership or save you money when getting your new lower monthly payment.","Unlimited Mortgage Lending, LLC mentions complex mortgage products/workflows like: irst time homebuyers loan, conventional loan, fha loan, va loan, jumbo loan, super jumbo loan, luxury loan, hard money loan, purchase, refinance Unlimited Mortgage L",complex-file doc checklist; borrower doc follow-up drafts by loan type; daily pipeline brief,"Hey Christopher JD — quick specific idea.

I was looking at Unlimited Mortgage Lending, LLC and noticed the mortgage workflow probably has a lot of borrower/doc follow-up hiding behind the scenes. Unlimited Mortgage Lending, LLC mentions complex mortgage products/workflows like: irst time homebuyers loan, conventional loan, fha loan, va loan, jumbo loan, super jumbo loan, luxury loan, hard money loan, purchase, refinance Unlimited Mortgage L

I’m testing a 7-day AIOS Quickstart for mortgage teams: 3 approval-only AI routines like complex-file doc checklist, borrower doc follow-up drafts by loan type, and daily pipeline brief.

No auto-sending. Just drafts, briefs, and follow-up queues your team approves.

Want me to send the 3 routines I’d set up for Unlimited Mortgage Lending, LLC?","3 AI routines for Unlimited Mortgage Lending, LLC","Hey Christopher JD,

I was looking at Unlimited Mortgage Lending, LLC and had a specific thought. Mortgage teams usually don’t need a giant AI strategy. They need the recurring borrower/admin work to stop eating the week.

What stood out: Unlimited Mortgage Lending, LLC mentions complex mortgage products/workflows like: irst time homebuyers loan, conventional loan, fha loan, va loan, jumbo loan, super jumbo loan, luxury loan, hard money loan, purchase, refinance Unlimited Mortgage L

I’m testing a 7-day AIOS Quickstart where I install 3 approval-gated routines for mortgage teams. For Unlimited Mortgage Lending, LLC, I’d probably start with:

1. complex-file doc checklist
2. borrower doc follow-up drafts by loan type
3. daily pipeline brief

Everything stays approval-only — no AI auto-sending weird emails to borrowers. It drafts, summarizes, and queues the work so your team can move faster.

Worth sending over a quick version of what I’d install?

Ryan","Quick bump, Christopher JD — I can make this concrete for Unlimited Mortgage Lending, LLC.

I’d map 3 recurring workflows, install the approval-only drafts/briefs, and hand you a simple weekly operating rhythm. No giant dashboard, no auto-send.

Worth a quick look?"
70,110,"branch_manager | small_team | smaller_revenue | verified_email | linkedin_present | strong_mortgage_fit | doc_complex_products:non qm,jumbo,construction,reverse | speed_service_language:communication,efficient,smooth | broker_local_language",READY_FOR_LINKEDIN_AND_EMAIL,Liz,Korn,Liz Korn,Branch Manager,manager,Elite Mortgage Group LLC,Elite Mortgage Group LLC,liz@elitemortgagegroup.com,REAL-TIME VERIFIED ON 26 May 26,https://www.linkedin.com/in/liz-korn-13ab508a,Harrisonville,Missouri,elitemortgagegroup.com,https://www.linkedin.com/company/elite-mortgage-group,2-10,6,100000-499999,,"I am the Broker/President of Elite Mortgage Group LLC. I am driven and passionate about giving my Clients a great rate for their loan and also offering amazing service. For me it's all about building relationships and focusing on my client's goals. I have been in the lending business for 20 years.  This drives me to want to work closely with my Realtor partners to build their businesses by offering great rates, close communication and smooth, efficient closings for our mutual clients.

Elite Mortgage Group LLC offers the following loan programs:
Purchase Mortgage
VA Loans
FHA Loans
Refinances Mortgage
Reverse Mortgage
Jumbo Loans
Construction Loans
NON QM Loans

Company NMLS: 2012339
Individual NMLS: 90058
AZ MB: 1012690
https://www.nmlsconsumeraccess.org/",Elite Mortgage Group LLC mentions complex mortgage products/workflows like: inances Mortgage Reverse Mortgage Jumbo Loans Construction Loans NON QM Loans Company NMLS: 2012339 Individual NMLS: 90058 AZ MB: 1012690 https://www.nmlsconsumerac,complex-file doc checklist; construction/renovation loan condition tracker; borrower doc follow-up drafts by loan type,"Hey Liz — quick specific idea.

I was looking at Elite Mortgage Group LLC and noticed the mortgage workflow probably has a lot of borrower/doc follow-up hiding behind the scenes. Elite Mortgage Group LLC mentions complex mortgage products/workflows like: inances Mortgage Reverse Mortgage Jumbo Loans Construction Loans NON QM Loans Company NMLS: 2012339 Individual NMLS: 90058 AZ MB: 1012690 https://www.nmlsconsumerac

I’m testing a 7-day AIOS Quickstart for mortgage teams: 3 approval-only AI routines like complex-file doc checklist, construction/renovation loan condition tracker, and borrower doc follow-up drafts by loan type.

No auto-sending. Just drafts, briefs, and follow-up queues your team approves.

Want me to send the 3 routines I’d set up for Elite Mortgage Group LLC?",3 AI routines for Elite Mortgage Group LLC,"Hey Liz,

I was looking at Elite Mortgage Group LLC and had a specific thought. Mortgage teams usually don’t need a giant AI strategy. They need the recurring borrower/admin work to stop eating the week.

What stood out: Elite Mortgage Group LLC mentions complex mortgage products/workflows like: inances Mortgage Reverse Mortgage Jumbo Loans Construction Loans NON QM Loans Company NMLS: 2012339 Individual NMLS: 90058 AZ MB: 1012690 https://www.nmlsconsumerac

I’m testing a 7-day AIOS Quickstart where I install 3 approval-gated routines for mortgage teams. For Elite Mortgage Group LLC, I’d probably start with:

1. complex-file doc checklist
2. construction/renovation loan condition tracker
3. borrower doc follow-up drafts by loan type

Everything stays approval-only — no AI auto-sending weird emails to borrowers. It drafts, summarizes, and queues the work so your team can move faster.

Worth sending over a quick version of what I’d install?

Ryan","Quick bump, Liz — I can make this concrete for Elite Mortgage Group LLC.

I’d map 3 recurring workflows, install the approval-only drafts/briefs, and hand you a simple weekly operating rhythm. No giant dashboard, no auto-send.

Worth a quick look?"
71,109,"branch_manager | small_team | revenue_can_pay | verified_email | linkedin_present | strong_mortgage_fit | doc_complex_products:jumbo,construction,commercial,fha | speed_service_language:customer service | broker_local_language",READY_FOR_LINKEDIN_AND_EMAIL,Sergio,Genao,Sergio Genao,Branch Manager,manager,Prudential Borrowing,Prudential Borrowing,sgenao@prudentialb.com,REAL-TIME VERIFIED ON 26 May 26,https://www.linkedin.com/in/sergio-genao-0326b693,Miami-fort Lauderdale Area,,prudentialb.com,https://www.linkedin.com/company/prudential-borrowing-llc,11-50,38,1000000-4999999,"mortgages, wholesale, brokers","At Prudential Borrowing, we’re more than just a mortgage company—we’re a community dedicated to empowering our clients with the best rates and programs in the industry. As a leading Third Party Mortgage Originator, we provide financing for both residential and commercial properties, ensuring that our clients have access to competitive mortgage options paired with excellent customer service.

With over 20 years of experience, our expert team specializes in various transaction types, including Purchase and Refinance (Rate & Term or Cash Out), and works with a wide range of property types, such as Condos, Coops, 1-4 Family Units, Commercial, and Mixed Use.

Our extensive product offerings include Fixed & Adjustable Rates, Conforming and High Balance loans, SBA financing, Construction loans, Blanket Loans, Commercial and Non-Conforming Jumbo loans, FHA options, Non-Warrantable Condo Programs, and Government HARP Programs.

We believe that success is built on strong relationships, both with our clients and within our team. Our supportive culture fosters collaboration and growth, making it an ideal environment for Loan Originators who share our passion for helping others.

Join us and become part of a team that values your expertise and is dedicated to bettering our community, one loan at a time. Together, we can achieve great things!","Prudential Borrowing mentions complex mortgage products/workflows like: Construction loans, Blanket Loans, Commercial and Non-Conforming Jumbo loans, FHA options, Non-Warrantable Condo Programs, and Government HARP Programs. We believe",complex-file doc checklist; construction/renovation loan condition tracker; borrower doc follow-up drafts by loan type,"Hey Sergio — quick specific idea.

I was looking at Prudential Borrowing and noticed the mortgage workflow probably has a lot of borrower/doc follow-up hiding behind the scenes. Prudential Borrowing mentions complex mortgage products/workflows like: Construction loans, Blanket Loans, Commercial and Non-Conforming Jumbo loans, FHA options, Non-Warrantable Condo Programs, and Government HARP Programs. We believe

I’m testing a 7-day AIOS Quickstart for mortgage teams: 3 approval-only AI routines like complex-file doc checklist, construction/renovation loan condition tracker, and borrower doc follow-up drafts by loan type.

No auto-sending. Just drafts, briefs, and follow-up queues your team approves.

Want me to send the 3 routines I’d set up for Prudential Borrowing?",3 AI routines for Prudential Borrowing,"Hey Sergio,

I was looking at Prudential Borrowing and had a specific thought. Mortgage teams usually don’t need a giant AI strategy. They need the recurring borrower/admin work to stop eating the week.

What stood out: Prudential Borrowing mentions complex mortgage products/workflows like: Construction loans, Blanket Loans, Commercial and Non-Conforming Jumbo loans, FHA options, Non-Warrantable Condo Programs, and Government HARP Programs. We believe

I’m testing a 7-day AIOS Quickstart where I install 3 approval-gated routines for mortgage teams. For Prudential Borrowing, I’d probably start with:

1. complex-file doc checklist
2. construction/renovation loan condition tracker
3. borrower doc follow-up drafts by loan type

Everything stays approval-only — no AI auto-sending weird emails to borrowers. It drafts, summarizes, and queues the work so your team can move faster.

Worth sending over a quick version of what I’d install?

Ryan","Quick bump, Sergio — I can make this concrete for Prudential Borrowing.

I’d map 3 recurring workflows, install the approval-only drafts/briefs, and hand you a simple weekly operating rhythm. No giant dashboard, no auto-send.

Worth a quick look?"
72,109,"owner_or_founder | producer | small_team | smaller_revenue | linkedin_present | strong_mortgage_fit | doc_complex_products:jumbo,investment,heloc,reverse | speed_service_language:customer service | broker_local_language",READY_FOR_LINKEDIN_NEEDS_EMAIL,Robert,Duffy,Robert Duffy,"President, CEO, Licensed Real Estate and Mortgage Broker, Mortgage Loan Originator",c_suite,"Prominent Lending Group, Inc., NMLS # 23464","Prominent Lending Group, Inc., NMLS # 23464",,,https://www.linkedin.com/in/robertearlduffy,Tustin,California,prominentlendinggroup.com,https://www.linkedin.com/company/plglending,2-10,5,100000-499999,"real estate, home lending, mortgage broker, va loans, fha loans, conventional loans, jumbo loans, qualified and non-qualified mortgages, private money loans, purchase loans, refinance loans, reverse loans, debt consolidation loans, rehab loans, credit repair, first time homeowner loans, cash-out refinance, usda loans, heloc","Prominent Lending Group, Inc., enjoys assisting current and prospective homeowners in obtaining residential 1st and 2nd home loans on 1 to 4 unit primary, secondary, and investment properties throughout the states of California and Montana. Our dedicated mortgage professional teams work hard to deliver the highest customer service level with prompt and courteous attention to every detail in the loan process.  

Some of the programs we offer are:

•	Conventional loans with Fannie Mae & Freddie Mac (Home Possible, Home Ready, etc.)
•	FHA forward and reverse loans;
•	Home Equity Lines Of Credit (HELOC)
•	Jumbo loans
•	Qualified & Non-Qualified Mortgage (QM) programs for those outside the box borrowers
•	Rehab Loans
•	USDA loans
•	VA loans.

Prominent Lending Group, Inc., NMLS Unique Identifier # 23464 (NMLS Direct Access - https://www.nmlsconsumeraccess.org/ ) holds a California Real Estate Corporation License Endorsement through the CA Dept. of Real Estate - CalDRE License # 01844357, and a Montana Mortgage Broker License under the MT Division of Banking and Financial Institutions - MT License # 23464","Prominent Lending Group, Inc., NMLS # 23464 mentions complex mortgage products/workflows like: nding, mortgage broker, va loans, fha loans, conventional loans, jumbo loans, qualified and non-qualified mortgages, private money loans, purchase loans, refinance l",complex-file doc checklist; borrower doc follow-up drafts by loan type; daily pipeline brief,"Hey Robert — quick specific idea.

I was looking at Prominent Lending Group, Inc., NMLS # 23464 and noticed the mortgage workflow probably has a lot of borrower/doc follow-up hiding behind the scenes. Prominent Lending Group, Inc., NMLS # 23464 mentions complex mortgage products/workflows like: nding, mortgage broker, va loans, fha loans, conventional loans, jumbo loans, qualified and non-qualified mortgages, private money loans, purchase loans, refinance l

I’m testing a 7-day AIOS Quickstart for mortgage teams: 3 approval-only AI routines like complex-file doc checklist, borrower doc follow-up drafts by loan type, and daily pipeline brief.

No auto-sending. Just drafts, briefs, and follow-up queues your team approves.

Want me to send the 3 routines I’d set up for Prominent Lending Group, Inc., NMLS # 23464?","3 AI routines for Prominent Lending Group, Inc., NMLS # 23464","Hey Robert,

I was looking at Prominent Lending Group, Inc., NMLS # 23464 and had a specific thought. Mortgage teams usually don’t need a giant AI strategy. They need the recurring borrower/admin work to stop eating the week.

What stood out: Prominent Lending Group, Inc., NMLS # 23464 mentions complex mortgage products/workflows like: nding, mortgage broker, va loans, fha loans, conventional loans, jumbo loans, qualified and non-qualified mortgages, private money loans, purchase loans, refinance l

I’m testing a 7-day AIOS Quickstart where I install 3 approval-gated routines for mortgage teams. For Prominent Lending Group, Inc., NMLS # 23464, I’d probably start with:

1. complex-file doc checklist
2. borrower doc follow-up drafts by loan type
3. daily pipeline brief

Everything stays approval-only — no AI auto-sending weird emails to borrowers. It drafts, summarizes, and queues the work so your team can move faster.

Worth sending over a quick version of what I’d install?

Ryan","Quick bump, Robert — I can make this concrete for Prominent Lending Group, Inc., NMLS # 23464.

I’d map 3 recurring workflows, install the approval-only drafts/briefs, and hand you a simple weekly operating rhythm. No giant dashboard, no auto-send.

Worth a quick look?"
73,109,"owner_or_founder | producer | small_team | smaller_revenue | linkedin_present | strong_mortgage_fit | doc_complex_products:investment,fha,va | speed_service_language:fast,easy,customer service | broker_local_language",READY_FOR_LINKEDIN_NEEDS_EMAIL,Isadore,B.,Isadore B.,Owner / Mortgage Broker NMLS: 1016883,owner,Official Mortgage,Official Mortgage,,,https://www.linkedin.com/in/isadorebreauxiv,Beverly Hills,California,blink.mortgage,https://www.linkedin.com/company/official-mortgage,2-10,3,100000-499999,"mortgage broker, real estate, lender, home loans, investments, finance, mortgage lender, fha, how much mortgage can i afford, mortgage calculators how much can i afford, how to calculate how much mortgage i can afford, what is mortgage insurance","Trying to find the right home loan can be difficult. Finding the right company to help you get your loan can be even more confusing.

Established in 2008.

Since its founding in 2008, Official Mortgage has held high standards of excellence and innovation. Official Mortgage goal is to provide the best customer service in the industry, and offer a wide variety of mortgage options to meet the ever-changing needs of borrowers.

Official Mortgage primary focus is to provide comprehensive, cost-effective, and professional mortgage services for borrowers when they are purchasing a new home, refinancing, or purchasing investment properties.
Official Mortgage is committed to member service and strives to provide value during the loan process.
Fortunately, at Official Mortgage our mission is to set a high standard in the mortgage industry. We are committed to quality customer service - putting the people we serve first. Take advantage of our expertise in the residential lending industry by applying online today. You will find that the skill, professionalism, and consideration we give to each of our clients make getting your loan a successful endeavor.

Give us a call today at 888-563-3137 for a free, personalized consultation. You can also apply online. It is fast, secure, and easy.

Why wait? Let us go to work for you!","Official Mortgage mentions complex mortgage products/workflows like: mortgage broker, real estate, lender, home loans, investments, finance, mortgage lender, fha, how much mortgage can i afford, mortgage calculators how",complex-file doc checklist; borrower doc follow-up drafts by loan type; daily pipeline brief,"Hey Isadore — quick specific idea.

I was looking at Official Mortgage and noticed the mortgage workflow probably has a lot of borrower/doc follow-up hiding behind the scenes. Official Mortgage mentions complex mortgage products/workflows like: mortgage broker, real estate, lender, home loans, investments, finance, mortgage lender, fha, how much mortgage can i afford, mortgage calculators how

I’m testing a 7-day AIOS Quickstart for mortgage teams: 3 approval-only AI routines like complex-file doc checklist, borrower doc follow-up drafts by loan type, and daily pipeline brief.

No auto-sending. Just drafts, briefs, and follow-up queues your team approves.

Want me to send the 3 routines I’d set up for Official Mortgage?",3 AI routines for Official Mortgage,"Hey Isadore,

I was looking at Official Mortgage and had a specific thought. Mortgage teams usually don’t need a giant AI strategy. They need the recurring borrower/admin work to stop eating the week.

What stood out: Official Mortgage mentions complex mortgage products/workflows like: mortgage broker, real estate, lender, home loans, investments, finance, mortgage lender, fha, how much mortgage can i afford, mortgage calculators how

I’m testing a 7-day AIOS Quickstart where I install 3 approval-gated routines for mortgage teams. For Official Mortgage, I’d probably start with:

1. complex-file doc checklist
2. borrower doc follow-up drafts by loan type
3. daily pipeline brief

Everything stays approval-only — no AI auto-sending weird emails to borrowers. It drafts, summarizes, and queues the work so your team can move faster.

Worth sending over a quick version of what I’d install?

Ryan","Quick bump, Isadore — I can make this concrete for Official Mortgage.

I’d map 3 recurring workflows, install the approval-only drafts/briefs, and hand you a simple weekly operating rhythm. No giant dashboard, no auto-send.

Worth a quick look?"
74,109,"owner_or_founder | producer | small_team | smaller_revenue | linkedin_present | strong_mortgage_fit | doc_complex_products:non-qm,construction,commercial,hard money | speed_service_language:seamless | broker_local_language",READY_FOR_LINKEDIN_NEEDS_EMAIL,Giancarlo,Anduray,Giancarlo Anduray,Mortgage Broker/Owner,owner,AFM Lending LLC,AFM Lending LLC,,,https://www.linkedin.com/in/giancarlo-anduray-5493385b,Phoenix,Arizona,afm.loans,https://www.linkedin.com/company/afm-lending-llc,2-10,5,100000-499999,"residential mortgage, commercial lending, fha, va, conventional, multi-family, non-qm, itin, small business, mixed use, hard money, reverse mortgage, construction, refinancing, land","We are brokers - our job is to fin the best options for you at the best possible cost. - with thausands of options available, we navigate the financig world, to get you the deals needed.","AFM Lending LLC mentions complex mortgage products/workflows like: rtgage, commercial lending, fha, va, conventional, multi-family, non-qm, itin, small business, mixed use, hard money, reverse mortgage, construction, refinancing, la",complex-file doc checklist; construction/renovation loan condition tracker; borrower doc follow-up drafts by loan type,"Hey Giancarlo — quick specific idea.

I was looking at AFM Lending LLC and noticed the mortgage workflow probably has a lot of borrower/doc follow-up hiding behind the scenes. AFM Lending LLC mentions complex mortgage products/workflows like: rtgage, commercial lending, fha, va, conventional, multi-family, non-qm, itin, small business, mixed use, hard money, reverse mortgage, construction, refinancing, la

I’m testing a 7-day AIOS Quickstart for mortgage teams: 3 approval-only AI routines like complex-file doc checklist, construction/renovation loan condition tracker, and borrower doc follow-up drafts by loan type.

No auto-sending. Just drafts, briefs, and follow-up queues your team approves.

Want me to send the 3 routines I’d set up for AFM Lending LLC?",3 AI routines for AFM Lending LLC,"Hey Giancarlo,

I was looking at AFM Lending LLC and had a specific thought. Mortgage teams usually don’t need a giant AI strategy. They need the recurring borrower/admin work to stop eating the week.

What stood out: AFM Lending LLC mentions complex mortgage products/workflows like: rtgage, commercial lending, fha, va, conventional, multi-family, non-qm, itin, small business, mixed use, hard money, reverse mortgage, construction, refinancing, la

I’m testing a 7-day AIOS Quickstart where I install 3 approval-gated routines for mortgage teams. For AFM Lending LLC, I’d probably start with:

1. complex-file doc checklist
2. construction/renovation loan condition tracker
3. borrower doc follow-up drafts by loan type

Everything stays approval-only — no AI auto-sending weird emails to borrowers. It drafts, summarizes, and queues the work so your team can move faster.

Worth sending over a quick version of what I’d install?

Ryan","Quick bump, Giancarlo — I can make this concrete for AFM Lending LLC.

I’d map 3 recurring workflows, install the approval-only drafts/briefs, and hand you a simple weekly operating rhythm. No giant dashboard, no auto-send.

Worth a quick look?"
75,109,"owner_or_founder | producer | small_team | smaller_revenue | linkedin_present | strong_mortgage_fit | doc_complex_products:non-qm,jumbo,construction,commercial | speed_service_language:easy | broker_local_language",READY_FOR_LINKEDIN_NEEDS_EMAIL,Douglas,Gee,Douglas Gee,Owner/ Mortgage Broker/ President,owner,Master Key Capital,Master Key Capital,,,https://www.linkedin.com/in/douglas-gee-62885111,Seal Beach,California,masterkeycapital.com,https://www.linkedin.com/company/master-key-capital,2-10,3,100000-499999,"cash out, no income, no tax return and bank statement loans.  very competitive with va financing., non-qm loans, jumbo cash-out, higher loan to value, above va county loan limit cash-outs, hecm loans, stated income helocs, no income no asset lending, no payment loans, fannie mae, fha refinancing, multi family no income lending, mixed use lending, great jumbo arm pricing, 100% construction lending, rehab loans","Located in Orange, CA.  1 Lender for No Doc and Private Money Residential and Commercial Lending.  We ARE STILL OFFERING RATES IN THE 4's with our VOE PNL ONLY NO DOC Purchases and refinances.  We also offer FHA, VA, USDA, JUMBO, SUPER JUMBO Interest Only, NON-QM, Commercial, ground up construction  and Conventional loans.  We specialize in true Stated income loans and Bank Statement loans with loans amount from $150,000.00-$5,000,000.00 plus.  We help borrowers find financing from Excellent credit to Poor Credit.  We Master Key Capital works with borrowers that are just outside of most other Lenders guidelines.  We can help borrowers with credit below 500 credit score just as easy as working with borrowers with an 800 credit score.  We close loans within 15-45 days.  We work with Realtors with lead generation and quick closings as well.","Master Key Capital mentions complex mortgage products/workflows like: and bank statement loans. very competitive with va financing., non-qm loans, jumbo cash-out, higher loan to value, above va county loan limit cash-outs, hecm loans",complex-file doc checklist; construction/renovation loan condition tracker; borrower doc follow-up drafts by loan type,"Hey Douglas — quick specific idea.

I was looking at Master Key Capital and noticed the mortgage workflow probably has a lot of borrower/doc follow-up hiding behind the scenes. Master Key Capital mentions complex mortgage products/workflows like: and bank statement loans. very competitive with va financing., non-qm loans, jumbo cash-out, higher loan to value, above va county loan limit cash-outs, hecm loans

I’m testing a 7-day AIOS Quickstart for mortgage teams: 3 approval-only AI routines like complex-file doc checklist, construction/renovation loan condition tracker, and borrower doc follow-up drafts by loan type.

No auto-sending. Just drafts, briefs, and follow-up queues your team approves.

Want me to send the 3 routines I’d set up for Master Key Capital?",3 AI routines for Master Key Capital,"Hey Douglas,

I was looking at Master Key Capital and had a specific thought. Mortgage teams usually don’t need a giant AI strategy. They need the recurring borrower/admin work to stop eating the week.

What stood out: Master Key Capital mentions complex mortgage products/workflows like: and bank statement loans. very competitive with va financing., non-qm loans, jumbo cash-out, higher loan to value, above va county loan limit cash-outs, hecm loans

I’m testing a 7-day AIOS Quickstart where I install 3 approval-gated routines for mortgage teams. For Master Key Capital, I’d probably start with:

1. complex-file doc checklist
2. construction/renovation loan condition tracker
3. borrower doc follow-up drafts by loan type

Everything stays approval-only — no AI auto-sending weird emails to borrowers. It drafts, summarizes, and queues the work so your team can move faster.

Worth sending over a quick version of what I’d install?

Ryan","Quick bump, Douglas — I can make this concrete for Master Key Capital.

I’d map 3 recurring workflows, install the approval-only drafts/briefs, and hand you a simple weekly operating rhythm. No giant dashboard, no auto-send.

Worth a quick look?"
76,109,"branch_manager | small_team | revenue_can_pay | verified_email | linkedin_present | strong_mortgage_fit | doc_complex_products:construction,203k,fha,va | speed_service_language:customer service | broker_local_language",READY_FOR_LINKEDIN_AND_EMAIL,Michael,Zuren,Michael Zuren,Branch Manager,manager,Mid America Mortgage (fka Schmidt Mortgage Company) Ohio,Mid America Mortgage (fka Schmidt Mortgage Company) Ohio,michael.zuren@schmidtmortgage.com,REAL-TIME VERIFIED ON 26 May 26,https://www.linkedin.com/in/michael-zuren-53632378,Willoughby,Ohio,schmidtmortgage.com,https://www.linkedin.com/company/schmidt-mortgage-company,11-50,73,5000000-9999999,"mortgage lender, mortgage broker, 203k construction loans, fha, va, usda rural housing, approved fannie, freddie and ginnie","In the Rocky River and Cleveland area, Mid America Mortgage, Inc. does business under the name Schmidt Mortgage Company. Though the name may be different, the wide selection of mortgage products and excellent customer service is exactly the same.

Schmidt Mortgage Company has three offices in the state of Ohio, one of which is located in Rocky River, just 10 miles west of Cleveland and only about 3 1/2 miles west of Lakewood. If you’re searching for home purchase financing, refinancing assistance or low money down mortgage choices in the greater Cleveland area, Schmidt Mortgage Company can help you find what you need at a competitive rate.
If you’d like to learn more about our company, we invite you to read about our history and experience in the mortgage industry.","Mid America Mortgage (fka Schmidt Mortgage Company) Ohio mentions complex mortgage products/workflows like: mortgage lender, mortgage broker, 203k construction loans, fha, va, usda rural housing, approved fannie, freddie and ginnie In the Rocky Ri",construction/renovation loan condition tracker; borrower doc follow-up drafts by loan type; daily pipeline brief,"Hey Michael — quick specific idea.

I was looking at Mid America Mortgage (fka Schmidt Mortgage Company) Ohio and noticed the mortgage workflow probably has a lot of borrower/doc follow-up hiding behind the scenes. Mid America Mortgage (fka Schmidt Mortgage Company) Ohio mentions complex mortgage products/workflows like: mortgage lender, mortgage broker, 203k construction loans, fha, va, usda rural housing, approved fannie, freddie and ginnie In the Rocky Ri

I’m testing a 7-day AIOS Quickstart for mortgage teams: 3 approval-only AI routines like construction/renovation loan condition tracker, borrower doc follow-up drafts by loan type, and daily pipeline brief.

No auto-sending. Just drafts, briefs, and follow-up queues your team approves.

Want me to send the 3 routines I’d set up for Mid America Mortgage (fka Schmidt Mortgage Company) Ohio?",3 AI routines for Mid America Mortgage (fka Schmidt Mortgage Company) Ohio,"Hey Michael,

I was looking at Mid America Mortgage (fka Schmidt Mortgage Company) Ohio and had a specific thought. Mortgage teams usually don’t need a giant AI strategy. They need the recurring borrower/admin work to stop eating the week.

What stood out: Mid America Mortgage (fka Schmidt Mortgage Company) Ohio mentions complex mortgage products/workflows like: mortgage lender, mortgage broker, 203k construction loans, fha, va, usda rural housing, approved fannie, freddie and ginnie In the Rocky Ri

I’m testing a 7-day AIOS Quickstart where I install 3 approval-gated routines for mortgage teams. For Mid America Mortgage (fka Schmidt Mortgage Company) Ohio, I’d probably start with:

1. construction/renovation loan condition tracker
2. borrower doc follow-up drafts by loan type
3. daily pipeline brief

Everything stays approval-only — no AI auto-sending weird emails to borrowers. It drafts, summarizes, and queues the work so your team can move faster.

Worth sending over a quick version of what I’d install?

Ryan","Quick bump, Michael — I can make this concrete for Mid America Mortgage (fka Schmidt Mortgage Company) Ohio.

I’d map 3 recurring workflows, install the approval-only drafts/briefs, and hand you a simple weekly operating rhythm. No giant dashboard, no auto-send.

Worth a quick look?"
77,108,"owner_or_founder | producer | small_team | verified_email | linkedin_present | strong_mortgage_fit | doc_complex_products:commercial,va | speed_service_language:fast,technology,tech,easy | broker_local_language",READY_FOR_LINKEDIN_AND_EMAIL,Lisa,Puto,Lisa Puto,"Mortgage Originator, Owner, President, Mortgage Broker",owner,Crossroads Home Loans,Crossroads Home Loans,lputo@crossroadsloans.com,REAL-TIME VERIFIED ON 25 May 26,https://www.linkedin.com/in/lisaputocrossroadsloans,Medina,Ohio,crossroadsloans.com,https://www.linkedin.com/company/crossroads-home-loans,2-10,1,0-99999,"mortgage loans, home loans, wholesale loans, commercial loans, va home loans, home refinance loans, realtors bestfriend","Welcome to Crossroads Home Loans. We are a web based Mortgage Firm.

We know that each customer has specific needs, so we strive to meet those needs with a wide array of products and services.

Buyers, Sellers or Refinancing. We pride ourselves on our consistent referral base from Past Clients, Real Estate Agents, Broker Firms, Attorneys, CPA's, Accountants, Book keepers, Financial Planners, Local Businesses, Buyers, Sellers & our peers in the industry.

Enjoy our outstanding 5 star customer service through individual attention. Our experienced team is accessible to clients seven days a week. We meet your personal short and long-term financial goals while making the lending process simple.

Through our website, you can submit a complete on-line secure application for any and all mortgage products or call &/or stop in and see us at our offices. After applying online, a representative will contact you. Our goal is to to get the quick answers you are looking for and make the complexities of the mortgage business easy for you to understand so you feel comfortable with the process.

Please browse our website & take advantage of our extensive tools on the site such as mortgage calculators, amortization schedules, credit estimator, documents required, loan process & loan program summaries. All faxes you may send will come to us in our cell, laptop or tablet in pdf format and we will overnight, email &/or meet in person. We utilize e-signatures for a fast precise transaction. Not a minute to waste. Wherever you are purchasing or refinancing,  we have the team, technology & loan products to meet your needs.","Crossroads Home Loans mentions complex mortgage products/workflows like: mortgage loans, home loans, wholesale loans, commercial loans, va home loans, home refinance loans, realtors bestfriend Welcome to Crossroads Hom",borrower doc follow-up drafts by loan type; daily pipeline brief; missing-doc follow-up drafts,"Hey Lisa — quick specific idea.

I was looking at Crossroads Home Loans and noticed the mortgage workflow probably has a lot of borrower/doc follow-up hiding behind the scenes. Crossroads Home Loans mentions complex mortgage products/workflows like: mortgage loans, home loans, wholesale loans, commercial loans, va home loans, home refinance loans, realtors bestfriend Welcome to Crossroads Hom

I’m testing a 7-day AIOS Quickstart for mortgage teams: 3 approval-only AI routines like borrower doc follow-up drafts by loan type, daily pipeline brief, and missing-doc follow-up drafts.

No auto-sending. Just drafts, briefs, and follow-up queues your team approves.

Want me to send the 3 routines I’d set up for Crossroads Home Loans?",3 AI routines for Crossroads Home Loans,"Hey Lisa,

I was looking at Crossroads Home Loans and had a specific thought. Mortgage teams usually don’t need a giant AI strategy. They need the recurring borrower/admin work to stop eating the week.

What stood out: Crossroads Home Loans mentions complex mortgage products/workflows like: mortgage loans, home loans, wholesale loans, commercial loans, va home loans, home refinance loans, realtors bestfriend Welcome to Crossroads Hom

I’m testing a 7-day AIOS Quickstart where I install 3 approval-gated routines for mortgage teams. For Crossroads Home Loans, I’d probably start with:

1. borrower doc follow-up drafts by loan type
2. daily pipeline brief
3. missing-doc follow-up drafts

Everything stays approval-only — no AI auto-sending weird emails to borrowers. It drafts, summarizes, and queues the work so your team can move faster.

Worth sending over a quick version of what I’d install?

Ryan","Quick bump, Lisa — I can make this concrete for Crossroads Home Loans.

I’d map 3 recurring workflows, install the approval-only drafts/briefs, and hand you a simple weekly operating rhythm. No giant dashboard, no auto-send.

Worth a quick look?"
78,108,"owner_or_founder | branch_manager | small_team | smaller_revenue | verified_email | linkedin_present | mortgage_fit | doc_complex_products:investment,va | broker_local_language",READY_FOR_LINKEDIN_AND_EMAIL,Mark,"Black, CFP®","Mark Black, CFP®","CFP®, Branch Manager, Owner",manager,"Vantage Point Financial Services, LLC","Vantage Point Financial Services, LLC",markblack@vantagepointadvisor.com,REAL-TIME VERIFIED ON 26 May 26,https://www.linkedin.com/in/mark-black-cfp®-4382876,Dayton,Ohio,vantagepointadvisor.com,https://www.linkedin.com/company/vantage-point-financial-services-llc,2-10,4,100000-499999,"investment management, retirement planning, college planning, tax planning, estate planning, life & disability insurance, 401(k) and other company retirement plans","We are a full service Financial Services Firm for individuals, families, and businesses.

Securities offered through First Allied Securities, Inc., A Registered Broker/Dealer. Member FINRA/SIPC. Advisory services offered through First Allied Advisory Services, Inc. A Registered Investment Adviser.

FINRA.org
SIPC.org

All third party posts are the responsibility of their respective authors. These opinions and information are subject to change at any time without notice or obligation of notification. The information is intended for informational purposes only and is not intended to provide tax, legal or investment advice.","Vantage Point Financial Services, LLC mentions complex mortgage products/workflows like: investment management, retirement planning, college planning, tax planning, estate planning, life &",complex-file doc checklist; daily pipeline brief; missing-doc follow-up drafts,"Hey Mark — quick specific idea.

I was looking at Vantage Point Financial Services, LLC and noticed the mortgage workflow probably has a lot of borrower/doc follow-up hiding behind the scenes. Vantage Point Financial Services, LLC mentions complex mortgage products/workflows like: investment management, retirement planning, college planning, tax planning, estate planning, life &

I’m testing a 7-day AIOS Quickstart for mortgage teams: 3 approval-only AI routines like complex-file doc checklist, daily pipeline brief, and missing-doc follow-up drafts.

No auto-sending. Just drafts, briefs, and follow-up queues your team approves.

Want me to send the 3 routines I’d set up for Vantage Point Financial Services, LLC?","3 AI routines for Vantage Point Financial Services, LLC","Hey Mark,

I was looking at Vantage Point Financial Services, LLC and had a specific thought. Mortgage teams usually don’t need a giant AI strategy. They need the recurring borrower/admin work to stop eating the week.

What stood out: Vantage Point Financial Services, LLC mentions complex mortgage products/workflows like: investment management, retirement planning, college planning, tax planning, estate planning, life &

I’m testing a 7-day AIOS Quickstart where I install 3 approval-gated routines for mortgage teams. For Vantage Point Financial Services, LLC, I’d probably start with:

1. complex-file doc checklist
2. daily pipeline brief
3. missing-doc follow-up drafts

Everything stays approval-only — no AI auto-sending weird emails to borrowers. It drafts, summarizes, and queues the work so your team can move faster.

Worth sending over a quick version of what I’d install?

Ryan","Quick bump, Mark — I can make this concrete for Vantage Point Financial Services, LLC.

I’d map 3 recurring workflows, install the approval-only drafts/briefs, and hand you a simple weekly operating rhythm. No giant dashboard, no auto-send.

Worth a quick look?"
79,108,"owner_or_founder | producer | small_team | smaller_revenue | verified_email | linkedin_present | strong_mortgage_fit | doc_complex_products:fha,va | broker_local_language",READY_FOR_LINKEDIN_AND_EMAIL,David,Pereira,David Pereira,Mortgage Broker & Owner,owner,Troy City Mortgage,Troy City Mortgage,david@troycitymortgage.com,REAL-TIME VERIFIED ON 25 May 26,https://www.linkedin.com/in/davedoesmortgages,Fall River,Massachusetts,troycitymortgage.com,https://www.linkedin.com/company/troy-city-mortgage,2-10,9,100000-499999,"real estate, mortgage , fha loan, va loan, financing, mortgage loans, refinancing, home equity, credit counseling","Know how to find the best home loan for you? We do. Get the right mortgage in MA, RI, CT & FL.","Troy City Mortgage mentions complex mortgage products/workflows like: real estate, mortgage , fha loan, va loan, financing, mortgage loans, refinancing, home equity, credit counseling Know how t",borrower doc follow-up drafts by loan type; daily pipeline brief; missing-doc follow-up drafts,"Hey David — quick specific idea.

I was looking at Troy City Mortgage and noticed the mortgage workflow probably has a lot of borrower/doc follow-up hiding behind the scenes. Troy City Mortgage mentions complex mortgage products/workflows like: real estate, mortgage , fha loan, va loan, financing, mortgage loans, refinancing, home equity, credit counseling Know how t

I’m testing a 7-day AIOS Quickstart for mortgage teams: 3 approval-only AI routines like borrower doc follow-up drafts by loan type, daily pipeline brief, and missing-doc follow-up drafts.

No auto-sending. Just drafts, briefs, and follow-up queues your team approves.

Want me to send the 3 routines I’d set up for Troy City Mortgage?",3 AI routines for Troy City Mortgage,"Hey David,

I was looking at Troy City Mortgage and had a specific thought. Mortgage teams usually don’t need a giant AI strategy. They need the recurring borrower/admin work to stop eating the week.

What stood out: Troy City Mortgage mentions complex mortgage products/workflows like: real estate, mortgage , fha loan, va loan, financing, mortgage loans, refinancing, home equity, credit counseling Know how t

I’m testing a 7-day AIOS Quickstart where I install 3 approval-gated routines for mortgage teams. For Troy City Mortgage, I’d probably start with:

1. borrower doc follow-up drafts by loan type
2. daily pipeline brief
3. missing-doc follow-up drafts

Everything stays approval-only — no AI auto-sending weird emails to borrowers. It drafts, summarizes, and queues the work so your team can move faster.

Worth sending over a quick version of what I’d install?

Ryan","Quick bump, David — I can make this concrete for Troy City Mortgage.

I’d map 3 recurring workflows, install the approval-only drafts/briefs, and hand you a simple weekly operating rhythm. No giant dashboard, no auto-send.

Worth a quick look?"
80,108,"branch_manager | producer | small_team | revenue_can_pay | linkedin_present | strong_mortgage_fit | doc_complex_products:jumbo,commercial,investor,heloc | speed_service_language:fast,streamlined,customer service | broker_local_language",READY_FOR_LINKEDIN_NEEDS_EMAIL,Donna,Martindale-Taylor,Donna Martindale-Taylor,Senior Mortgage Loan Officer/Branch Manager/VP,senior,American Home Lending USA,American Home Lending USA,,,https://www.linkedin.com/in/donna-martindale-taylor-322247109,Tupelo,Mississippi,americanhomelendingusa.com,https://www.linkedin.com/company/ahlusa,11-50,22,1000000-4999999,"mortgage lending, reverse mortgage, 100% cashout mortgage, va, usda/rural, 203k rehab mortgage, $100 down payment homes, $0 down payment homes, fha financing, jumbo mortgage, no appraisal mortgage, first-time homebuyer program, national down payment assistance","American Home Lending USA is a top-rated mortgage lender with dozens of specialized home loan options. The key to our success has been a combination of consistently offering the lowest mortgage rates and providing outstanding customer service and treat each client as an individual, not a number.  Our goal is to create satisfied clients one at a time.  Since our company was founded in 2008, we have helped thousands of homebuyer and homeowners with their home loan needs and proudly maintain an A+ rating with the Better Business Bureau.

Nearly 100% of our business is by referral from satisfied clients, highly successful realtors and the most respected homebuilders in the industry.  These relationships are a direct result of over a decade of doing what we do best – providing our clients with unparalleled service while offering them the best mortgage options available.

Our team of mortgage experts will ensure our client's are paired with a home loan program which best suits their needs with the goals of maximizing their cash, minimizing their costs (if any), and close fast.  There are many home loan options to choose from and together we’ll help find the loan that’s the best for you and your family.

We offer a variety of mortgage solutions and are able to offer competitive wholesale mortgage rates. Some of our popular mortgage products include: rate buy-downs, down payment assistance, VA, Conventional, FHA, USDA, HELOC, cash out refinance, reverse mortgages (HECM), VA IRRRL Streamline refinance, 203K purchase/refinance (home improvement), Jumbo loans, DCSR, commercial/investor products.

Whether you are shopping for a new home purchase or looking to lower your mortgage rate or cash out equity to pay off debt, our streamlined process makes it a breeze to buy a home, refinance, or tap into your home equity.

NMLS ID: 2239. To verify licensing, visit NMLS Consumer Access (www.nmlsconsumeraccess.org). Equal Housing Lender.","American Home Lending USA mentions complex mortgage products/workflows like: , $100 down payment homes, $0 down payment homes, fha financing, jumbo mortgage, no appraisal mortgage, first-time homebuyer program, national down payment assistanc",complex-file doc checklist; construction/renovation loan condition tracker; borrower doc follow-up drafts by loan type,"Hey Donna — quick specific idea.

I was looking at American Home Lending USA and noticed the mortgage workflow probably has a lot of borrower/doc follow-up hiding behind the scenes. American Home Lending USA mentions complex mortgage products/workflows like: , $100 down payment homes, $0 down payment homes, fha financing, jumbo mortgage, no appraisal mortgage, first-time homebuyer program, national down payment assistanc

I’m testing a 7-day AIOS Quickstart for mortgage teams: 3 approval-only AI routines like complex-file doc checklist, construction/renovation loan condition tracker, and borrower doc follow-up drafts by loan type.

No auto-sending. Just drafts, briefs, and follow-up queues your team approves.

Want me to send the 3 routines I’d set up for American Home Lending USA?",3 AI routines for American Home Lending USA,"Hey Donna,

I was looking at American Home Lending USA and had a specific thought. Mortgage teams usually don’t need a giant AI strategy. They need the recurring borrower/admin work to stop eating the week.

What stood out: American Home Lending USA mentions complex mortgage products/workflows like: , $100 down payment homes, $0 down payment homes, fha financing, jumbo mortgage, no appraisal mortgage, first-time homebuyer program, national down payment assistanc

I’m testing a 7-day AIOS Quickstart where I install 3 approval-gated routines for mortgage teams. For American Home Lending USA, I’d probably start with:

1. complex-file doc checklist
2. construction/renovation loan condition tracker
3. borrower doc follow-up drafts by loan type

Everything stays approval-only — no AI auto-sending weird emails to borrowers. It drafts, summarizes, and queues the work so your team can move faster.

Worth sending over a quick version of what I’d install?

Ryan","Quick bump, Donna — I can make this concrete for American Home Lending USA.

I’d map 3 recurring workflows, install the approval-only drafts/briefs, and hand you a simple weekly operating rhythm. No giant dashboard, no auto-send.

Worth a quick look?"
81,108,"owner_or_founder | producer | small_team | smaller_revenue | verified_email | linkedin_present | strong_mortgage_fit | doc_complex_products:construction,commercial,investor,private lending",READY_FOR_LINKEDIN_AND_EMAIL,Lisa,Ferrara,Lisa Ferrara,Owner/ Loan Officer,owner,SM Capital,SM Capital,lisa@superiormci.com,REAL-TIME VERIFIED ON 26 May 26,https://www.linkedin.com/in/lisa-ferrara-380658223,Woodbury,New York,superiormci.com,https://www.linkedin.com/company/smcap,11-50,13,100000-499999,"commercial, conventional, refinance, private lending, no-income loans, investor loans, construction loans, multifamily, purchase, development loans, portfolio loans",Real Estate Capital Markets & Advisory,"SM Capital mentions complex mortgage products/workflows like: al, refinance, private lending, no-income loans, investor loans, construction loans, multifamily, purchase, development loans, portfolio loans Real Estate Capital Ma",construction/renovation loan condition tracker; borrower doc follow-up drafts by loan type; daily pipeline brief,"Hey Lisa — quick specific idea.

I was looking at SM Capital and noticed the mortgage workflow probably has a lot of borrower/doc follow-up hiding behind the scenes. SM Capital mentions complex mortgage products/workflows like: al, refinance, private lending, no-income loans, investor loans, construction loans, multifamily, purchase, development loans, portfolio loans Real Estate Capital Ma

I’m testing a 7-day AIOS Quickstart for mortgage teams: 3 approval-only AI routines like construction/renovation loan condition tracker, borrower doc follow-up drafts by loan type, and daily pipeline brief.

No auto-sending. Just drafts, briefs, and follow-up queues your team approves.

Want me to send the 3 routines I’d set up for SM Capital?",3 AI routines for SM Capital,"Hey Lisa,

I was looking at SM Capital and had a specific thought. Mortgage teams usually don’t need a giant AI strategy. They need the recurring borrower/admin work to stop eating the week.

What stood out: SM Capital mentions complex mortgage products/workflows like: al, refinance, private lending, no-income loans, investor loans, construction loans, multifamily, purchase, development loans, portfolio loans Real Estate Capital Ma

I’m testing a 7-day AIOS Quickstart where I install 3 approval-gated routines for mortgage teams. For SM Capital, I’d probably start with:

1. construction/renovation loan condition tracker
2. borrower doc follow-up drafts by loan type
3. daily pipeline brief

Everything stays approval-only — no AI auto-sending weird emails to borrowers. It drafts, summarizes, and queues the work so your team can move faster.

Worth sending over a quick version of what I’d install?

Ryan","Quick bump, Lisa — I can make this concrete for SM Capital.

I’d map 3 recurring workflows, install the approval-only drafts/briefs, and hand you a simple weekly operating rhythm. No giant dashboard, no auto-send.

Worth a quick look?"
82,108,"owner_or_founder | branch_manager | small_team | verified_email | linkedin_present | mortgage_fit | doc_complex_products:construction,investment,investor,va | speed_service_language:communication | broker_local_language",READY_FOR_LINKEDIN_AND_EMAIL,Gregory,Perrone,Gregory Perrone,Branch Manager | Branch Owner,senior,The Shoppes of Citrus Hills | Raymond James,The Shoppes of Citrus Hills | Raymond James,gregory.perrone@raymondjames.com,REAL-TIME VERIFIED ON 26 May 26,https://www.linkedin.com/in/gregoryperronewealthmanager,Florida,,https://www.raymondjames.com/theshoppesofcitrushills,https://www.linkedin.com/company/the-shoppes-of-citrus-hills-raymond-james,2-10,1,0-99999,"wealth management , financial planning , investment management , portfolio construction, client communication , relationship building , succession planning, generational wealth transfer","At The Shoppes of Citrus Hills -Raymond James, we are dedicated to fostering long-lasting relationships with our clients — helping people just like you build a future centered around the things that matter most to your everyday life and future. From relieving financial stress to securing your future, our team is committed to serving your unique needs and goals and helping you navigate whatever life may bring.

We specialize in comprehensive, values-aligned money management and financial planning for individuals, small and mid-sized business owners, those who are retired or soon to be retired, and those who walk in. We also welcome and specialize in working with our clients' next generation of investors.

For the past 26 years, I have been assisting individual investors in establishing their financial goals, formalizing plans to pursue those goals, implementing and monitoring those plans to make sure they stay on course, adjust where appropriate, to provide a successful outcome for each of my clients.

LET'S CONNECT IF YOU ARE:

*Thinking about consolidating accounts.
*Responsible for operating a business retirement plan (401(k), 403(b), Defined Benefit, etc.).
*Concerned about how to pay for college.
*Receiving an inheritance, settlement, or proceeds from the selling a home or business.
*Recently divorced or widowed and want to get a handle on your finances.
*New to the area and would like to work with a local advisor.
*Anxious that you may not be adequately insured.
OR:
*You would like a second opinion on your financial situation and goals.

 Securities offered through Raymond James Financial Services, Inc., member FINRA/SIPC. Investment advisory services are offered through Raymond James Financial Services Advisors, Inc.  Shoppes of Citrus Hills not a registered broker/dealer and is independent of Raymond James Financial Services. Please follow this link to Important Disclosure Information: http://raymondjames.com/smicd.htm","The Shoppes of Citrus Hills | Raymond James mentions complex mortgage products/workflows like: agement , financial planning , investment management , portfolio construction, client communication , relationship building , succession planning, generational wealt",complex-file doc checklist; construction/renovation loan condition tracker; borrower doc follow-up drafts by loan type,"Hey Gregory — quick specific idea.

I was looking at The Shoppes of Citrus Hills | Raymond James and noticed the mortgage workflow probably has a lot of borrower/doc follow-up hiding behind the scenes. The Shoppes of Citrus Hills | Raymond James mentions complex mortgage products/workflows like: agement , financial planning , investment management , portfolio construction, client communication , relationship building , succession planning, generational wealt

I’m testing a 7-day AIOS Quickstart for mortgage teams: 3 approval-only AI routines like complex-file doc checklist, construction/renovation loan condition tracker, and borrower doc follow-up drafts by loan type.

No auto-sending. Just drafts, briefs, and follow-up queues your team approves.

Want me to send the 3 routines I’d set up for The Shoppes of Citrus Hills | Raymond James?",3 AI routines for The Shoppes of Citrus Hills | Raymond James,"Hey Gregory,

I was looking at The Shoppes of Citrus Hills | Raymond James and had a specific thought. Mortgage teams usually don’t need a giant AI strategy. They need the recurring borrower/admin work to stop eating the week.

What stood out: The Shoppes of Citrus Hills | Raymond James mentions complex mortgage products/workflows like: agement , financial planning , investment management , portfolio construction, client communication , relationship building , succession planning, generational wealt

I’m testing a 7-day AIOS Quickstart where I install 3 approval-gated routines for mortgage teams. For The Shoppes of Citrus Hills | Raymond James, I’d probably start with:

1. complex-file doc checklist
2. construction/renovation loan condition tracker
3. borrower doc follow-up drafts by loan type

Everything stays approval-only — no AI auto-sending weird emails to borrowers. It drafts, summarizes, and queues the work so your team can move faster.

Worth sending over a quick version of what I’d install?

Ryan","Quick bump, Gregory — I can make this concrete for The Shoppes of Citrus Hills | Raymond James.

I’d map 3 recurring workflows, install the approval-only drafts/briefs, and hand you a simple weekly operating rhythm. No giant dashboard, no auto-send.

Worth a quick look?"
83,108,"owner_or_founder | producer | small_team | smaller_revenue | verified_email | linkedin_present | strong_mortgage_fit | doc_complex_products:fha,va | broker_local_language",READY_FOR_LINKEDIN_AND_EMAIL,Hans,Fetterhoff 719-686-3652,Hans Fetterhoff 719-686-3652,Mortgage Broker/Owner,owner,Broker House Mortgage,Broker House Mortgage,hans@brokerhousemortgage.com,REAL-TIME VERIFIED ON 26 May 26,https://www.linkedin.com/in/hansfetterhoff,Colorado Springs,Colorado,brokerhousemortgage.com,https://www.linkedin.com/company/broker-house-mortgage,2-10,3,100000-499999,"va loans , down payment assistance, fha loans ","Lender Works, LLP DBA Broker House Mortgage is a Colorado Springs based mortgage brokerage.","Broker House Mortgage mentions complex mortgage products/workflows like: va loans , down payment assistance, fha loans Lender Works, LLP DBA Broker House Mortgage is a Colorado Springs based mortgage brokerage",borrower doc follow-up drafts by loan type; daily pipeline brief; missing-doc follow-up drafts,"Hey Hans — quick specific idea.

I was looking at Broker House Mortgage and noticed the mortgage workflow probably has a lot of borrower/doc follow-up hiding behind the scenes. Broker House Mortgage mentions complex mortgage products/workflows like: va loans , down payment assistance, fha loans Lender Works, LLP DBA Broker House Mortgage is a Colorado Springs based mortgage brokerage

I’m testing a 7-day AIOS Quickstart for mortgage teams: 3 approval-only AI routines like borrower doc follow-up drafts by loan type, daily pipeline brief, and missing-doc follow-up drafts.

No auto-sending. Just drafts, briefs, and follow-up queues your team approves.

Want me to send the 3 routines I’d set up for Broker House Mortgage?",3 AI routines for Broker House Mortgage,"Hey Hans,

I was looking at Broker House Mortgage and had a specific thought. Mortgage teams usually don’t need a giant AI strategy. They need the recurring borrower/admin work to stop eating the week.

What stood out: Broker House Mortgage mentions complex mortgage products/workflows like: va loans , down payment assistance, fha loans Lender Works, LLP DBA Broker House Mortgage is a Colorado Springs based mortgage brokerage

I’m testing a 7-day AIOS Quickstart where I install 3 approval-gated routines for mortgage teams. For Broker House Mortgage, I’d probably start with:

1. borrower doc follow-up drafts by loan type
2. daily pipeline brief
3. missing-doc follow-up drafts

Everything stays approval-only — no AI auto-sending weird emails to borrowers. It drafts, summarizes, and queues the work so your team can move faster.

Worth sending over a quick version of what I’d install?

Ryan","Quick bump, Hans — I can make this concrete for Broker House Mortgage.

I’d map 3 recurring workflows, install the approval-only drafts/briefs, and hand you a simple weekly operating rhythm. No giant dashboard, no auto-send.

Worth a quick look?"
84,108,"owner_or_founder | producer | small_team | verified_email | linkedin_present | strong_mortgage_fit | doc_complex_products:commercial,hard money,bridge,va | speed_service_language:easy | broker_local_language",READY_FOR_LINKEDIN_AND_EMAIL,Chris,Duliga,Chris Duliga,"Principal, CRE Mortgage Broker",manager,Domerus LLC,Domerus LLC,chris@domerus.com,REAL-TIME VERIFIED ON 26 May 26,https://www.linkedin.com/in/chrisduliga,Hudson,Ohio,domerus.com,https://www.linkedin.com/company/domerus,2-10,1,0-99999,"loans, financing, lending, banking, financial services","Financing the Future

Since 2001, Domerus has grown and evolved. Today, based near Cleveland, Ohio, we are dedicated to serving clients nationwide who need a commercial mortgage.

Domerus is successful in placing commercial mortgages due to its vast network of lenders and countless loan programs.","Domerus LLC mentions complex mortgage products/workflows like: Ohio, we are dedicated to serving clients nationwide who need a commercial mortgage. Domerus is successful in placing commercial mortgages due to its vast network",borrower doc follow-up drafts by loan type; daily pipeline brief; missing-doc follow-up drafts,"Hey Chris — quick specific idea.

I was looking at Domerus LLC and noticed the mortgage workflow probably has a lot of borrower/doc follow-up hiding behind the scenes. Domerus LLC mentions complex mortgage products/workflows like: Ohio, we are dedicated to serving clients nationwide who need a commercial mortgage. Domerus is successful in placing commercial mortgages due to its vast network

I’m testing a 7-day AIOS Quickstart for mortgage teams: 3 approval-only AI routines like borrower doc follow-up drafts by loan type, daily pipeline brief, and missing-doc follow-up drafts.

No auto-sending. Just drafts, briefs, and follow-up queues your team approves.

Want me to send the 3 routines I’d set up for Domerus LLC?",3 AI routines for Domerus LLC,"Hey Chris,

I was looking at Domerus LLC and had a specific thought. Mortgage teams usually don’t need a giant AI strategy. They need the recurring borrower/admin work to stop eating the week.

What stood out: Domerus LLC mentions complex mortgage products/workflows like: Ohio, we are dedicated to serving clients nationwide who need a commercial mortgage. Domerus is successful in placing commercial mortgages due to its vast network

I’m testing a 7-day AIOS Quickstart where I install 3 approval-gated routines for mortgage teams. For Domerus LLC, I’d probably start with:

1. borrower doc follow-up drafts by loan type
2. daily pipeline brief
3. missing-doc follow-up drafts

Everything stays approval-only — no AI auto-sending weird emails to borrowers. It drafts, summarizes, and queues the work so your team can move faster.

Worth sending over a quick version of what I’d install?

Ryan","Quick bump, Chris — I can make this concrete for Domerus LLC.

I’d map 3 recurring workflows, install the approval-only drafts/briefs, and hand you a simple weekly operating rhythm. No giant dashboard, no auto-send.

Worth a quick look?"
85,108,"branch_manager | small_team | revenue_can_pay | verified_email | linkedin_present | strong_mortgage_fit | doc_complex_products:jumbo,reverse,fha,va | speed_service_language:customer service | broker_local_language",READY_FOR_LINKEDIN_AND_EMAIL,Kara,Medlock,Kara Medlock,Branch Manager,manager,Coastal Pacific Lending Inc. NMLS: 965211,Coastal Pacific Lending Inc. NMLS: 965211,kara@coastalpacificlending.com,REAL-TIME VERIFIED ON 26 May 26,https://www.linkedin.com/in/kara-medlock-855193297,Phoenix,Arizona,coastalpacificlending.com,https://www.linkedin.com/company/coastal-pacific-lending,11-50,28,1000000-4999999,"fha loan, adjustable rate mortgage, jumbo loans, homepath, fha streamline, reverse mortgage, refinance, real estate loans, home loans, mortgage, customer service, loan officers, va loans","Since 2012, our team of caring and skilled home financing experts have helped countless families across the Western US realize their dreams of homeownership.


And our team’s industry knowledge runs deeper than their experiences at Coastal Pacific. Many of our team members have vast industry experience with lending and finance giants such as E*TRADE Financial and Lending Tree and boast over 20 years of experience in the lending industry. They put this knowledge and their own industry contacts to work for your benefit in creating a financing package that’ll make sense for you. 

Licensing Info:
AZ Department of Financial Institutions Mortgage Broker MB-0927939
CA Bureau of Real Estate #01920475
CA Department of Financial Protection & Innovation #60DBO-135121
CO Registered Mortgage Lender
FL Mortgage Lender License #MLD2663
GA Mortgage Lender License/Registration #965211
ID Mortgage Broker/Lender License #MBL-2080965211
TX SML Mortgage Company License
TN Department of Financial Institutions Mortgage License #965211
VA Lender/Broker License #MC-7242
WA Consumer Loan Company #CL-965211

https://nmlsconsumeraccess.org/","Coastal Pacific Lending Inc. NMLS: 965211 mentions complex mortgage products/workflows like: fha loan, adjustable rate mortgage, jumbo loans, homepath, fha streamline, reverse mortgage, refinance, real estate loans, home loans, m",complex-file doc checklist; borrower doc follow-up drafts by loan type; daily pipeline brief,"Hey Kara — quick specific idea.

I was looking at Coastal Pacific Lending Inc. NMLS: 965211 and noticed the mortgage workflow probably has a lot of borrower/doc follow-up hiding behind the scenes. Coastal Pacific Lending Inc. NMLS: 965211 mentions complex mortgage products/workflows like: fha loan, adjustable rate mortgage, jumbo loans, homepath, fha streamline, reverse mortgage, refinance, real estate loans, home loans, m

I’m testing a 7-day AIOS Quickstart for mortgage teams: 3 approval-only AI routines like complex-file doc checklist, borrower doc follow-up drafts by loan type, and daily pipeline brief.

No auto-sending. Just drafts, briefs, and follow-up queues your team approves.

Want me to send the 3 routines I’d set up for Coastal Pacific Lending Inc. NMLS: 965211?",3 AI routines for Coastal Pacific Lending Inc. NMLS: 965211,"Hey Kara,

I was looking at Coastal Pacific Lending Inc. NMLS: 965211 and had a specific thought. Mortgage teams usually don’t need a giant AI strategy. They need the recurring borrower/admin work to stop eating the week.

What stood out: Coastal Pacific Lending Inc. NMLS: 965211 mentions complex mortgage products/workflows like: fha loan, adjustable rate mortgage, jumbo loans, homepath, fha streamline, reverse mortgage, refinance, real estate loans, home loans, m

I’m testing a 7-day AIOS Quickstart where I install 3 approval-gated routines for mortgage teams. For Coastal Pacific Lending Inc. NMLS: 965211, I’d probably start with:

1. complex-file doc checklist
2. borrower doc follow-up drafts by loan type
3. daily pipeline brief

Everything stays approval-only — no AI auto-sending weird emails to borrowers. It drafts, summarizes, and queues the work so your team can move faster.

Worth sending over a quick version of what I’d install?

Ryan","Quick bump, Kara — I can make this concrete for Coastal Pacific Lending Inc. NMLS: 965211.

I’d map 3 recurring workflows, install the approval-only drafts/briefs, and hand you a simple weekly operating rhythm. No giant dashboard, no auto-send.

Worth a quick look?"
86,108,"owner_or_founder | small_team | smaller_revenue | verified_email | linkedin_present | strong_mortgage_fit | doc_complex_products:jumbo,construction,fha,va | speed_service_language:customer service,transparent",READY_FOR_LINKEDIN_AND_EMAIL,Jason,Zimmer,Jason Zimmer,"Owner and Mortgage Banker in Chicagoland (Lockport, IL)",owner,"Parlay Mortgage & Property, Inc.","Parlay Mortgage & Property, Inc.",jzimmer@parlaymortgage.com,REAL-TIME VERIFIED ON 26 May 26,https://www.linkedin.com/in/jasonzimmerparlaymortgage,Mokena,Illinois,parlaymortgage.com,https://www.linkedin.com/company/parlay-mortgage,11-50,7,500000-999999,"purchase loans, refinance loans, home improvement loans, new construction loans","In an industry where the end product does not change, Parlay Mortgage needs to define itself on more than the loan we provide. We need to focus on the process in which we deliver the loan. Taking that approach, our vision is... ""We make a complicated process a little better.""

Let's be honest, no one likes asking for money. The mortgage process has become extremely cumbersome and quite nerve racking for many people. While we can't change the rules and regulations that currently exist, we can make the process a little bit better.

Our mission is to make the process a little bit better by providing outstanding customer service from the first contact through the funding of the loan. It all starts with educating the borrower(s) about the various loan options and setting realistic expectations up front. We remove the mystery of the mortgage process and provide timely and transparent status updates. By keeping the customer educated, updated, and involved, Parlay makes the process a little bit better.

In order to carry out our vision and mission, we must stay true to our core values. Honesty, Integrity, and Transparency are the cornerstones of what Parlay Mortgage stands for. In every loan we do, we understand what is on the line for our customer.

Parlay Mortgage provides residential real estate loans for purchases, refinances, home improvement loans, VA, FHA, Conventional, JUMBO and more.","Parlay Mortgage & Property, Inc. mentions complex mortgage products/workflows like: ases, refinances, home improvement loans, VA, FHA, Conventional, JUMBO and more.",complex-file doc checklist; construction/renovation loan condition tracker; borrower doc follow-up drafts by loan type,"Hey Jason — quick specific idea.

I was looking at Parlay Mortgage & Property, Inc. and noticed the mortgage workflow probably has a lot of borrower/doc follow-up hiding behind the scenes. Parlay Mortgage & Property, Inc. mentions complex mortgage products/workflows like: ases, refinances, home improvement loans, VA, FHA, Conventional, JUMBO and more.

I’m testing a 7-day AIOS Quickstart for mortgage teams: 3 approval-only AI routines like complex-file doc checklist, construction/renovation loan condition tracker, and borrower doc follow-up drafts by loan type.

No auto-sending. Just drafts, briefs, and follow-up queues your team approves.

Want me to send the 3 routines I’d set up for Parlay Mortgage & Property, Inc.?","3 AI routines for Parlay Mortgage & Property, Inc.","Hey Jason,

I was looking at Parlay Mortgage & Property, Inc. and had a specific thought. Mortgage teams usually don’t need a giant AI strategy. They need the recurring borrower/admin work to stop eating the week.

What stood out: Parlay Mortgage & Property, Inc. mentions complex mortgage products/workflows like: ases, refinances, home improvement loans, VA, FHA, Conventional, JUMBO and more.

I’m testing a 7-day AIOS Quickstart where I install 3 approval-gated routines for mortgage teams. For Parlay Mortgage & Property, Inc., I’d probably start with:

1. complex-file doc checklist
2. construction/renovation loan condition tracker
3. borrower doc follow-up drafts by loan type

Everything stays approval-only — no AI auto-sending weird emails to borrowers. It drafts, summarizes, and queues the work so your team can move faster.

Worth sending over a quick version of what I’d install?

Ryan","Quick bump, Jason — I can make this concrete for Parlay Mortgage & Property, Inc..

I’d map 3 recurring workflows, install the approval-only drafts/briefs, and hand you a simple weekly operating rhythm. No giant dashboard, no auto-send.

Worth a quick look?"
87,108,"branch_manager | small_team | revenue_can_pay | verified_email | linkedin_present | strong_mortgage_fit | doc_complex_products:non-qm,investment,investor,self-employed | speed_service_language:technology,tech,easy,seamless",READY_FOR_LINKEDIN_AND_EMAIL,Jason,Rod,Jason Rod,Hawaii Branch Manager MBANC 808-365-9204,manager,MBANC,MBANC,jason@mbanc.com,REAL-TIME VERIFIED ON 26 May 26,https://www.linkedin.com/in/jason-rod-9b0956207,Hilo,Hawaii,mbanc.com,https://www.linkedin.com/company/mbanc,11-50,28,1000000-4999999,,"Through innovative technologies, we streamline the lending process for borrowers with financial portfolios other banks dismiss as ""too complicated."" With a combined experience of over 100 years, we bring to you confidence you can bank on. Wisdom built on experience and innovation born through never ending passion for excellence.

Executive Summary - Leading innovation through education and technology in the Non-QM sector. We are a consumer direct lender, servicing the needs of people who cannot qualify through conventional  lending methods. By leveraging technology and building brand awareness and education through digital channels and automated processes, we bring the borrower through a seamless and easy to use loan process.

Vision Executed - Not just a sight to behold; Mbanc is already delivering to a demanding audience. Our accessible and simplified process looks at the borrower as a whole and offers lending options that match their needs. Self-employed borrowers we can qualify based on bank statements without the need for tax returns. Investors qualify solely on the subject property for purchase and refinance. In today's digitally connected world where people run global businesses from their home and build million-dollar brands through social media; Mbanc knows how to qualify borrowers for their home or investment lending needs. NMLS ID # 38232","MBANC mentions complex mortgage products/workflows like: ary - Leading innovation through education and technology in the Non-QM sector. We are a consumer direct lender, servicing the needs of people who cannot qualify thr",complex-file doc checklist; borrower doc follow-up drafts by loan type; daily pipeline brief,"Hey Jason — quick specific idea.

I was looking at MBANC and noticed the mortgage workflow probably has a lot of borrower/doc follow-up hiding behind the scenes. MBANC mentions complex mortgage products/workflows like: ary - Leading innovation through education and technology in the Non-QM sector. We are a consumer direct lender, servicing the needs of people who cannot qualify thr

I’m testing a 7-day AIOS Quickstart for mortgage teams: 3 approval-only AI routines like complex-file doc checklist, borrower doc follow-up drafts by loan type, and daily pipeline brief.

No auto-sending. Just drafts, briefs, and follow-up queues your team approves.

Want me to send the 3 routines I’d set up for MBANC?",3 AI routines for MBANC,"Hey Jason,

I was looking at MBANC and had a specific thought. Mortgage teams usually don’t need a giant AI strategy. They need the recurring borrower/admin work to stop eating the week.

What stood out: MBANC mentions complex mortgage products/workflows like: ary - Leading innovation through education and technology in the Non-QM sector. We are a consumer direct lender, servicing the needs of people who cannot qualify thr

I’m testing a 7-day AIOS Quickstart where I install 3 approval-gated routines for mortgage teams. For MBANC, I’d probably start with:

1. complex-file doc checklist
2. borrower doc follow-up drafts by loan type
3. daily pipeline brief

Everything stays approval-only — no AI auto-sending weird emails to borrowers. It drafts, summarizes, and queues the work so your team can move faster.

Worth sending over a quick version of what I’d install?

Ryan","Quick bump, Jason — I can make this concrete for MBANC.

I’d map 3 recurring workflows, install the approval-only drafts/briefs, and hand you a simple weekly operating rhythm. No giant dashboard, no auto-send.

Worth a quick look?"
88,108,"owner_or_founder | small_team | smaller_revenue | verified_email | linkedin_present | strong_mortgage_fit | doc_complex_products:jumbo,construction,investor,dscr | broker_local_language",READY_FOR_LINKEDIN_AND_EMAIL,Lissette,Romero,Lissette Romero,"Broker/Owner of The Florida Mortgage Lab, LLC",owner,"The Florida Mortgage Lab, LLC","The Florida Mortgage Lab, LLC",lissette@floridamortgagelab.com,REAL-TIME VERIFIED ON 26 May 26,https://www.linkedin.com/in/lissetteromeromlo,Key Largo,Florida,floridamortgagelab.com,https://www.linkedin.com/company/the-florida-mortgage-lab-llc,2-10,2,100000-499999,"bank statement loans, dscr loans, estate financing, local mortgage, manufactured home financing, mortgage loans, no tax returns, real estate financing, home purchasing assistance, mortgage refinancing, mortgage loan application, mortgage loan shopping, property closing, mortgage rate shopping, mobile home financing, jumbo loans, fha, conventional, va, construction loan, vacant land, no income","When you choose to work with The Florida Mortgage Lab, you are working with someone who truly takes pride in professionalism and exceptional service.  We offer many different loan options for almost every type of borrower.



Besides your typical Conventional, FHA, VA & Jumbo loans, we have products that require no tax returns like bank statement loans and no-income products like our DSCR loan for investors.  Manufactured homes and vacant lots are also an option when you work with us.","The Florida Mortgage Lab, LLC mentions complex mortgage products/workflows like: property closing, mortgage rate shopping, mobile home financing, jumbo loans, fha, conventional, va, construction loan, vacant land, no income When you choose to wor",complex-file doc checklist; construction/renovation loan condition tracker; borrower doc follow-up drafts by loan type,"Hey Lissette — quick specific idea.

I was looking at The Florida Mortgage Lab, LLC and noticed the mortgage workflow probably has a lot of borrower/doc follow-up hiding behind the scenes. The Florida Mortgage Lab, LLC mentions complex mortgage products/workflows like: property closing, mortgage rate shopping, mobile home financing, jumbo loans, fha, conventional, va, construction loan, vacant land, no income When you choose to wor

I’m testing a 7-day AIOS Quickstart for mortgage teams: 3 approval-only AI routines like complex-file doc checklist, construction/renovation loan condition tracker, and borrower doc follow-up drafts by loan type.

No auto-sending. Just drafts, briefs, and follow-up queues your team approves.

Want me to send the 3 routines I’d set up for The Florida Mortgage Lab, LLC?","3 AI routines for The Florida Mortgage Lab, LLC","Hey Lissette,

I was looking at The Florida Mortgage Lab, LLC and had a specific thought. Mortgage teams usually don’t need a giant AI strategy. They need the recurring borrower/admin work to stop eating the week.

What stood out: The Florida Mortgage Lab, LLC mentions complex mortgage products/workflows like: property closing, mortgage rate shopping, mobile home financing, jumbo loans, fha, conventional, va, construction loan, vacant land, no income When you choose to wor

I’m testing a 7-day AIOS Quickstart where I install 3 approval-gated routines for mortgage teams. For The Florida Mortgage Lab, LLC, I’d probably start with:

1. complex-file doc checklist
2. construction/renovation loan condition tracker
3. borrower doc follow-up drafts by loan type

Everything stays approval-only — no AI auto-sending weird emails to borrowers. It drafts, summarizes, and queues the work so your team can move faster.

Worth sending over a quick version of what I’d install?

Ryan","Quick bump, Lissette — I can make this concrete for The Florida Mortgage Lab, LLC.

I’d map 3 recurring workflows, install the approval-only drafts/briefs, and hand you a simple weekly operating rhythm. No giant dashboard, no auto-send.

Worth a quick look?"
89,108,"branch_manager | small_team | revenue_can_pay | verified_email | linkedin_present | strong_mortgage_fit | doc_complex_products:jumbo,construction,reverse,renovation | speed_service_language:fast,efficient,technology,tech",READY_FOR_LINKEDIN_AND_EMAIL,Rory,O'Donnell,Rory O'Donnell,Branch Manager,manager,"Greenway Mortgage Funding Corp, NMLS#374480","Greenway Mortgage Funding Corp, NMLS#374480",rodonnell@greenwaymortgage.com,REAL-TIME VERIFIED ON 26 May 26,https://www.linkedin.com/in/rory-o-donnell-0a79ab12,Bedford Hills,New York,greenwaymortgage.com,https://www.linkedin.com/company/greenway-mortgage-funding-corp,11-50,47,1000000-4999999,"mortgage, first-time homebuyers, va loan, home loan, fha loan, financing, home purchase, homebuying, credit score, down payment assistance, usda loan, conventional loan , refinance, reverse mortgage, jumbo loans, veterans, doctor loan, renovation loan, energy efficient mortgage, construction loan","Greenway Mortgage is a full-service, direct mortgage lender that is committed to its clients as well as to the environment. Simply put, we combine the future of mortgage lending technology with the traditional service and experience you deserve. 

Greenway Mortgage offers a variety of other loan options to suit the needs of each client whether you’re looking to buy your first home, move up, refinance, or invest. Some loan options include VA, USDA, FHA, Conventional, Down Payment Assistance, Reverse, Refinance, Jumbo, Construction Loans, Doctor Loan, First-Time Home Buyer Mortgage Programs and so much more. Information on these can be found by visiting our website at www.greenwaymortgage.com 

𝐖𝐡𝐞𝐧 𝐲𝐨𝐮 𝐜𝐡𝐨𝐨𝐬𝐞 𝐆𝐫𝐞𝐞𝐧𝐰𝐚𝐲 𝐌𝐨𝐫𝐭𝐠𝐚𝐠𝐞 𝐲𝐨𝐮'𝐥𝐥 𝐠𝐞𝐭 𝐚 𝐥𝐞𝐧𝐝𝐢𝐧𝐠 𝐞𝐱𝐩𝐞𝐫𝐢𝐞𝐧𝐜𝐞 𝐭𝐡𝐚𝐭'𝐬 𝐬𝐞𝐜𝐨𝐧𝐝 𝐭𝐨 𝐧𝐨𝐧𝐞.

- Full-Service Mortgage Lender
- Personalized Service
- We offer a wide variety of specialized products and programs for every type of homebuyer
- Customized loan solutions to fit the needs of individual borrowers
- Competitive Rates
- Experienced Team 
- Fast Closings 
- Long-term relationships that last beyond the closing table
- Meet face-to-face or online at your convenience with our Loan Officers

Contact Us: 888-616-9886
Email: leads@greenwaylending.com 

__________________________________________________________________________________

Greenway Mortgage Funding Corp. NMLS# #374480. 107 Tindall Road, Middletown, NJ 07748. Licensed By the NJ Department of Banking and Insurance. Licensed by the PA Department of Banking and Securities. CT Licensed Mortgage Correspondent Lender. Licensed Mortgage Banker NYS Dept of Financial Services. For additional state licensing information see http://nmlsconsumeraccess.org/. Equal Opportunity Lender.","Greenway Mortgage Funding Corp, NMLS#374480 mentions complex mortgage products/workflows like: nce, usda loan, conventional loan , refinance, reverse mortgage, jumbo loans, veterans, doctor loan, renovation loan, energy efficient mortgage, construction loan Gr",complex-file doc checklist; construction/renovation loan condition tracker; borrower doc follow-up drafts by loan type,"Hey Rory — quick specific idea.

I was looking at Greenway Mortgage Funding Corp, NMLS#374480 and noticed the mortgage workflow probably has a lot of borrower/doc follow-up hiding behind the scenes. Greenway Mortgage Funding Corp, NMLS#374480 mentions complex mortgage products/workflows like: nce, usda loan, conventional loan , refinance, reverse mortgage, jumbo loans, veterans, doctor loan, renovation loan, energy efficient mortgage, construction loan Gr

I’m testing a 7-day AIOS Quickstart for mortgage teams: 3 approval-only AI routines like complex-file doc checklist, construction/renovation loan condition tracker, and borrower doc follow-up drafts by loan type.

No auto-sending. Just drafts, briefs, and follow-up queues your team approves.

Want me to send the 3 routines I’d set up for Greenway Mortgage Funding Corp, NMLS#374480?","3 AI routines for Greenway Mortgage Funding Corp, NMLS#374480","Hey Rory,

I was looking at Greenway Mortgage Funding Corp, NMLS#374480 and had a specific thought. Mortgage teams usually don’t need a giant AI strategy. They need the recurring borrower/admin work to stop eating the week.

What stood out: Greenway Mortgage Funding Corp, NMLS#374480 mentions complex mortgage products/workflows like: nce, usda loan, conventional loan , refinance, reverse mortgage, jumbo loans, veterans, doctor loan, renovation loan, energy efficient mortgage, construction loan Gr

I’m testing a 7-day AIOS Quickstart where I install 3 approval-gated routines for mortgage teams. For Greenway Mortgage Funding Corp, NMLS#374480, I’d probably start with:

1. complex-file doc checklist
2. construction/renovation loan condition tracker
3. borrower doc follow-up drafts by loan type

Everything stays approval-only — no AI auto-sending weird emails to borrowers. It drafts, summarizes, and queues the work so your team can move faster.

Worth sending over a quick version of what I’d install?

Ryan","Quick bump, Rory — I can make this concrete for Greenway Mortgage Funding Corp, NMLS#374480.

I’d map 3 recurring workflows, install the approval-only drafts/briefs, and hand you a simple weekly operating rhythm. No giant dashboard, no auto-send.

Worth a quick look?"
90,108,owner_or_founder | producer | small_team | revenue_can_pay | verified_email | linkedin_present | strong_mortgage_fit | doc_complex_products:commercial | broker_local_language,READY_FOR_LINKEDIN_AND_EMAIL,Tanya,Sushkova,Tanya Sushkova,"Owner/Mortgage Broker, NMLS #140130",owner,NEW Cornerstone Mortgage,NEW Cornerstone Mortgage,tanya@csm-wi.com,REAL-TIME VERIFIED ON 26 May 26,https://www.linkedin.com/in/tanya-sushkova-79518217,De Pere,Wisconsin,csm-wi.com,https://www.linkedin.com/company/new-cornerstone-mortgage,11-50,21,1000000-4999999,"residential mortgages, commercial loans, commercial real estate","Cornerstone is a locally owned company with a solid reputation and history.  We offer the conventional programs and very popular government programs at very competitive terms.

Today's mortgage market is very complex and with our over 175 year combined mortgage experience we can help you avoid wasting time and fees.  

As a mortgage banker, we shop the best terms for you with our multiple local banks, resources  as well as with our regional and national lenders.  

We have access to additional funds that allow us the opportunity to put deals together that at other institutions would not work in today's market.","NEW Cornerstone Mortgage mentions complex mortgage products/workflows like: residential mortgages, commercial loans, commercial real estate Cornerstone is a locally owned company with a solid reputat",daily pipeline brief; missing-doc follow-up drafts; stale borrower/realtor follow-up queue,"Hey Tanya — quick specific idea.

I was looking at NEW Cornerstone Mortgage and noticed the mortgage workflow probably has a lot of borrower/doc follow-up hiding behind the scenes. NEW Cornerstone Mortgage mentions complex mortgage products/workflows like: residential mortgages, commercial loans, commercial real estate Cornerstone is a locally owned company with a solid reputat

I’m testing a 7-day AIOS Quickstart for mortgage teams: 3 approval-only AI routines like daily pipeline brief, missing-doc follow-up drafts, and stale borrower/realtor follow-up queue.

No auto-sending. Just drafts, briefs, and follow-up queues your team approves.

Want me to send the 3 routines I’d set up for NEW Cornerstone Mortgage?",3 AI routines for NEW Cornerstone Mortgage,"Hey Tanya,

I was looking at NEW Cornerstone Mortgage and had a specific thought. Mortgage teams usually don’t need a giant AI strategy. They need the recurring borrower/admin work to stop eating the week.

What stood out: NEW Cornerstone Mortgage mentions complex mortgage products/workflows like: residential mortgages, commercial loans, commercial real estate Cornerstone is a locally owned company with a solid reputat

I’m testing a 7-day AIOS Quickstart where I install 3 approval-gated routines for mortgage teams. For NEW Cornerstone Mortgage, I’d probably start with:

1. daily pipeline brief
2. missing-doc follow-up drafts
3. stale borrower/realtor follow-up queue

Everything stays approval-only — no AI auto-sending weird emails to borrowers. It drafts, summarizes, and queues the work so your team can move faster.

Worth sending over a quick version of what I’d install?

Ryan","Quick bump, Tanya — I can make this concrete for NEW Cornerstone Mortgage.

I’d map 3 recurring workflows, install the approval-only drafts/briefs, and hand you a simple weekly operating rhythm. No giant dashboard, no auto-send.

Worth a quick look?"
91,107,"owner_or_founder | small_team | smaller_revenue | verified_email | linkedin_present | strong_mortgage_fit | doc_complex_products:jumbo,fha,va,usda | broker_local_language",READY_FOR_LINKEDIN_AND_EMAIL,Chris,Hendrickson,Chris Hendrickson,"Owner, Designated Broker at Beeline Mortgage LLC",owner,Beeline Mortgage,Beeline Mortgage,chris@beelinemortgage.com,REAL-TIME VERIFIED ON 26 May 26,https://www.linkedin.com/in/chris-hendrickson-beelinemortgage,Liberty Lake,Washington,beelinemortgage.com,https://www.linkedin.com/company/beeline-mortgage,2-10,4,100000-499999,,"We are a full service mortgage company based in Liberty Lake, Washington. We specialize in VA, FHA, Conventional, USDA and Jumbo home loans in Washington, Idaho, and Alaska.  NMLS Company # 1713379 https://www.nmlsconsumeraccess.org/EntityDetails.aspx/COMPANY/1713379","Beeline Mortgage mentions complex mortgage products/workflows like: ke, Washington. We specialize in VA, FHA, Conventional, USDA and Jumbo home loans in Washington, Idaho, and Alaska. NMLS Company # 1713379 https://www.nmlsconsumera",complex-file doc checklist; borrower doc follow-up drafts by loan type; daily pipeline brief,"Hey Chris — quick specific idea.

I was looking at Beeline Mortgage and noticed the mortgage workflow probably has a lot of borrower/doc follow-up hiding behind the scenes. Beeline Mortgage mentions complex mortgage products/workflows like: ke, Washington. We specialize in VA, FHA, Conventional, USDA and Jumbo home loans in Washington, Idaho, and Alaska. NMLS Company # 1713379 https://www.nmlsconsumera

I’m testing a 7-day AIOS Quickstart for mortgage teams: 3 approval-only AI routines like complex-file doc checklist, borrower doc follow-up drafts by loan type, and daily pipeline brief.

No auto-sending. Just drafts, briefs, and follow-up queues your team approves.

Want me to send the 3 routines I’d set up for Beeline Mortgage?",3 AI routines for Beeline Mortgage,"Hey Chris,

I was looking at Beeline Mortgage and had a specific thought. Mortgage teams usually don’t need a giant AI strategy. They need the recurring borrower/admin work to stop eating the week.

What stood out: Beeline Mortgage mentions complex mortgage products/workflows like: ke, Washington. We specialize in VA, FHA, Conventional, USDA and Jumbo home loans in Washington, Idaho, and Alaska. NMLS Company # 1713379 https://www.nmlsconsumera

I’m testing a 7-day AIOS Quickstart where I install 3 approval-gated routines for mortgage teams. For Beeline Mortgage, I’d probably start with:

1. complex-file doc checklist
2. borrower doc follow-up drafts by loan type
3. daily pipeline brief

Everything stays approval-only — no AI auto-sending weird emails to borrowers. It drafts, summarizes, and queues the work so your team can move faster.

Worth sending over a quick version of what I’d install?

Ryan","Quick bump, Chris — I can make this concrete for Beeline Mortgage.

I’d map 3 recurring workflows, install the approval-only drafts/briefs, and hand you a simple weekly operating rhythm. No giant dashboard, no auto-send.

Worth a quick look?"
92,107,"owner_or_founder | branch_manager | small_team | revenue_can_pay | verified_email | linkedin_present | mortgage_fit | doc_complex_products:construction,commercial,va | speed_service_language:tech,customer service | bank_cu_deprioritize",READY_FOR_LINKEDIN_AND_EMAIL,Kelly,Donado,Kelly Donado,Vice President Branch Manager,manager,Evermore Bank,Evermore Bank,kdonado@evermorebankfl.com,REAL-TIME VERIFIED ON 26 May 26,https://www.linkedin.com/in/kelly-donado-60310738,Lake Worth,Florida,evermorebankfl.com,https://www.linkedin.com/company/evermore-bank,11-50,24,1000000-4999999,commercial real estate construction financing,"Evermore Bank, (“the Bank”) a chartered, FDIC bank organized in the state of Florida, is a full-service community bank, offering commercial and retail banking services typically found in traditional community banks, including loan and deposit products.  Evermore is focused on servicing the various and diverse needs of its primary service area, currently defined as Broward, Miami-Dade and Palm Beach Counties.  The Bank’s corporate mission is to be the preferred Community Bank in South Florida based on offering superior customer service and total relationship banking through the recognition of our customers’ needs.
This will be accomplished by delivering high-tech, high-touch total relationship banking, offering products that meet the needs of small- and medium- sized businesses where they want to be met, to be competitive and growing, in a secure, cloud-based environment that is missing in today’s community banks.  
The Bank has opened its main office in a professional office building located at 3696 North Federal Highway, Suite’s 100 and 305, Ft. Lauderdale, Broward County, Florida 33308.  A branch office is planned to open during the first quarter of the first year of operations, after the main office opens, in a leased space in Wellington, Palm Beach County, Florida.  The Board of Directors is comprised of successful business owners and civic leaders in Miami-Dade, Broward, and Palm Beach County communities.  This provides the Bank competitive advantages with footholds in each county.","Evermore Bank mentions complex mortgage products/workflows like: commercial real estate construction financing Evermore Bank, (“the Bank”) a chartered, FDIC bank organized in the state of",construction/renovation loan condition tracker; borrower doc follow-up drafts by loan type; daily pipeline brief,"Hey Kelly — quick specific idea.

I was looking at Evermore Bank and noticed the mortgage workflow probably has a lot of borrower/doc follow-up hiding behind the scenes. Evermore Bank mentions complex mortgage products/workflows like: commercial real estate construction financing Evermore Bank, (“the Bank”) a chartered, FDIC bank organized in the state of

I’m testing a 7-day AIOS Quickstart for mortgage teams: 3 approval-only AI routines like construction/renovation loan condition tracker, borrower doc follow-up drafts by loan type, and daily pipeline brief.

No auto-sending. Just drafts, briefs, and follow-up queues your team approves.

Want me to send the 3 routines I’d set up for Evermore Bank?",3 AI routines for Evermore Bank,"Hey Kelly,

I was looking at Evermore Bank and had a specific thought. Mortgage teams usually don’t need a giant AI strategy. They need the recurring borrower/admin work to stop eating the week.

What stood out: Evermore Bank mentions complex mortgage products/workflows like: commercial real estate construction financing Evermore Bank, (“the Bank”) a chartered, FDIC bank organized in the state of

I’m testing a 7-day AIOS Quickstart where I install 3 approval-gated routines for mortgage teams. For Evermore Bank, I’d probably start with:

1. construction/renovation loan condition tracker
2. borrower doc follow-up drafts by loan type
3. daily pipeline brief

Everything stays approval-only — no AI auto-sending weird emails to borrowers. It drafts, summarizes, and queues the work so your team can move faster.

Worth sending over a quick version of what I’d install?

Ryan","Quick bump, Kelly — I can make this concrete for Evermore Bank.

I’d map 3 recurring workflows, install the approval-only drafts/briefs, and hand you a simple weekly operating rhythm. No giant dashboard, no auto-send.

Worth a quick look?"
93,107,"owner_or_founder | producer | small_team | smaller_revenue | verified_email | linkedin_present | strong_mortgage_fit | speed_service_language:fast,communication,seamless | broker_local_language",READY_FOR_LINKEDIN_AND_EMAIL,Daniel,Perez,Daniel Perez,Mortgage Broker | Founder - NMLS: 1637771,founder,Spring Mortgage LLC,Spring Mortgage LLC,daniel@springmtg.com,REAL-TIME VERIFIED ON 26 May 26,https://www.linkedin.com/in/daniel-perez-83ab72121,Greater Houston,,springmtg.com,https://www.linkedin.com/company/springmtg,2-10,5,100000-499999,,"Who We Are

We created Spring Mortgage with the intention of making a company that addressed all of the major pain points for clients, real estate agents and mortgage professionals.  We are a company that provides a high level of service and communication and a quick and painless loan process.  We provide this service at a much lower cost than our competitors.


Our Mission

Our mission is to provide the most seamless mortgage process possible while minimizing the cost of securing a mortgage.  We are able to provide this seamless process through our systems, our relationships, and, most importantly, our people.  We are able to minimize costs by focusing on a volume-based approach that is geared toward pre-qualifying our clients prior to the underwriting process to eliminate most, if not all, of the challenges that can present themselves the loan process.  This allows for us to close more loans, faster, which results in a smaller cost to the client on each loan.","Spring Mortgage LLC emphasizes speed/service/efficiency: elves the loan process. This allows for us to close more loans, faster, which results in a smaller cost to the client on each loan. Welcome to the official site of",daily pipeline brief; missing-doc follow-up drafts; stale borrower/realtor follow-up queue,"Hey Daniel — quick specific idea.

I was looking at Spring Mortgage LLC and noticed the mortgage workflow probably has a lot of borrower/doc follow-up hiding behind the scenes. Spring Mortgage LLC emphasizes speed/service/efficiency: elves the loan process. This allows for us to close more loans, faster, which results in a smaller cost to the client on each loan. Welcome to the official site of

I’m testing a 7-day AIOS Quickstart for mortgage teams: 3 approval-only AI routines like daily pipeline brief, missing-doc follow-up drafts, and stale borrower/realtor follow-up queue.

No auto-sending. Just drafts, briefs, and follow-up queues your team approves.

Want me to send the 3 routines I’d set up for Spring Mortgage LLC?",3 AI routines for Spring Mortgage LLC,"Hey Daniel,

I was looking at Spring Mortgage LLC and had a specific thought. Mortgage teams usually don’t need a giant AI strategy. They need the recurring borrower/admin work to stop eating the week.

What stood out: Spring Mortgage LLC emphasizes speed/service/efficiency: elves the loan process. This allows for us to close more loans, faster, which results in a smaller cost to the client on each loan. Welcome to the official site of

I’m testing a 7-day AIOS Quickstart where I install 3 approval-gated routines for mortgage teams. For Spring Mortgage LLC, I’d probably start with:

1. daily pipeline brief
2. missing-doc follow-up drafts
3. stale borrower/realtor follow-up queue

Everything stays approval-only — no AI auto-sending weird emails to borrowers. It drafts, summarizes, and queues the work so your team can move faster.

Worth sending over a quick version of what I’d install?

Ryan","Quick bump, Daniel — I can make this concrete for Spring Mortgage LLC.

I’d map 3 recurring workflows, install the approval-only drafts/briefs, and hand you a simple weekly operating rhythm. No giant dashboard, no auto-send.

Worth a quick look?"
94,107,"owner_or_founder | producer | small_team | smaller_revenue | verified_email | linkedin_present | strong_mortgage_fit | doc_complex_products:reverse,fha | speed_service_language:easy",READY_FOR_LINKEDIN_AND_EMAIL,William,Morales,William Morales,Mortgage Loan Officer/Owner,owner,"Universal Mortgage, LLC","Universal Mortgage, LLC",william@universalmortgage.com,REAL-TIME VERIFIED ON 26 May 26,https://www.linkedin.com/in/william-morales-5a6003a2,Miami-fort Lauderdale Area,,universalmortgage.com,https://www.linkedin.com/company/universal-mortgage-llc,2-10,15,500000-999999,"reverse mortgage, foreign national loans, fha & conventional, mcc assistance program","Universal Mortgage is a correspondent lender located in Coral Gables, Florida. We have over 20 years of experience in the mortgage industry. We are looking for qualified licensed loan originators wanting to expand their career with a mortgage lender that offers tremendous support in the industry. 
We offer a VERY generous and competitive compensation program.","Universal Mortgage, LLC mentions complex mortgage products/workflows like: reverse mortgage, foreign national loans, fha & conventional, mcc assistance program Universal Mortg",borrower doc follow-up drafts by loan type; daily pipeline brief; missing-doc follow-up drafts,"Hey William — quick specific idea.

I was looking at Universal Mortgage, LLC and noticed the mortgage workflow probably has a lot of borrower/doc follow-up hiding behind the scenes. Universal Mortgage, LLC mentions complex mortgage products/workflows like: reverse mortgage, foreign national loans, fha & conventional, mcc assistance program Universal Mortg

I’m testing a 7-day AIOS Quickstart for mortgage teams: 3 approval-only AI routines like borrower doc follow-up drafts by loan type, daily pipeline brief, and missing-doc follow-up drafts.

No auto-sending. Just drafts, briefs, and follow-up queues your team approves.

Want me to send the 3 routines I’d set up for Universal Mortgage, LLC?","3 AI routines for Universal Mortgage, LLC","Hey William,

I was looking at Universal Mortgage, LLC and had a specific thought. Mortgage teams usually don’t need a giant AI strategy. They need the recurring borrower/admin work to stop eating the week.

What stood out: Universal Mortgage, LLC mentions complex mortgage products/workflows like: reverse mortgage, foreign national loans, fha & conventional, mcc assistance program Universal Mortg

I’m testing a 7-day AIOS Quickstart where I install 3 approval-gated routines for mortgage teams. For Universal Mortgage, LLC, I’d probably start with:

1. borrower doc follow-up drafts by loan type
2. daily pipeline brief
3. missing-doc follow-up drafts

Everything stays approval-only — no AI auto-sending weird emails to borrowers. It drafts, summarizes, and queues the work so your team can move faster.

Worth sending over a quick version of what I’d install?

Ryan","Quick bump, William — I can make this concrete for Universal Mortgage, LLC.

I’d map 3 recurring workflows, install the approval-only drafts/briefs, and hand you a simple weekly operating rhythm. No giant dashboard, no auto-send.

Worth a quick look?"
95,107,"owner_or_founder | producer | small_team | smaller_revenue | verified_email | linkedin_present | strong_mortgage_fit | doc_complex_products:jumbo,investor,fha,va",READY_FOR_LINKEDIN_AND_EMAIL,Brock E.,Sheldon,Brock E. Sheldon,Owner/Senior Loan Officer,senior,The Mortgage Bureau,The Mortgage Bureau,brock@themortgagebureau.com,REAL-TIME VERIFIED ON 26 May 26,https://www.linkedin.com/in/brocksheldon,Denver,Colorado,themortgagebureau.com,https://www.linkedin.com/company/the-mortgage-bureau,2-10,8,100000-499999,,"We offer a full suite of mortgage products including conventional, FHA, VA and Jumbo loans.  By partnering with dozens of investors we can shop for the best rates and products available in the marketplace.","The Mortgage Bureau mentions complex mortgage products/workflows like: l suite of mortgage products including conventional, FHA, VA and Jumbo loans. By partnering with dozens of investors we can shop for the best rates and products ava",complex-file doc checklist; borrower doc follow-up drafts by loan type; daily pipeline brief,"Hey Brock E. — quick specific idea.

I was looking at The Mortgage Bureau and noticed the mortgage workflow probably has a lot of borrower/doc follow-up hiding behind the scenes. The Mortgage Bureau mentions complex mortgage products/workflows like: l suite of mortgage products including conventional, FHA, VA and Jumbo loans. By partnering with dozens of investors we can shop for the best rates and products ava

I’m testing a 7-day AIOS Quickstart for mortgage teams: 3 approval-only AI routines like complex-file doc checklist, borrower doc follow-up drafts by loan type, and daily pipeline brief.

No auto-sending. Just drafts, briefs, and follow-up queues your team approves.

Want me to send the 3 routines I’d set up for The Mortgage Bureau?",3 AI routines for The Mortgage Bureau,"Hey Brock E.,

I was looking at The Mortgage Bureau and had a specific thought. Mortgage teams usually don’t need a giant AI strategy. They need the recurring borrower/admin work to stop eating the week.

What stood out: The Mortgage Bureau mentions complex mortgage products/workflows like: l suite of mortgage products including conventional, FHA, VA and Jumbo loans. By partnering with dozens of investors we can shop for the best rates and products ava

I’m testing a 7-day AIOS Quickstart where I install 3 approval-gated routines for mortgage teams. For The Mortgage Bureau, I’d probably start with:

1. complex-file doc checklist
2. borrower doc follow-up drafts by loan type
3. daily pipeline brief

Everything stays approval-only — no AI auto-sending weird emails to borrowers. It drafts, summarizes, and queues the work so your team can move faster.

Worth sending over a quick version of what I’d install?

Ryan","Quick bump, Brock E. — I can make this concrete for The Mortgage Bureau.

I’d map 3 recurring workflows, install the approval-only drafts/briefs, and hand you a simple weekly operating rhythm. No giant dashboard, no auto-send.

Worth a quick look?"
96,106,"branch_manager | producer | small_team | smaller_revenue | verified_email | linkedin_present | strong_mortgage_fit | doc_complex_products:jumbo,construction,commercial,investor | speed_service_language:communication",READY_FOR_LINKEDIN_AND_EMAIL,Conrad,Gardner,Conrad Gardner,Senior Loan Officer / Branch Manager,senior,Channel Mortgage LLC,Channel Mortgage LLC,cgardner@channelmtg.com,REAL-TIME VERIFIED ON 26 May 26,https://www.linkedin.com/in/conradgardner,Queens County,New York,channelmtg.com,https://www.linkedin.com/company/channel-mortgage,2-10,12,500000-999999,"mortgage financing for first time homebuyers, investors, conventional, fha, jumbo, renovation (fha, investor), new construction and commercial loans, va loan specialist","Channel Mortgage is a dynamic mortgage company, dedicated to helping customers connect the dots on their path to home ownership.   The Company’s leadership has over 50 years combined experience in the mortgage business.   Channel Mortgage is a 100 percent referral based business.  We do not expend resources on slick advertising and other misleading gimmicks.  We DO make sure that we:
• Benefit our clients financially
• Benefit business partners by providing dependable service and consistent communication, and
• Benefit our lenders by delivering quality loan applications that are well thought out, correctly structured, properly documented and well-suited for our customers.  

All of our loans are arranged through with well known, major market share lenders.","Channel Mortgage LLC mentions complex mortgage products/workflows like: nancing for first time homebuyers, investors, conventional, fha, jumbo, renovation (fha, investor), new construction and commercial loans, va loan specialist Channel",complex-file doc checklist; construction/renovation loan condition tracker; borrower doc follow-up drafts by loan type,"Hey Conrad — quick specific idea.

I was looking at Channel Mortgage LLC and noticed the mortgage workflow probably has a lot of borrower/doc follow-up hiding behind the scenes. Channel Mortgage LLC mentions complex mortgage products/workflows like: nancing for first time homebuyers, investors, conventional, fha, jumbo, renovation (fha, investor), new construction and commercial loans, va loan specialist Channel

I’m testing a 7-day AIOS Quickstart for mortgage teams: 3 approval-only AI routines like complex-file doc checklist, construction/renovation loan condition tracker, and borrower doc follow-up drafts by loan type.

No auto-sending. Just drafts, briefs, and follow-up queues your team approves.

Want me to send the 3 routines I’d set up for Channel Mortgage LLC?",3 AI routines for Channel Mortgage LLC,"Hey Conrad,

I was looking at Channel Mortgage LLC and had a specific thought. Mortgage teams usually don’t need a giant AI strategy. They need the recurring borrower/admin work to stop eating the week.

What stood out: Channel Mortgage LLC mentions complex mortgage products/workflows like: nancing for first time homebuyers, investors, conventional, fha, jumbo, renovation (fha, investor), new construction and commercial loans, va loan specialist Channel

I’m testing a 7-day AIOS Quickstart where I install 3 approval-gated routines for mortgage teams. For Channel Mortgage LLC, I’d probably start with:

1. complex-file doc checklist
2. construction/renovation loan condition tracker
3. borrower doc follow-up drafts by loan type

Everything stays approval-only — no AI auto-sending weird emails to borrowers. It drafts, summarizes, and queues the work so your team can move faster.

Worth sending over a quick version of what I’d install?

Ryan","Quick bump, Conrad — I can make this concrete for Channel Mortgage LLC.

I’d map 3 recurring workflows, install the approval-only drafts/briefs, and hand you a simple weekly operating rhythm. No giant dashboard, no auto-send.

Worth a quick look?"
97,106,"branch_manager | scaled_but_not_enterprise | revenue_can_pay | verified_email | linkedin_present | strong_mortgage_fit | doc_complex_products:non-qm,jumbo,investor,dscr | speed_service_language:technology,tech | broker_local_language",READY_FOR_LINKEDIN_AND_EMAIL,Taylor,Romero,Taylor Romero,Branch Manager,manager,Griffin Funding,Griffin Funding,taylor@griffinfunding.com,REAL-TIME VERIFIED ON 26 May 26,https://www.linkedin.com/in/taylor-romero-78682870,San Diego,California,griffinfunding.com,https://www.linkedin.com/company/griffin-funding,51-200,74,1000000-4999999,"va streamlines, fha to conventional conversions, mortgage insurance buster, va home loans, va mortgages, mortgage technology, mortgage tech, non-qm, non-agency jumbo, self-employed loans, reverse mortgages, mortgage, mortgage broker, home loans, mortgage banker, direct lender, san diego","Griffin Funding, Inc., is a consumer-direct national boutique mortgage company. We specialize in VA Loans, Self-Employed Non-QM Bank Statement Loans, and DSCR Real Estate Investor Loans. Call us today for a free consultation 855-928-0163. Visit our webpage for full list of state licensing. NMLS# 1120111

We are honored to be able to serve our Veterans across the country and help them with their home mortgage needs. Our VA zero down purchases are very flexible and our VA Streamline IRRRLs do NOT require a credit score, income, assets, or appraisal verification. Our most popular program is the ""VA Cashout""​ loan to payoff debts and do home improvements.

Griffin also offers alternative Income Loans for high net worth clients and self-employed borrowers, FHA to Conventional conversions, High Balance Mortgages, Jumbo Loans and more. 

NMLS Unique Identifier: 1120111

VA Approved Lender ID: 9088650000

State Licensing: Visit our website at https://griffinfunding.com/state-licensing/

Texas (TX) – 1120111 – CONSUMERS WISHING TO FILE A COMPLAINT AGAINST A COMPANY OR A RESIDENTIAL MORTGAGE LOAN ORIGINATOR SHOULD COMPLETE AND SEND A COMPLAINT FORM TO THE TEXAS DEPARTMENT OF SAVINGS AND MORTGAGE LENDING, 2601 NORTH LAMAR, SUITE 201, AUSTIN, TEXAS 78705. COMPLAINT FORMS AND INSTRUCTIONS MAY BE OBTAINED FROM THE DEPARTMENT’S WEBSITE AT WWW.SML.TEXAS.GOV. A TOLL-FREE CONSUMER HOTLINE IS AVAILABLE AT 1-877-276-5550.THE DEPARTMENT MAINTAINS A RECOVERY FUND TO MAKE PAYMENTS OF CERTAIN ACTUAL OUT OF POCKET DAMAGES SUSTAINED BY BORROWERS CAUSED BY ACTS OF LICENSED RESIDENTIAL MORTGAGE LOAN ORIGINATORS. A WRITTEN APPLICATION FOR REIMBURSEMENT FROM THE RECOVERY FUND MUST BE FILED WITH AND INVESTIGATED BY THE DEPARTMENT PRIOR TO THE PAYMENT OF A CLAIM. FOR MORE INFORMATION ABOUT THE RECOVERY FUND, PLEASE CONSULT THE DEPARTMENT’S WEBSITE AT WWW.SML.TEXAS.GOV.

2445 5th Ave Ste 340 San Diego CA 92101

NMLS Consumer https://nmlsconsumeraccess.org/","Griffin Funding mentions complex mortgage products/workflows like: va home loans, va mortgages, mortgage technology, mortgage tech, non-qm, non-agency jumbo, self-employed loans, reverse mortgages, mortgage, mortgage broker, home lo",complex-file doc checklist; borrower doc follow-up drafts by loan type; daily pipeline brief,"Hey Taylor — quick specific idea.

I was looking at Griffin Funding and noticed the mortgage workflow probably has a lot of borrower/doc follow-up hiding behind the scenes. Griffin Funding mentions complex mortgage products/workflows like: va home loans, va mortgages, mortgage technology, mortgage tech, non-qm, non-agency jumbo, self-employed loans, reverse mortgages, mortgage, mortgage broker, home lo

I’m testing a 7-day AIOS Quickstart for mortgage teams: 3 approval-only AI routines like complex-file doc checklist, borrower doc follow-up drafts by loan type, and daily pipeline brief.

No auto-sending. Just drafts, briefs, and follow-up queues your team approves.

Want me to send the 3 routines I’d set up for Griffin Funding?",3 AI routines for Griffin Funding,"Hey Taylor,

I was looking at Griffin Funding and had a specific thought. Mortgage teams usually don’t need a giant AI strategy. They need the recurring borrower/admin work to stop eating the week.

What stood out: Griffin Funding mentions complex mortgage products/workflows like: va home loans, va mortgages, mortgage technology, mortgage tech, non-qm, non-agency jumbo, self-employed loans, reverse mortgages, mortgage, mortgage broker, home lo

I’m testing a 7-day AIOS Quickstart where I install 3 approval-gated routines for mortgage teams. For Griffin Funding, I’d probably start with:

1. complex-file doc checklist
2. borrower doc follow-up drafts by loan type
3. daily pipeline brief

Everything stays approval-only — no AI auto-sending weird emails to borrowers. It drafts, summarizes, and queues the work so your team can move faster.

Worth sending over a quick version of what I’d install?

Ryan","Quick bump, Taylor — I can make this concrete for Griffin Funding.

I’d map 3 recurring workflows, install the approval-only drafts/briefs, and hand you a simple weekly operating rhythm. No giant dashboard, no auto-send.

Worth a quick look?"
98,106,"branch_manager | small_team | smaller_revenue | verified_email | linkedin_present | strong_mortgage_fit | doc_complex_products:non-qm,investor,dscr,private lending | speed_service_language:streamlined | broker_local_language",READY_FOR_LINKEDIN_AND_EMAIL,Rocco,Mandarino,Rocco Mandarino,Branch Manager,manager,Maverick Lending NYC,Maverick Lending NYC,rocco@mavericklendingnyc.com,REAL-TIME VERIFIED ON 26 May 26,https://www.linkedin.com/in/rocco-mandarino,New York,New York,https://www.mavericklendingnyc.com,https://www.linkedin.com/company/maverick-lending-nyc,11-50,6,100000-499999,"non-qm, dscr, build-to-rent financing, luxury sfr financing","Maverick Lending NYC is a private lending branch built exclusively around DSCR and Non-QM financing. Based in the heart of Manhattan, we specialize in providing tailored capital solutions for real estate investors, developers, and brokers operating at the highest level.

We are not just lenders—we are partners. From luxury single-family rentals to large-scale build-to-rent portfolios, our team delivers speed, certainty, and flexibility. With a focus on high-net-worth and professional investors, we provide financing structures that support growth, mitigate risk, and unlock opportunities in today’s evolving market.

Our streamlined platform allows us to move quickly—handling processing, underwriting, appraisals, and funding under one roof. This means our brokers and clients gain access to institutional-grade lending power without sacrificing personalized service.

Core Products & Expertise
1–4 Unit Single-Family Rentals (SFR)
5–10 Unit Multifamily
Luxury Single-Family Rentals
Build-to-Rent Financing
Rental Portfolio Financing
Short-Term Rental Financing

At Maverick Lending NYC, we bring Wall Street efficiency with a boutique, relationship-driven approach. Whether you’re a top-producing broker, a seasoned developer, or a private client with a growing portfolio, we’re here to structure financing that aligns with your vision.","Maverick Lending NYC mentions complex mortgage products/workflows like: non-qm, dscr, build-to-rent financing, luxury sfr financing Maverick Lending NYC is a private lendin",complex-file doc checklist; borrower doc follow-up drafts by loan type; daily pipeline brief,"Hey Rocco — quick specific idea.

I was looking at Maverick Lending NYC and noticed the mortgage workflow probably has a lot of borrower/doc follow-up hiding behind the scenes. Maverick Lending NYC mentions complex mortgage products/workflows like: non-qm, dscr, build-to-rent financing, luxury sfr financing Maverick Lending NYC is a private lendin

I’m testing a 7-day AIOS Quickstart for mortgage teams: 3 approval-only AI routines like complex-file doc checklist, borrower doc follow-up drafts by loan type, and daily pipeline brief.

No auto-sending. Just drafts, briefs, and follow-up queues your team approves.

Want me to send the 3 routines I’d set up for Maverick Lending NYC?",3 AI routines for Maverick Lending NYC,"Hey Rocco,

I was looking at Maverick Lending NYC and had a specific thought. Mortgage teams usually don’t need a giant AI strategy. They need the recurring borrower/admin work to stop eating the week.

What stood out: Maverick Lending NYC mentions complex mortgage products/workflows like: non-qm, dscr, build-to-rent financing, luxury sfr financing Maverick Lending NYC is a private lendin

I’m testing a 7-day AIOS Quickstart where I install 3 approval-gated routines for mortgage teams. For Maverick Lending NYC, I’d probably start with:

1. complex-file doc checklist
2. borrower doc follow-up drafts by loan type
3. daily pipeline brief

Everything stays approval-only — no AI auto-sending weird emails to borrowers. It drafts, summarizes, and queues the work so your team can move faster.

Worth sending over a quick version of what I’d install?

Ryan","Quick bump, Rocco — I can make this concrete for Maverick Lending NYC.

I’d map 3 recurring workflows, install the approval-only drafts/briefs, and hand you a simple weekly operating rhythm. No giant dashboard, no auto-send.

Worth a quick look?"
99,106,"branch_manager | producer | small_team | smaller_revenue | verified_email | linkedin_present | strong_mortgage_fit | doc_complex_products:non qm,fha,va,usda | broker_local_language",READY_FOR_LINKEDIN_AND_EMAIL,Eric,Simantel,Eric Simantel,Branch Manager / Mortgage Loan Officer / NMLS 1889183.,manager,Ryder Mortgage Group,Ryder Mortgage Group,eric@rydermortgagegroup.com,REAL-TIME VERIFIED ON 26 May 26,https://www.linkedin.com/in/ericsimantel,Portland,Oregon,rydermortgagegroup.com,https://www.linkedin.com/company/rydermortgagegroup,2-10,2,100000-499999,"mortgage, fha mortgage, calhfa mortgage, conventional mortgage, usda mortgage, va mortgage, non qm mortgage","Reach out and learn how its genuine and genuinely different at the Ryder Mortgage Group. We are committed to finding low rates, low fees, and less worry.  

MLO-318845, MLO-1889183, WA MB-135622.

Jodi Ryder, Branch Manager and Loan Officer licensed in AZ, CA, CO, FL, OR, SC, TX, WA:  NMLS License #318845, Arizona License #1045047, California DRE License #01739574, Colorado MLO license #100535883,  Florida LO License #LO110864, Washington MLO# 318845

Ryan Abramson,  Loan Officer licensed in California  NMLS License #1205435, CalDRE License #01703235

Eric Simantel, Branch Manager and Loan Officer licensed in OR, WA, and CA:  NMLS License #1889183, CA DRE# 02174461

C2 Financial Corporation has the ability to broker VA loans based on their relationship with VA approved lenders. C2 Financial Corporation is not acting on behalf of or at the direction of HUD/FHA or the VA.

This licensee is performing acts for which a real estate license mortgage broker license, mortgage lender license, mortgage lending license, mortgage company license, or consumer loan license is required. C2 Financial Corporation is licensed by the California Department of Financial Protection and Innovation, California Finance Lenders Law License # 603L442; AZ Department of Financial Institutions, Broker # 919209; CO Division of Real Estate, NMLS# 135622; FL Office of Financial Regulations, OFR# MLD2635; OR Division of Finance, DFR# ML-4917; SC Department of Consumer Affairs; TX Department of Savings and Mortgage Lending; WA Office Department of Financial Institution, DFI# CL-135622.  

C2 Financial Corporation is an Equal Opportunity Mortgage Broker/Lender.  
Texas Complaint/Recovery Fund Notice: (https://www.sml.texas.gov/wp-content/uploads/2021/07/rmlo_80_200_b_recovery_fund_notice.pdf)

Visit https://www.RyderMortgageGroup.com for additional disclosure information as LinkedIn has a character limit to be able to show all state disclosures.

www.c2financialcorp.com 
www.nmlsconsumeraccess.org","Ryder Mortgage Group mentions complex mortgage products/workflows like: hfa mortgage, conventional mortgage, usda mortgage, va mortgage, non qm mortgage Reach out and learn how its genuine and genuinely different at the Ryder Mortgage Gr",complex-file doc checklist; borrower doc follow-up drafts by loan type; daily pipeline brief,"Hey Eric — quick specific idea.

I was looking at Ryder Mortgage Group and noticed the mortgage workflow probably has a lot of borrower/doc follow-up hiding behind the scenes. Ryder Mortgage Group mentions complex mortgage products/workflows like: hfa mortgage, conventional mortgage, usda mortgage, va mortgage, non qm mortgage Reach out and learn how its genuine and genuinely different at the Ryder Mortgage Gr

I’m testing a 7-day AIOS Quickstart for mortgage teams: 3 approval-only AI routines like complex-file doc checklist, borrower doc follow-up drafts by loan type, and daily pipeline brief.

No auto-sending. Just drafts, briefs, and follow-up queues your team approves.

Want me to send the 3 routines I’d set up for Ryder Mortgage Group?",3 AI routines for Ryder Mortgage Group,"Hey Eric,

I was looking at Ryder Mortgage Group and had a specific thought. Mortgage teams usually don’t need a giant AI strategy. They need the recurring borrower/admin work to stop eating the week.

What stood out: Ryder Mortgage Group mentions complex mortgage products/workflows like: hfa mortgage, conventional mortgage, usda mortgage, va mortgage, non qm mortgage Reach out and learn how its genuine and genuinely different at the Ryder Mortgage Gr

I’m testing a 7-day AIOS Quickstart where I install 3 approval-gated routines for mortgage teams. For Ryder Mortgage Group, I’d probably start with:

1. complex-file doc checklist
2. borrower doc follow-up drafts by loan type
3. daily pipeline brief

Everything stays approval-only — no AI auto-sending weird emails to borrowers. It drafts, summarizes, and queues the work so your team can move faster.

Worth sending over a quick version of what I’d install?

Ryan","Quick bump, Eric — I can make this concrete for Ryder Mortgage Group.

I’d map 3 recurring workflows, install the approval-only drafts/briefs, and hand you a simple weekly operating rhythm. No giant dashboard, no auto-send.

Worth a quick look?"
100,106,"branch_manager | small_team | smaller_revenue | verified_email | linkedin_present | strong_mortgage_fit | doc_complex_products:commercial,investment,investor,hard money | speed_service_language:efficient | broker_local_language",READY_FOR_LINKEDIN_AND_EMAIL,Laine,Blackmon,Laine Blackmon,Reno Branch Manager,manager,NV Capital Corporation,NV Capital Corporation,lblackmon@nvcapcorp.com,REAL-TIME VERIFIED ON 26 May 26,https://www.linkedin.com/in/laineblackmon,Reno,Nevada,nvcapcorp.com,https://www.linkedin.com/company/nv-capital-corporation,2-10,4,100000-499999,"trust deed investments, mortgage lending, bank loan placement, private money loans, bridge loans","About Us
NV Capital Corporation LLC was established and Licensed by the State of Nevada in 2016.  We specialize in Private Lending with multiple lenders joining together to fund loans on Nevada real estate.  Our Company was founded by seasoned commercial bankers who have nearly a century of combined lending in the Nevada marketplace.  NV Capital’s team of experienced lenders utilize their knowledge to navigate the real estate market and select prime opportunities for their private investors.

At NV Capital Corporation LLC, our reputation is everything.  We have devoted our careers to providing  honest, practical advice on real estate loans that also meet the Nevada Revised Statutes’ definition for allowable transactions.

Our team has nearly a century of combined lending experience. During that time we’ve built the connections and reputation to rank among the best in Nevada at securing funding for home mortgages and commercial real estate projects.
NV Capital Corporation Office Building



Our Mission
NV Capital Corporation was founded on a simple principle: to find and provide our clients with an array of high-yielding trust deed investments with complete transparency and security. It is our mission to provide a pleasant and efficient experience for all of our investors. We are committed to giving our clients the information, support and confidence they need to participate in transactions that are underwritten to our exacting standards.

Nevada Mortgage Broker License #4499
NMLS 1585820
Money invested through a mortgage broker is not guaranteed to earn any interest or return and it not insured. 
Before investing, investors must be provided with applicable disclosure documents.",NV Capital Corporation mentions complex mortgage products/workflows like: oans on Nevada real estate. Our Company was founded by seasoned commercial bankers who have nearly a century of combined lending in the Nevada marketplace. NV Capi,complex-file doc checklist; borrower doc follow-up drafts by loan type; daily pipeline brief,"Hey Laine — quick specific idea.

I was looking at NV Capital Corporation and noticed the mortgage workflow probably has a lot of borrower/doc follow-up hiding behind the scenes. NV Capital Corporation mentions complex mortgage products/workflows like: oans on Nevada real estate. Our Company was founded by seasoned commercial bankers who have nearly a century of combined lending in the Nevada marketplace. NV Capi

I’m testing a 7-day AIOS Quickstart for mortgage teams: 3 approval-only AI routines like complex-file doc checklist, borrower doc follow-up drafts by loan type, and daily pipeline brief.

No auto-sending. Just drafts, briefs, and follow-up queues your team approves.

Want me to send the 3 routines I’d set up for NV Capital Corporation?",3 AI routines for NV Capital Corporation,"Hey Laine,

I was looking at NV Capital Corporation and had a specific thought. Mortgage teams usually don’t need a giant AI strategy. They need the recurring borrower/admin work to stop eating the week.

What stood out: NV Capital Corporation mentions complex mortgage products/workflows like: oans on Nevada real estate. Our Company was founded by seasoned commercial bankers who have nearly a century of combined lending in the Nevada marketplace. NV Capi

I’m testing a 7-day AIOS Quickstart where I install 3 approval-gated routines for mortgage teams. For NV Capital Corporation, I’d probably start with:

1. complex-file doc checklist
2. borrower doc follow-up drafts by loan type
3. daily pipeline brief

Everything stays approval-only — no AI auto-sending weird emails to borrowers. It drafts, summarizes, and queues the work so your team can move faster.

Worth sending over a quick version of what I’d install?

Ryan","Quick bump, Laine — I can make this concrete for NV Capital Corporation.

I’d map 3 recurring workflows, install the approval-only drafts/briefs, and hand you a simple weekly operating rhythm. No giant dashboard, no auto-send.

Worth a quick look?"
101,106,owner_or_founder | branch_manager | small_team | revenue_can_pay | verified_email | linkedin_present | strong_mortgage_fit | doc_complex_products:commercial | speed_service_language:tech | bank_cu_deprioritize,READY_FOR_LINKEDIN_AND_EMAIL,Megan,Wiles,Megan Wiles,Vice President/Branch Manager,manager,Great American Bank,Great American Bank,mwiles@greatambank.com,REAL-TIME VERIFIED ON 26 May 26,https://www.linkedin.com/in/megan-wiles-34767516a,Lawrence,Kansas,greatambank.com,https://www.linkedin.com/company/great-american-bank,11-50,37,1000000-4999999,"consumer banking , commercial banking, consumer loans, commercial loans, mortgage lending","Great American Bank is a locally owned, community bank headquartered in Downtown Lawrence Kansas. We have served our communities for over 25 years. With 5 convenient locations in Kansas and Missouri we continuously invest in improving the service and products we provide as well as the technologies we employ.","Great American Bank mentions complex mortgage products/workflows like: consumer banking , commercial banking, consumer loans, commercial loans, mortgage lending Great American Bank is a loca",daily pipeline brief; missing-doc follow-up drafts; stale borrower/realtor follow-up queue,"Hey Megan — quick specific idea.

I was looking at Great American Bank and noticed the mortgage workflow probably has a lot of borrower/doc follow-up hiding behind the scenes. Great American Bank mentions complex mortgage products/workflows like: consumer banking , commercial banking, consumer loans, commercial loans, mortgage lending Great American Bank is a loca

I’m testing a 7-day AIOS Quickstart for mortgage teams: 3 approval-only AI routines like daily pipeline brief, missing-doc follow-up drafts, and stale borrower/realtor follow-up queue.

No auto-sending. Just drafts, briefs, and follow-up queues your team approves.

Want me to send the 3 routines I’d set up for Great American Bank?",3 AI routines for Great American Bank,"Hey Megan,

I was looking at Great American Bank and had a specific thought. Mortgage teams usually don’t need a giant AI strategy. They need the recurring borrower/admin work to stop eating the week.

What stood out: Great American Bank mentions complex mortgage products/workflows like: consumer banking , commercial banking, consumer loans, commercial loans, mortgage lending Great American Bank is a loca

I’m testing a 7-day AIOS Quickstart where I install 3 approval-gated routines for mortgage teams. For Great American Bank, I’d probably start with:

1. daily pipeline brief
2. missing-doc follow-up drafts
3. stale borrower/realtor follow-up queue

Everything stays approval-only — no AI auto-sending weird emails to borrowers. It drafts, summarizes, and queues the work so your team can move faster.

Worth sending over a quick version of what I’d install?

Ryan","Quick bump, Megan — I can make this concrete for Great American Bank.

I’d map 3 recurring workflows, install the approval-only drafts/briefs, and hand you a simple weekly operating rhythm. No giant dashboard, no auto-send.

Worth a quick look?"
102,106,branch_manager | producer | small_team | revenue_can_pay | verified_email | linkedin_present | strong_mortgage_fit | doc_complex_products:va | speed_service_language:fast | broker_local_language,READY_FOR_LINKEDIN_AND_EMAIL,Benjamin,Rubenstein,Benjamin Rubenstein,Producing Branch Manager and Senior Loan Officer,senior,Price Mortgage LLC - NMLS #1429043,Price Mortgage LLC - NMLS #1429043,brubenstein@pricemortgage.com,REAL-TIME VERIFIED ON 26 May 26,https://www.linkedin.com/in/benjamin-rubenstein-230151a0,Glendale,Arizona,pricemortgage.com,https://www.linkedin.com/company/price-mortgage-llc,11-50,64,1000000-4999999,,"At Price Mortgage, we believe there is a better way to help home buyers get financing. A faster, smarter way where our customers are earned rather than paid for. Helping buyers find their next home is something we are extremely passionate about, and it is our mission to help them achieve it.

Getting the right mortgage is the most important aspect of your home buying journey, and we understand it’s not always the most enjoyable part of the process. Price Mortgage is here to change that. Whether you’re a first time homebuyer, upgrading, renovating, or just looking to refinance – we can get your loan done with the rates and speed the “big banks” can’t offer.

https://nmlsconsumeraccess.org/","Price Mortgage LLC - NMLS #1429043 mentions complex mortgage products/workflows like: ange that. Whether you’re a first time homebuyer, upgrading, renovating, or just looking to refinance – we can get your loan done with the rates and speed the “big b",borrower doc follow-up drafts by loan type; daily pipeline brief; missing-doc follow-up drafts,"Hey Benjamin — quick specific idea.

I was looking at Price Mortgage LLC - NMLS #1429043 and noticed the mortgage workflow probably has a lot of borrower/doc follow-up hiding behind the scenes. Price Mortgage LLC - NMLS #1429043 mentions complex mortgage products/workflows like: ange that. Whether you’re a first time homebuyer, upgrading, renovating, or just looking to refinance – we can get your loan done with the rates and speed the “big b

I’m testing a 7-day AIOS Quickstart for mortgage teams: 3 approval-only AI routines like borrower doc follow-up drafts by loan type, daily pipeline brief, and missing-doc follow-up drafts.

No auto-sending. Just drafts, briefs, and follow-up queues your team approves.

Want me to send the 3 routines I’d set up for Price Mortgage LLC - NMLS #1429043?",3 AI routines for Price Mortgage LLC - NMLS #1429043,"Hey Benjamin,

I was looking at Price Mortgage LLC - NMLS #1429043 and had a specific thought. Mortgage teams usually don’t need a giant AI strategy. They need the recurring borrower/admin work to stop eating the week.

What stood out: Price Mortgage LLC - NMLS #1429043 mentions complex mortgage products/workflows like: ange that. Whether you’re a first time homebuyer, upgrading, renovating, or just looking to refinance – we can get your loan done with the rates and speed the “big b

I’m testing a 7-day AIOS Quickstart where I install 3 approval-gated routines for mortgage teams. For Price Mortgage LLC - NMLS #1429043, I’d probably start with:

1. borrower doc follow-up drafts by loan type
2. daily pipeline brief
3. missing-doc follow-up drafts

Everything stays approval-only — no AI auto-sending weird emails to borrowers. It drafts, summarizes, and queues the work so your team can move faster.

Worth sending over a quick version of what I’d install?

Ryan","Quick bump, Benjamin — I can make this concrete for Price Mortgage LLC - NMLS #1429043.

I’d map 3 recurring workflows, install the approval-only drafts/briefs, and hand you a simple weekly operating rhythm. No giant dashboard, no auto-send.

Worth a quick look?"
103,106,"branch_manager | small_team | revenue_can_pay | verified_email | linkedin_present | strong_mortgage_fit | doc_complex_products:renovation,va | speed_service_language:efficient,easy,customer service | broker_local_language",READY_FOR_LINKEDIN_AND_EMAIL,Ruben,Gurgov,Ruben Gurgov,Branch Manager,manager,RCG Mortgage,RCG Mortgage,rgurgov@rcgmortgage.com,REAL-TIME VERIFIED ON 26 May 26,https://www.linkedin.com/in/ruben-gurgov-5758a931,New York,New York,rcgmortgage.com,https://www.linkedin.com/company/rcg-mortgage,11-50,33,1000000-4999999,,"RCG is a multi-state, multi-faceted mortgage brokerage servicing clients with their home purchase, refinance, and renovation financing needs. 
In 2017, broker Andrew Russell started RCG to make the mortgage process simple yet efficient. Today, he continues to thrive by retaining his entrepreneurial spirit, leading the market in innovation, and most importantly, keeping customer service at the forefront of his business model.
Our loan officers bring honesty and expertise to each relationship - your future is in our hands and we take this seriously. Our core values consist of transparency, accountability, and the ability to provide a “Nordstrom” experience coupled with a “Ford” assembly line.

Working with RCG as your mortgage broker offers an abundance of opportunities. As a mortgage brokerage, we work with multiple lenders offering many options – not just the ""standard"" type of mortgage. We match you with the loan that fits your lifestyle. Aside from offering competitive interest rates and products, RCG is able to simplify the underwriting process, making it easy to digest. No matter their financial goals, we take the time to thoroughly understand your needs, circumstances, and life goals. The level of service RCG Offers is world-class.
Our licensed and well-seasoned mortgage originators continue to educate themselves as well as keep up with the local market trends. They have successfully guided hundreds of thousands of aspiring homebuyers through the process of achieving homeownership! We want to do the same for you. 

“It is my greatest honor to help homebuyers achieve the American Dream of homeownership” - Andrew Russell

This site is not authorized by the New York State Department of Financial Services. No mortgage loan applications for properties located in the state of New York will be accepted through this site.","RCG Mortgage mentions complex mortgage products/workflows like: erage servicing clients with their home purchase, refinance, and renovation financing needs. In 2017, broker Andrew Russell started RCG to make the mortgage process",construction/renovation loan condition tracker; borrower doc follow-up drafts by loan type; daily pipeline brief,"Hey Ruben — quick specific idea.

I was looking at RCG Mortgage and noticed the mortgage workflow probably has a lot of borrower/doc follow-up hiding behind the scenes. RCG Mortgage mentions complex mortgage products/workflows like: erage servicing clients with their home purchase, refinance, and renovation financing needs. In 2017, broker Andrew Russell started RCG to make the mortgage process

I’m testing a 7-day AIOS Quickstart for mortgage teams: 3 approval-only AI routines like construction/renovation loan condition tracker, borrower doc follow-up drafts by loan type, and daily pipeline brief.

No auto-sending. Just drafts, briefs, and follow-up queues your team approves.

Want me to send the 3 routines I’d set up for RCG Mortgage?",3 AI routines for RCG Mortgage,"Hey Ruben,

I was looking at RCG Mortgage and had a specific thought. Mortgage teams usually don’t need a giant AI strategy. They need the recurring borrower/admin work to stop eating the week.

What stood out: RCG Mortgage mentions complex mortgage products/workflows like: erage servicing clients with their home purchase, refinance, and renovation financing needs. In 2017, broker Andrew Russell started RCG to make the mortgage process

I’m testing a 7-day AIOS Quickstart where I install 3 approval-gated routines for mortgage teams. For RCG Mortgage, I’d probably start with:

1. construction/renovation loan condition tracker
2. borrower doc follow-up drafts by loan type
3. daily pipeline brief

Everything stays approval-only — no AI auto-sending weird emails to borrowers. It drafts, summarizes, and queues the work so your team can move faster.

Worth sending over a quick version of what I’d install?

Ryan","Quick bump, Ruben — I can make this concrete for RCG Mortgage.

I’d map 3 recurring workflows, install the approval-only drafts/briefs, and hand you a simple weekly operating rhythm. No giant dashboard, no auto-send.

Worth a quick look?"
104,106,"owner_or_founder | branch_manager | small_team | smaller_revenue | verified_email | linkedin_present | mortgage_fit | doc_complex_products:va | speed_service_language:communication,seamless",READY_FOR_LINKEDIN_AND_EMAIL,Karson,Anderson,Karson Anderson,Owner | Branch Manager,manager,Elevated Group,Elevated Group,karsona@elevatedgroup.com,REAL-TIME VERIFIED ON 26 May 26,https://www.linkedin.com/in/karsonanderson,Vineyard,Utah,elevatedgroup.com,https://www.linkedin.com/company/elevated-managed-print,11-50,13,500000-999999,"business printers, business copiers, wide-format, plotters, production printing, business telecom, printers/copiers, copier sales, copier service","Elevated Group is a leading provider of Managed Print Services and Telecom Solutions, with over 30 years of industry expertise. We specialize in assisting businesses of all sizes to streamline operations, reduce costs, and enhance productivity. 

Our Managed Print Services optimize your print / copy environment by lowering toner spend, maintenance and equipment costs. We tailor solutions to fit your needs, ensuring seamless integration and reliable performance.

In the Telecom space, we offer cutting-edge VoIP solutions that enhance communication efficiency and flexibility, backed by exceptional service and support. We service small businesses, medical facilities, and large enterprises. We provide customized VoIP systems that scale with your business and adapt to your communication needs. 

We are dedicated to providing exceptional service, focusing on building lasting relationships. We simplify your print/copy and telecom operations so you can focus on what matters most—growing your business.","Elevated Group mentions complex mortgage products/workflows like: iness telecom, printers/copiers, copier sales, copier service Elevated Group is a leading provider of Managed Print Services and Telecom Solutions, with over 30 year",borrower doc follow-up drafts by loan type; daily pipeline brief; missing-doc follow-up drafts,"Hey Karson — quick specific idea.

I was looking at Elevated Group and noticed the mortgage workflow probably has a lot of borrower/doc follow-up hiding behind the scenes. Elevated Group mentions complex mortgage products/workflows like: iness telecom, printers/copiers, copier sales, copier service Elevated Group is a leading provider of Managed Print Services and Telecom Solutions, with over 30 year

I’m testing a 7-day AIOS Quickstart for mortgage teams: 3 approval-only AI routines like borrower doc follow-up drafts by loan type, daily pipeline brief, and missing-doc follow-up drafts.

No auto-sending. Just drafts, briefs, and follow-up queues your team approves.

Want me to send the 3 routines I’d set up for Elevated Group?",3 AI routines for Elevated Group,"Hey Karson,

I was looking at Elevated Group and had a specific thought. Mortgage teams usually don’t need a giant AI strategy. They need the recurring borrower/admin work to stop eating the week.

What stood out: Elevated Group mentions complex mortgage products/workflows like: iness telecom, printers/copiers, copier sales, copier service Elevated Group is a leading provider of Managed Print Services and Telecom Solutions, with over 30 year

I’m testing a 7-day AIOS Quickstart where I install 3 approval-gated routines for mortgage teams. For Elevated Group, I’d probably start with:

1. borrower doc follow-up drafts by loan type
2. daily pipeline brief
3. missing-doc follow-up drafts

Everything stays approval-only — no AI auto-sending weird emails to borrowers. It drafts, summarizes, and queues the work so your team can move faster.

Worth sending over a quick version of what I’d install?

Ryan","Quick bump, Karson — I can make this concrete for Elevated Group.

I’d map 3 recurring workflows, install the approval-only drafts/briefs, and hand you a simple weekly operating rhythm. No giant dashboard, no auto-send.

Worth a quick look?"
105,106,"owner_or_founder | producer | small_team | smaller_revenue | verified_email | linkedin_present | strong_mortgage_fit | doc_complex_products:va | speed_service_language:easy,seamless",READY_FOR_LINKEDIN_AND_EMAIL,Ron,Qarana,Ron Qarana,Owner & Mortgage Loan Officer | NMLS 1399295,owner,QLoans,QLoans,ronq@myqloans.com,REAL-TIME VERIFIED ON 26 May 26,https://www.linkedin.com/in/ron-qarana-780543242,Troy,Michigan,myqloans.com,https://www.linkedin.com/company/myqloans,11-50,7,100000-499999,"mortgage, lending, home loans, loan officer, real estate, homes, rentals, first time buyers, agent connection, mortgage advisors","Lead by a team of former Quicken Loans top performing loan specialists with keen insight on various types of loan products and financial services while focusing on long-lasting customer relationships.

Working directly with UWM and other wholesale lenders allows for flexibility, product comparison and custom product recommendation serving your home/financial goals and needs.

Our pre-approvals are only second to cash - this is due to our in-house processing and staff with underwriting experience who are accessible - weeknights and weekends along with our mortgage professionals. We focus on long-term benefits of homeownership with honest and wholistic approach.",QLoans mentions complex mortgage products/workflows like: icken Loans top performing loan specialists with keen insight on various types of loan products and financial services while focusing on long-lasting customer relati,borrower doc follow-up drafts by loan type; daily pipeline brief; missing-doc follow-up drafts,"Hey Ron — quick specific idea.

I was looking at QLoans and noticed the mortgage workflow probably has a lot of borrower/doc follow-up hiding behind the scenes. QLoans mentions complex mortgage products/workflows like: icken Loans top performing loan specialists with keen insight on various types of loan products and financial services while focusing on long-lasting customer relati

I’m testing a 7-day AIOS Quickstart for mortgage teams: 3 approval-only AI routines like borrower doc follow-up drafts by loan type, daily pipeline brief, and missing-doc follow-up drafts.

No auto-sending. Just drafts, briefs, and follow-up queues your team approves.

Want me to send the 3 routines I’d set up for QLoans?",3 AI routines for QLoans,"Hey Ron,

I was looking at QLoans and had a specific thought. Mortgage teams usually don’t need a giant AI strategy. They need the recurring borrower/admin work to stop eating the week.

What stood out: QLoans mentions complex mortgage products/workflows like: icken Loans top performing loan specialists with keen insight on various types of loan products and financial services while focusing on long-lasting customer relati

I’m testing a 7-day AIOS Quickstart where I install 3 approval-gated routines for mortgage teams. For QLoans, I’d probably start with:

1. borrower doc follow-up drafts by loan type
2. daily pipeline brief
3. missing-doc follow-up drafts

Everything stays approval-only — no AI auto-sending weird emails to borrowers. It drafts, summarizes, and queues the work so your team can move faster.

Worth sending over a quick version of what I’d install?

Ryan","Quick bump, Ron — I can make this concrete for QLoans.

I’d map 3 recurring workflows, install the approval-only drafts/briefs, and hand you a simple weekly operating rhythm. No giant dashboard, no auto-send.

Worth a quick look?"
106,106,"owner_or_founder | producer | small_team | smaller_revenue | verified_email | linkedin_present | strong_mortgage_fit | doc_complex_products:investment,reverse,fha,va | broker_local_language | bank_cu_deprioritize",READY_FOR_LINKEDIN_AND_EMAIL,Thom,MacFarlane,Thom MacFarlane,Mortgage Broker - Principal,manager,Security InterBank Mortgage,Security InterBank Mortgage,thom@sibloans.com,REAL-TIME VERIFIED ON 26 May 26,https://www.linkedin.com/in/thommacfarlane,San Diego County,California,sibloans.com,https://www.linkedin.com/company/security-interbank-mortgage,2-10,4,100000-499999,"home and investment property loans, va, fha, conventional & bank quality loans.","Security InterBank Mortgage is a California Mortgage Company that offers a broad range of competitive mortgage products for the financing of home purchases, home refinancing, home improvement and debt consolidation. Our goal is to work with you in order to provide a loan program and terms that meet your particular needs.

Our goal is to provide the loan products and service levels that consistently meet the highest expectations of our customers.","Security InterBank Mortgage mentions complex mortgage products/workflows like: home and investment property loans, va, fha, conventional & bank quality loans. Security InterBank Mortgage i",complex-file doc checklist; borrower doc follow-up drafts by loan type; daily pipeline brief,"Hey Thom — quick specific idea.

I was looking at Security InterBank Mortgage and noticed the mortgage workflow probably has a lot of borrower/doc follow-up hiding behind the scenes. Security InterBank Mortgage mentions complex mortgage products/workflows like: home and investment property loans, va, fha, conventional & bank quality loans. Security InterBank Mortgage i

I’m testing a 7-day AIOS Quickstart for mortgage teams: 3 approval-only AI routines like complex-file doc checklist, borrower doc follow-up drafts by loan type, and daily pipeline brief.

No auto-sending. Just drafts, briefs, and follow-up queues your team approves.

Want me to send the 3 routines I’d set up for Security InterBank Mortgage?",3 AI routines for Security InterBank Mortgage,"Hey Thom,

I was looking at Security InterBank Mortgage and had a specific thought. Mortgage teams usually don’t need a giant AI strategy. They need the recurring borrower/admin work to stop eating the week.

What stood out: Security InterBank Mortgage mentions complex mortgage products/workflows like: home and investment property loans, va, fha, conventional & bank quality loans. Security InterBank Mortgage i

I’m testing a 7-day AIOS Quickstart where I install 3 approval-gated routines for mortgage teams. For Security InterBank Mortgage, I’d probably start with:

1. complex-file doc checklist
2. borrower doc follow-up drafts by loan type
3. daily pipeline brief

Everything stays approval-only — no AI auto-sending weird emails to borrowers. It drafts, summarizes, and queues the work so your team can move faster.

Worth sending over a quick version of what I’d install?

Ryan","Quick bump, Thom — I can make this concrete for Security InterBank Mortgage.

I’d map 3 recurring workflows, install the approval-only drafts/briefs, and hand you a simple weekly operating rhythm. No giant dashboard, no auto-send.

Worth a quick look?"
107,106,branch_manager | producer | small_team | revenue_can_pay | verified_email | linkedin_present | strong_mortgage_fit | doc_complex_products:va | speed_service_language:fast | broker_local_language,READY_FOR_LINKEDIN_AND_EMAIL,Michael,Stone,Michael Stone,Mortgage Broker & Branch Manager,manager,Three Point Mortgage LLC,Three Point Mortgage LLC,michael.stone@threepointmortgage.com,REAL-TIME VERIFIED ON 26 May 26,https://www.linkedin.com/in/michael-stone-4b5a4643,Golden,Colorado,threepointmortgage.com,https://www.linkedin.com/company/three-point-mortgage-llc,2-10,27,1000000-4999999,,"Three Point Mortgage was born out of our desire to exemplify our three pillars of honesty, service, and value to our borrowers and their families.  In an industry that can be complicated, our goal is to make this process simple through transparency, education, and advocacy on your behalf.  

We are committed to you and providing you with resources well beyond your home purchase or refinance.","Three Point Mortgage LLC mentions complex mortgage products/workflows like: r desire to exemplify our three pillars of honesty, service, and value to our borrowers and their families. In an industry that can be complicated, our goal is to m",borrower doc follow-up drafts by loan type; daily pipeline brief; missing-doc follow-up drafts,"Hey Michael — quick specific idea.

I was looking at Three Point Mortgage LLC and noticed the mortgage workflow probably has a lot of borrower/doc follow-up hiding behind the scenes. Three Point Mortgage LLC mentions complex mortgage products/workflows like: r desire to exemplify our three pillars of honesty, service, and value to our borrowers and their families. In an industry that can be complicated, our goal is to m

I’m testing a 7-day AIOS Quickstart for mortgage teams: 3 approval-only AI routines like borrower doc follow-up drafts by loan type, daily pipeline brief, and missing-doc follow-up drafts.

No auto-sending. Just drafts, briefs, and follow-up queues your team approves.

Want me to send the 3 routines I’d set up for Three Point Mortgage LLC?",3 AI routines for Three Point Mortgage LLC,"Hey Michael,

I was looking at Three Point Mortgage LLC and had a specific thought. Mortgage teams usually don’t need a giant AI strategy. They need the recurring borrower/admin work to stop eating the week.

What stood out: Three Point Mortgage LLC mentions complex mortgage products/workflows like: r desire to exemplify our three pillars of honesty, service, and value to our borrowers and their families. In an industry that can be complicated, our goal is to m

I’m testing a 7-day AIOS Quickstart where I install 3 approval-gated routines for mortgage teams. For Three Point Mortgage LLC, I’d probably start with:

1. borrower doc follow-up drafts by loan type
2. daily pipeline brief
3. missing-doc follow-up drafts

Everything stays approval-only — no AI auto-sending weird emails to borrowers. It drafts, summarizes, and queues the work so your team can move faster.

Worth sending over a quick version of what I’d install?

Ryan","Quick bump, Michael — I can make this concrete for Three Point Mortgage LLC.

I’d map 3 recurring workflows, install the approval-only drafts/briefs, and hand you a simple weekly operating rhythm. No giant dashboard, no auto-send.

Worth a quick look?"
108,106,"owner_or_founder | branch_manager | producer | scaled_but_not_enterprise | revenue_can_pay | verified_email | linkedin_present | mortgage_fit | doc_complex_products:commercial,va",READY_FOR_LINKEDIN_AND_EMAIL,Jennifer,Weder,Jennifer Weder,Branch Manager/Asst. Vice President/Loan Officer,manager,"PETEFISH, SKILES & COMPANY","PETEFISH, SKILES & COMPANY",jweder@petefishskiles.com,REAL-TIME VERIFIED ON 26 May 26,https://www.linkedin.com/in/jennifer-weder-165922134,Winchester,Illinois,petefishskiles.com,https://www.linkedin.com/company/petefish-skiles-&-company,51-200,46,1000000-4999999,,"PETEFISH, SKILES & COMPANY is a financial institution located in Virginia, Petersburg, Havana and Jacksonville, Illinois.  We are a full service bank dedicated to providing exceptional products and services to our customers.  
From the humble beginning in a second story office on the Virginia town square in 1870 to a dynamic company with over $230,000,000 in assets 151 years later, the bank has prospered by serving the financial needs in Cass, Mason, Menard and Morgan Counties of Illinois.","PETEFISH, SKILES & COMPANY mentions complex mortgage products/workflows like: les & Co Bank is a community bank committed to serving customers commercial, individual, and agriculture needs. Member FDIC. Equal Housing Lender.",borrower doc follow-up drafts by loan type; daily pipeline brief; missing-doc follow-up drafts,"Hey Jennifer — quick specific idea.

I was looking at PETEFISH, SKILES & COMPANY and noticed the mortgage workflow probably has a lot of borrower/doc follow-up hiding behind the scenes. PETEFISH, SKILES & COMPANY mentions complex mortgage products/workflows like: les & Co Bank is a community bank committed to serving customers commercial, individual, and agriculture needs. Member FDIC. Equal Housing Lender.

I’m testing a 7-day AIOS Quickstart for mortgage teams: 3 approval-only AI routines like borrower doc follow-up drafts by loan type, daily pipeline brief, and missing-doc follow-up drafts.

No auto-sending. Just drafts, briefs, and follow-up queues your team approves.

Want me to send the 3 routines I’d set up for PETEFISH, SKILES & COMPANY?","3 AI routines for PETEFISH, SKILES & COMPANY","Hey Jennifer,

I was looking at PETEFISH, SKILES & COMPANY and had a specific thought. Mortgage teams usually don’t need a giant AI strategy. They need the recurring borrower/admin work to stop eating the week.

What stood out: PETEFISH, SKILES & COMPANY mentions complex mortgage products/workflows like: les & Co Bank is a community bank committed to serving customers commercial, individual, and agriculture needs. Member FDIC. Equal Housing Lender.

I’m testing a 7-day AIOS Quickstart where I install 3 approval-gated routines for mortgage teams. For PETEFISH, SKILES & COMPANY, I’d probably start with:

1. borrower doc follow-up drafts by loan type
2. daily pipeline brief
3. missing-doc follow-up drafts

Everything stays approval-only — no AI auto-sending weird emails to borrowers. It drafts, summarizes, and queues the work so your team can move faster.

Worth sending over a quick version of what I’d install?

Ryan","Quick bump, Jennifer — I can make this concrete for PETEFISH, SKILES & COMPANY.

I’d map 3 recurring workflows, install the approval-only drafts/briefs, and hand you a simple weekly operating rhythm. No giant dashboard, no auto-send.

Worth a quick look?"
109,105,"branch_manager | small_team | smaller_revenue | verified_email | linkedin_present | strong_mortgage_fit | doc_complex_products:non-qm,investment,reverse,fha | speed_service_language:fast,communication,efficient,smooth",READY_FOR_LINKEDIN_AND_EMAIL,Angel,Luevanos,Angel Luevanos,Branch Manager,manager,Angel City Financial,Angel City Financial,angel@angelcityfinancial.com,REAL-TIME VERIFIED ON 26 May 26,https://www.linkedin.com/in/angel-luevanos,Los Angeles Metropolitan Area,,angelcityfinancial.com,https://www.linkedin.com/company/angelcityfinancial,2-10,4,100000-499999,,"Angel City Financial | Educate. Empower. Enhance.

At Angel City Financial, everything we do is built around three principles:

Educate. Empower. Enhance.

We educate our clients so they fully understand their options.
We empower them to make confident financial decisions.
We enhance the home financing experience through strategy, speed, and service.

Buying a home is one of the most significant financial decisions you’ll ever make. Whether you're purchasing your first home, building a portfolio, refinancing, or exploring creative financing options, our team is committed to delivering:

• Clear, strategic guidance
• Honest and transparent communication
• Tailored loan structuring based on your goals
• Fast, efficient closings, often in 17 days or less
• A smooth, stress-reduced experience from application to funding

We offer a wide range of loan programs, including FHA, VA, Conventional, Non-QM, Reverse Mortgages, and investment financing. However, we don’t believe in “one size fits all” lending. In many cases, there may be better or more strategic solutions available, and that’s where our advisory approach makes the difference.

We don’t just originate loans.
We build financing game plans.

For our Realtor and referral partners, we operate with urgency, precision, and proactive communication, helping you move clients into escrow quickly and close with confidence.

If you’re ready to approach home financing with clarity, strategy, and speed, let’s connect.

POWERED BY EQUITY SMART HOME LOANS NMLS #856170","Angel City Financial mentions complex mortgage products/workflows like: a wide range of loan programs, including FHA, VA, Conventional, Non-QM, Reverse Mortgages, and investment financing. However, we don’t believe in “one size fits all",complex-file doc checklist; borrower doc follow-up drafts by loan type; daily pipeline brief,"Hey Angel — quick specific idea.

I was looking at Angel City Financial and noticed the mortgage workflow probably has a lot of borrower/doc follow-up hiding behind the scenes. Angel City Financial mentions complex mortgage products/workflows like: a wide range of loan programs, including FHA, VA, Conventional, Non-QM, Reverse Mortgages, and investment financing. However, we don’t believe in “one size fits all

I’m testing a 7-day AIOS Quickstart for mortgage teams: 3 approval-only AI routines like complex-file doc checklist, borrower doc follow-up drafts by loan type, and daily pipeline brief.

No auto-sending. Just drafts, briefs, and follow-up queues your team approves.

Want me to send the 3 routines I’d set up for Angel City Financial?",3 AI routines for Angel City Financial,"Hey Angel,

I was looking at Angel City Financial and had a specific thought. Mortgage teams usually don’t need a giant AI strategy. They need the recurring borrower/admin work to stop eating the week.

What stood out: Angel City Financial mentions complex mortgage products/workflows like: a wide range of loan programs, including FHA, VA, Conventional, Non-QM, Reverse Mortgages, and investment financing. However, we don’t believe in “one size fits all

I’m testing a 7-day AIOS Quickstart where I install 3 approval-gated routines for mortgage teams. For Angel City Financial, I’d probably start with:

1. complex-file doc checklist
2. borrower doc follow-up drafts by loan type
3. daily pipeline brief

Everything stays approval-only — no AI auto-sending weird emails to borrowers. It drafts, summarizes, and queues the work so your team can move faster.

Worth sending over a quick version of what I’d install?

Ryan","Quick bump, Angel — I can make this concrete for Angel City Financial.

I’d map 3 recurring workflows, install the approval-only drafts/briefs, and hand you a simple weekly operating rhythm. No giant dashboard, no auto-send.

Worth a quick look?"
110,105,owner_or_founder | producer | small_team | smaller_revenue | verified_email | linkedin_present | strong_mortgage_fit | doc_complex_products:va | broker_local_language,READY_FOR_LINKEDIN_AND_EMAIL,Michael,Cox,Michael Cox,Mortgage Broker / Owner,owner,"Mortgage Nerds, LLC","Mortgage Nerds, LLC",mike@mortgagenerds.com,REAL-TIME VERIFIED ON 25 May 26,https://www.linkedin.com/in/mikecox22,Appleton,Wisconsin,mortgagenerds.com,https://www.linkedin.com/company/mortgage-nerds-llc,11-50,13,500000-999999,,We will educate and empower you to make smart financial decisions with your mortgage in order to build wealth.,"Mortgage Nerds, LLC mentions complex mortgage products/workflows like: ith a Appleton, WI Mortgage Broker. Use our FREE online pre-approval tool or our refinance rate checker.",daily pipeline brief; missing-doc follow-up drafts; stale borrower/realtor follow-up queue,"Hey Michael — quick specific idea.

I was looking at Mortgage Nerds, LLC and noticed the mortgage workflow probably has a lot of borrower/doc follow-up hiding behind the scenes. Mortgage Nerds, LLC mentions complex mortgage products/workflows like: ith a Appleton, WI Mortgage Broker. Use our FREE online pre-approval tool or our refinance rate checker.

I’m testing a 7-day AIOS Quickstart for mortgage teams: 3 approval-only AI routines like daily pipeline brief, missing-doc follow-up drafts, and stale borrower/realtor follow-up queue.

No auto-sending. Just drafts, briefs, and follow-up queues your team approves.

Want me to send the 3 routines I’d set up for Mortgage Nerds, LLC?","3 AI routines for Mortgage Nerds, LLC","Hey Michael,

I was looking at Mortgage Nerds, LLC and had a specific thought. Mortgage teams usually don’t need a giant AI strategy. They need the recurring borrower/admin work to stop eating the week.

What stood out: Mortgage Nerds, LLC mentions complex mortgage products/workflows like: ith a Appleton, WI Mortgage Broker. Use our FREE online pre-approval tool or our refinance rate checker.

I’m testing a 7-day AIOS Quickstart where I install 3 approval-gated routines for mortgage teams. For Mortgage Nerds, LLC, I’d probably start with:

1. daily pipeline brief
2. missing-doc follow-up drafts
3. stale borrower/realtor follow-up queue

Everything stays approval-only — no AI auto-sending weird emails to borrowers. It drafts, summarizes, and queues the work so your team can move faster.

Worth sending over a quick version of what I’d install?

Ryan","Quick bump, Michael — I can make this concrete for Mortgage Nerds, LLC.

I’d map 3 recurring workflows, install the approval-only drafts/briefs, and hand you a simple weekly operating rhythm. No giant dashboard, no auto-send.

Worth a quick look?"
111,105,owner_or_founder | producer | small_team | smaller_revenue | verified_email | linkedin_present | strong_mortgage_fit | doc_complex_products:va | broker_local_language,READY_FOR_LINKEDIN_AND_EMAIL,Fred,Sabeti,Fred Sabeti,Mortgage Broker Owner,c_suite,EquiMaxMortgage,EquiMaxMortgage,fred.sabeti@equimaxmortgage.com,REAL-TIME VERIFIED ON 25 May 26,https://www.linkedin.com/in/fred-sabeti-35b91120,,,equimaxmortgage.com,https://www.linkedin.com/company/equimaxmortgage,2-10,4,100000-499999,,"EquiMax Mortgage is a boutique, growth-focused brokerage built around a simple belief: consistent results come from strong relationships, clear systems, and leadership that stays involved.

We support loan officers who want to build steady, partner-driven businesses rather than chase short-term volume. Our focus is on removing operational friction, strengthening referral strategies, and creating a structure that allows producers to grow without sacrificing service or balance.

EquiMax is intentionally built for professionals who value clarity, accountability, and long-term thinking. Leadership is accessible, support is hands-on, and success is shared.

This is a platform designed for sustainable growth.","EquiMaxMortgage mentions complex mortgage products/workflows like: r balance. EquiMax is intentionally built for professionals who value clarity, accountability, and long-term thinking. Leadership is accessible, support is hands-on",borrower doc follow-up drafts by loan type; daily pipeline brief; missing-doc follow-up drafts,"Hey Fred — quick specific idea.

I was looking at EquiMaxMortgage and noticed the mortgage workflow probably has a lot of borrower/doc follow-up hiding behind the scenes. EquiMaxMortgage mentions complex mortgage products/workflows like: r balance. EquiMax is intentionally built for professionals who value clarity, accountability, and long-term thinking. Leadership is accessible, support is hands-on

I’m testing a 7-day AIOS Quickstart for mortgage teams: 3 approval-only AI routines like borrower doc follow-up drafts by loan type, daily pipeline brief, and missing-doc follow-up drafts.

No auto-sending. Just drafts, briefs, and follow-up queues your team approves.

Want me to send the 3 routines I’d set up for EquiMaxMortgage?",3 AI routines for EquiMaxMortgage,"Hey Fred,

I was looking at EquiMaxMortgage and had a specific thought. Mortgage teams usually don’t need a giant AI strategy. They need the recurring borrower/admin work to stop eating the week.

What stood out: EquiMaxMortgage mentions complex mortgage products/workflows like: r balance. EquiMax is intentionally built for professionals who value clarity, accountability, and long-term thinking. Leadership is accessible, support is hands-on

I’m testing a 7-day AIOS Quickstart where I install 3 approval-gated routines for mortgage teams. For EquiMaxMortgage, I’d probably start with:

1. borrower doc follow-up drafts by loan type
2. daily pipeline brief
3. missing-doc follow-up drafts

Everything stays approval-only — no AI auto-sending weird emails to borrowers. It drafts, summarizes, and queues the work so your team can move faster.

Worth sending over a quick version of what I’d install?

Ryan","Quick bump, Fred — I can make this concrete for EquiMaxMortgage.

I’d map 3 recurring workflows, install the approval-only drafts/briefs, and hand you a simple weekly operating rhythm. No giant dashboard, no auto-send.

Worth a quick look?"
112,105,"owner_or_founder | small_team | smaller_revenue | verified_email | linkedin_present | strong_mortgage_fit | doc_complex_products:commercial,investment,investor,va | speed_service_language:efficient | broker_local_language | bank_cu_deprioritize",READY_FOR_LINKEDIN_AND_EMAIL,Raidel,Elias,Raidel Elias,Mortgage Loan Broker/Owner,owner,Elias Capital Funding Corp,Elias Capital Funding Corp,elias@eliascapital.org,REAL-TIME VERIFIED ON 25 May 26,https://www.linkedin.com/in/raidel-elias-10398135,Miami,Florida,https://www.eliascapital.org,https://www.linkedin.com/company/elias-capital-funding-corp,2-10,3,100000-499999,,"Elias Capital is a respected private mortgage company located in Miami, Florida. We focus on providing private loans for residential investment properties, commercial properties, and vacant land. Unlike traditional bank loans, Elias Capital offers a swift, efficient, and viable option with minimal documentation requirements.

Our company is situated in Miami and exclusively extends lending services within Florida, a region we possess extensive knowledge of. Our loan approval procedures are notably distinct, emphasizing practicality and simplicity in contrast to the methodologies employed by traditional financial institutions such as banks and credit unions. The capital utilized originates from private investors who share our profound confidence in the real estate sector's potential.

We base our decisions mainly on the following factors:

• The borrower's ability to pay the loan.
• The value and equity of the property.
• The use of the property must always be for Investment purposes.

Ready to explore how we can fund your next real estate venture? Check out our lending services deck in the following link and take the first step toward securing your investment: 

https://bit.ly/elias-capital-investment-deck (you can copy and paste it directly into your browser).","Elias Capital Funding Corp mentions complex mortgage products/workflows like: n providing private loans for residential investment properties, commercial properties, and vacant land. Unlike traditional bank loans, Elias Capital offers a swift,",complex-file doc checklist; borrower doc follow-up drafts by loan type; daily pipeline brief,"Hey Raidel — quick specific idea.

I was looking at Elias Capital Funding Corp and noticed the mortgage workflow probably has a lot of borrower/doc follow-up hiding behind the scenes. Elias Capital Funding Corp mentions complex mortgage products/workflows like: n providing private loans for residential investment properties, commercial properties, and vacant land. Unlike traditional bank loans, Elias Capital offers a swift,

I’m testing a 7-day AIOS Quickstart for mortgage teams: 3 approval-only AI routines like complex-file doc checklist, borrower doc follow-up drafts by loan type, and daily pipeline brief.

No auto-sending. Just drafts, briefs, and follow-up queues your team approves.

Want me to send the 3 routines I’d set up for Elias Capital Funding Corp?",3 AI routines for Elias Capital Funding Corp,"Hey Raidel,

I was looking at Elias Capital Funding Corp and had a specific thought. Mortgage teams usually don’t need a giant AI strategy. They need the recurring borrower/admin work to stop eating the week.

What stood out: Elias Capital Funding Corp mentions complex mortgage products/workflows like: n providing private loans for residential investment properties, commercial properties, and vacant land. Unlike traditional bank loans, Elias Capital offers a swift,

I’m testing a 7-day AIOS Quickstart where I install 3 approval-gated routines for mortgage teams. For Elias Capital Funding Corp, I’d probably start with:

1. complex-file doc checklist
2. borrower doc follow-up drafts by loan type
3. daily pipeline brief

Everything stays approval-only — no AI auto-sending weird emails to borrowers. It drafts, summarizes, and queues the work so your team can move faster.

Worth sending over a quick version of what I’d install?

Ryan","Quick bump, Raidel — I can make this concrete for Elias Capital Funding Corp.

I’d map 3 recurring workflows, install the approval-only drafts/briefs, and hand you a simple weekly operating rhythm. No giant dashboard, no auto-send.

Worth a quick look?"
113,105,"owner_or_founder | producer | small_team | smaller_revenue | verified_email | linkedin_present | strong_mortgage_fit | speed_service_language:fast,easy | broker_local_language",READY_FOR_LINKEDIN_AND_EMAIL,Vittorio,Sbrocca,Vittorio Sbrocca,Mortgage Broker/Owner,owner,First Team Lending Group PLLC,First Team Lending Group PLLC,vsbrocca@firstteamlending.com,REAL-TIME VERIFIED ON 25 May 26,https://www.linkedin.com/in/vittorio-sbrocca-a6239114a,Utica,Michigan,firstteamlending.com,https://www.linkedin.com/company/first-team-lending-group-pllc,2-10,8,500000-999999,,"We specialize in shopping between the most reputable lenders on our clients’ behalf for the best possible program and rate for the client-specific situation. We offer wholesale pricing which means lower rates and less cost for our clients! NMLS # 2085536

Our goal is to keep the mortgage process simple, easy and fast so you can stay focused on your daily life!","First Team Lending Group PLLC emphasizes speed/service/efficiency: 85536 Our goal is to keep the mortgage process simple, easy and fast so you can stay focused on your daily life!",daily pipeline brief; missing-doc follow-up drafts; stale borrower/realtor follow-up queue,"Hey Vittorio — quick specific idea.

I was looking at First Team Lending Group PLLC and noticed the mortgage workflow probably has a lot of borrower/doc follow-up hiding behind the scenes. First Team Lending Group PLLC emphasizes speed/service/efficiency: 85536 Our goal is to keep the mortgage process simple, easy and fast so you can stay focused on your daily life!

I’m testing a 7-day AIOS Quickstart for mortgage teams: 3 approval-only AI routines like daily pipeline brief, missing-doc follow-up drafts, and stale borrower/realtor follow-up queue.

No auto-sending. Just drafts, briefs, and follow-up queues your team approves.

Want me to send the 3 routines I’d set up for First Team Lending Group PLLC?",3 AI routines for First Team Lending Group PLLC,"Hey Vittorio,

I was looking at First Team Lending Group PLLC and had a specific thought. Mortgage teams usually don’t need a giant AI strategy. They need the recurring borrower/admin work to stop eating the week.

What stood out: First Team Lending Group PLLC emphasizes speed/service/efficiency: 85536 Our goal is to keep the mortgage process simple, easy and fast so you can stay focused on your daily life!

I’m testing a 7-day AIOS Quickstart where I install 3 approval-gated routines for mortgage teams. For First Team Lending Group PLLC, I’d probably start with:

1. daily pipeline brief
2. missing-doc follow-up drafts
3. stale borrower/realtor follow-up queue

Everything stays approval-only — no AI auto-sending weird emails to borrowers. It drafts, summarizes, and queues the work so your team can move faster.

Worth sending over a quick version of what I’d install?

Ryan","Quick bump, Vittorio — I can make this concrete for First Team Lending Group PLLC.

I’d map 3 recurring workflows, install the approval-only drafts/briefs, and hand you a simple weekly operating rhythm. No giant dashboard, no auto-send.

Worth a quick look?"
114,105,"owner_or_founder | branch_manager | scaled_but_not_enterprise | revenue_can_pay | verified_email | linkedin_present | strong_mortgage_fit | doc_complex_products:construction,heloc | broker_local_language | bank_cu_deprioritize",READY_FOR_LINKEDIN_AND_EMAIL,Eric,Collins,Eric Collins,Vice President & Branch Manager,manager,River City Bank,River City Bank,eric.collins@rivercity.bank,REAL-TIME VERIFIED ON 26 May 26,https://www.linkedin.com/in/eric-collins-322b0a237,Blairsville,Georgia,rivercity.bank,https://www.linkedin.com/company/rcbank,51-200,40,1000000-4999999,"mortgage, home loans, heloc, refinance, small business loans, business banking, auto loans, construction loans, lending, saving, cash management","River City Bank, founded in 2006, is a full-service community bank, offering financial solutions for personal and business clients including deposits, loans, treasury management, and brokerage services. Our clients and our local communities are the reason we exist. They are at the heart of everything we do! Member FDIC | Equal Housing Lender | NMLS# 446231","River City Bank mentions complex mortgage products/workflows like: , refinance, small business loans, business banking, auto loans, construction loans, lending, saving, cash management River City Bank, founded in 2006, is a full-ser",construction/renovation loan condition tracker; daily pipeline brief; missing-doc follow-up drafts,"Hey Eric — quick specific idea.

I was looking at River City Bank and noticed the mortgage workflow probably has a lot of borrower/doc follow-up hiding behind the scenes. River City Bank mentions complex mortgage products/workflows like: , refinance, small business loans, business banking, auto loans, construction loans, lending, saving, cash management River City Bank, founded in 2006, is a full-ser

I’m testing a 7-day AIOS Quickstart for mortgage teams: 3 approval-only AI routines like construction/renovation loan condition tracker, daily pipeline brief, and missing-doc follow-up drafts.

No auto-sending. Just drafts, briefs, and follow-up queues your team approves.

Want me to send the 3 routines I’d set up for River City Bank?",3 AI routines for River City Bank,"Hey Eric,

I was looking at River City Bank and had a specific thought. Mortgage teams usually don’t need a giant AI strategy. They need the recurring borrower/admin work to stop eating the week.

What stood out: River City Bank mentions complex mortgage products/workflows like: , refinance, small business loans, business banking, auto loans, construction loans, lending, saving, cash management River City Bank, founded in 2006, is a full-ser

I’m testing a 7-day AIOS Quickstart where I install 3 approval-gated routines for mortgage teams. For River City Bank, I’d probably start with:

1. construction/renovation loan condition tracker
2. daily pipeline brief
3. missing-doc follow-up drafts

Everything stays approval-only — no AI auto-sending weird emails to borrowers. It drafts, summarizes, and queues the work so your team can move faster.

Worth sending over a quick version of what I’d install?

Ryan","Quick bump, Eric — I can make this concrete for River City Bank.

I’d map 3 recurring workflows, install the approval-only drafts/briefs, and hand you a simple weekly operating rhythm. No giant dashboard, no auto-send.

Worth a quick look?"
115,105,owner_or_founder | producer | small_team | smaller_revenue | verified_email | linkedin_present | strong_mortgage_fit | doc_complex_products:va | broker_local_language,READY_FOR_LINKEDIN_AND_EMAIL,Brian,Ambrose,Brian Ambrose,Mortgage Broker / Owner,owner,New Horizon Mortgage Co Inc,New Horizon Mortgage Co Inc,brian@nhmcloans.com,REAL-TIME VERIFIED ON 26 May 26,https://www.linkedin.com/in/brian-ambrose-83229a7,Medway,Massachusetts,nhmcloans.com,https://www.linkedin.com/company/new-horizon-mortgage-co.,2-10,4,100000-499999,"refinancing, mortgage loans, homebuying, first time homebuyers, home loans","Welcome to New Horizon Mortgage Company, I’m glad you’re here.

I started working in the mortgage industry as soon as I graduated from college, in 2002.  It didn’t take me long to realize that in order to provide my clients with the highest quality home loans at some of the lowest mortgage rates available in the region, I’d have to start my own brokerage.  And, in May of 2005, that’s exactly what I did!

At New Horizon Mortgage, we are committed to the fundamental principles of honesty and dedication.  We’ve worked hard to develop strong and lasting partnerships with an array of wholesale lenders and industry professionals ~ all in an effort to benefit you!   Whether you are a first-time home buyer, purchasing your dream home, refinancing your existing loan, or consolidating debt, our team can help with your home financing needs.

At New Horizon Mortgage, we have over 20 years of experience in serving mortgage borrowers. Our ultimate goal is to forge lasting relationships with each of our clients so that we may continue providing excellent service for many years to come.  Come see what our family can do for yours!

Speaking of family,  it’s as important to me at work as it is at home. When I’m not working, I love spending time with my wife Ann-Marie (we started working together in the beginning of Covid) and our two elementary aged children, Jake and Lyla.  We love going to Maine together, fishing, and playing sports.

In my professional life, I am a member of several industry boards, including: National Association of Mortgage Brokers (NAMB), Massachusetts Mortgage Bankers Association (MMBA), Association of Independent Mortgage Experts (AIME).","New Horizon Mortgage Co Inc mentions complex mortgage products/workflows like: highest quality home loans at some of the lowest mortgage rates available in the region, I’d have to start my own brokerage. And, in May of 2005, that’s exactly wha",borrower doc follow-up drafts by loan type; daily pipeline brief; missing-doc follow-up drafts,"Hey Brian — quick specific idea.

I was looking at New Horizon Mortgage Co Inc and noticed the mortgage workflow probably has a lot of borrower/doc follow-up hiding behind the scenes. New Horizon Mortgage Co Inc mentions complex mortgage products/workflows like: highest quality home loans at some of the lowest mortgage rates available in the region, I’d have to start my own brokerage. And, in May of 2005, that’s exactly wha

I’m testing a 7-day AIOS Quickstart for mortgage teams: 3 approval-only AI routines like borrower doc follow-up drafts by loan type, daily pipeline brief, and missing-doc follow-up drafts.

No auto-sending. Just drafts, briefs, and follow-up queues your team approves.

Want me to send the 3 routines I’d set up for New Horizon Mortgage Co Inc?",3 AI routines for New Horizon Mortgage Co Inc,"Hey Brian,

I was looking at New Horizon Mortgage Co Inc and had a specific thought. Mortgage teams usually don’t need a giant AI strategy. They need the recurring borrower/admin work to stop eating the week.

What stood out: New Horizon Mortgage Co Inc mentions complex mortgage products/workflows like: highest quality home loans at some of the lowest mortgage rates available in the region, I’d have to start my own brokerage. And, in May of 2005, that’s exactly wha

I’m testing a 7-day AIOS Quickstart where I install 3 approval-gated routines for mortgage teams. For New Horizon Mortgage Co Inc, I’d probably start with:

1. borrower doc follow-up drafts by loan type
2. daily pipeline brief
3. missing-doc follow-up drafts

Everything stays approval-only — no AI auto-sending weird emails to borrowers. It drafts, summarizes, and queues the work so your team can move faster.

Worth sending over a quick version of what I’d install?

Ryan","Quick bump, Brian — I can make this concrete for New Horizon Mortgage Co Inc.

I’d map 3 recurring workflows, install the approval-only drafts/briefs, and hand you a simple weekly operating rhythm. No giant dashboard, no auto-send.

Worth a quick look?"
116,105,owner_or_founder | producer | small_team | smaller_revenue | verified_email | linkedin_present | strong_mortgage_fit | doc_complex_products:va | broker_local_language,READY_FOR_LINKEDIN_AND_EMAIL,Paul,Dooley,Paul Dooley,President / Mortgage Broker,c_suite,Philadelphia Veterans Lending Group,Philadelphia Veterans Lending Group,paul@phillyva.com,REAL-TIME VERIFIED ON 26 May 26,https://www.linkedin.com/in/pauljdooley,Fort Washington,Pennsylvania,phillyva.com,https://www.linkedin.com/company/philadelphia-veterans-lending-group,2-10,3,100000-499999,,"NMLS # 2393989  Licensed by The Pennsylvania Department of Banking - Equal Housing Opportunity - Licensed to do business in the states of PA, NJ, DE, FL.

Philadelphia Veterans Lending Group is an independent mortgage brokerage run by Veterans. We use the skills and discipline learned from our training to effectively navigate our clients through the wholesale residential lending market, ensuring they obtain some of the best financing the industry has to offer. We serve our communities like we served our country.",Philadelphia Veterans Lending Group mentions complex mortgage products/workflows like: NMLS # 2393989 Licensed by The Pennsylvania Department of Banking - Equal Housing Opportunity - Licensed to do business in the states of P,borrower doc follow-up drafts by loan type; daily pipeline brief; missing-doc follow-up drafts,"Hey Paul — quick specific idea.

I was looking at Philadelphia Veterans Lending Group and noticed the mortgage workflow probably has a lot of borrower/doc follow-up hiding behind the scenes. Philadelphia Veterans Lending Group mentions complex mortgage products/workflows like: NMLS # 2393989 Licensed by The Pennsylvania Department of Banking - Equal Housing Opportunity - Licensed to do business in the states of P

I’m testing a 7-day AIOS Quickstart for mortgage teams: 3 approval-only AI routines like borrower doc follow-up drafts by loan type, daily pipeline brief, and missing-doc follow-up drafts.

No auto-sending. Just drafts, briefs, and follow-up queues your team approves.

Want me to send the 3 routines I’d set up for Philadelphia Veterans Lending Group?",3 AI routines for Philadelphia Veterans Lending Group,"Hey Paul,

I was looking at Philadelphia Veterans Lending Group and had a specific thought. Mortgage teams usually don’t need a giant AI strategy. They need the recurring borrower/admin work to stop eating the week.

What stood out: Philadelphia Veterans Lending Group mentions complex mortgage products/workflows like: NMLS # 2393989 Licensed by The Pennsylvania Department of Banking - Equal Housing Opportunity - Licensed to do business in the states of P

I’m testing a 7-day AIOS Quickstart where I install 3 approval-gated routines for mortgage teams. For Philadelphia Veterans Lending Group, I’d probably start with:

1. borrower doc follow-up drafts by loan type
2. daily pipeline brief
3. missing-doc follow-up drafts

Everything stays approval-only — no AI auto-sending weird emails to borrowers. It drafts, summarizes, and queues the work so your team can move faster.

Worth sending over a quick version of what I’d install?

Ryan","Quick bump, Paul — I can make this concrete for Philadelphia Veterans Lending Group.

I’d map 3 recurring workflows, install the approval-only drafts/briefs, and hand you a simple weekly operating rhythm. No giant dashboard, no auto-send.

Worth a quick look?"
117,105,owner_or_founder | producer | small_team | smaller_revenue | verified_email | linkedin_present | strong_mortgage_fit | doc_complex_products:va | broker_local_language,READY_FOR_LINKEDIN_AND_EMAIL,Ryan,Hunter,Ryan Hunter,Owner/Mortgage Loan Officer,owner,Hunter Lending,Hunter Lending,ryan@hunterlending.com,REAL-TIME VERIFIED ON 26 May 26,https://www.linkedin.com/in/hunterlending,Denver,Colorado,hunterlending.com,https://www.linkedin.com/company/hunter-lending-llc,2-10,2,100000-499999,,"Hunter Lending saves time and reduces cost by providing customized mortgage solutions to assist clients in achieving their financial goals and objectives.

Founded in 2003 by Ryan Hunter, our mission has been to provide the highest level of service resulting in the best customer experience.  Because we are aligned with the nation's premier lending institutions, we are also able to deliver the lowest rates and costs available in the market.","Hunter Lending mentions complex mortgage products/workflows like: tutions, we are also able to deliver the lowest rates and costs available in the market. Hunter Lending is a top mortgage lender and broker in Denver. We provide our",borrower doc follow-up drafts by loan type; daily pipeline brief; missing-doc follow-up drafts,"Hey Ryan — quick specific idea.

I was looking at Hunter Lending and noticed the mortgage workflow probably has a lot of borrower/doc follow-up hiding behind the scenes. Hunter Lending mentions complex mortgage products/workflows like: tutions, we are also able to deliver the lowest rates and costs available in the market. Hunter Lending is a top mortgage lender and broker in Denver. We provide our

I’m testing a 7-day AIOS Quickstart for mortgage teams: 3 approval-only AI routines like borrower doc follow-up drafts by loan type, daily pipeline brief, and missing-doc follow-up drafts.

No auto-sending. Just drafts, briefs, and follow-up queues your team approves.

Want me to send the 3 routines I’d set up for Hunter Lending?",3 AI routines for Hunter Lending,"Hey Ryan,

I was looking at Hunter Lending and had a specific thought. Mortgage teams usually don’t need a giant AI strategy. They need the recurring borrower/admin work to stop eating the week.

What stood out: Hunter Lending mentions complex mortgage products/workflows like: tutions, we are also able to deliver the lowest rates and costs available in the market. Hunter Lending is a top mortgage lender and broker in Denver. We provide our

I’m testing a 7-day AIOS Quickstart where I install 3 approval-gated routines for mortgage teams. For Hunter Lending, I’d probably start with:

1. borrower doc follow-up drafts by loan type
2. daily pipeline brief
3. missing-doc follow-up drafts

Everything stays approval-only — no AI auto-sending weird emails to borrowers. It drafts, summarizes, and queues the work so your team can move faster.

Worth sending over a quick version of what I’d install?

Ryan","Quick bump, Ryan — I can make this concrete for Hunter Lending.

I’d map 3 recurring workflows, install the approval-only drafts/briefs, and hand you a simple weekly operating rhythm. No giant dashboard, no auto-send.

Worth a quick look?"
118,105,"owner_or_founder | producer | scaled_but_not_enterprise | revenue_can_pay | verified_email | linkedin_present | strong_mortgage_fit | doc_complex_products:jumbo,construction,fha,va",READY_FOR_LINKEDIN_AND_EMAIL,Taylor,Schone,Taylor Schone,Owner / Loan Officer,owner,Patriot Home Mortgage,Patriot Home Mortgage,taylor@patriothomemortgage.com,REAL-TIME VERIFIED ON 26 May 26,https://www.linkedin.com/in/taylor-schone-a8758046,St George,Utah,patriothomemortgage.com,https://www.linkedin.com/company/patriot-home-mortgage,51-200,70,5000000-9999999,"mortgage calculators, harp loans","Patriot Home Mortgage is a privately held, correspondent lender, headquartered in beautiful Southern Utah. We are experiencing phenomenal growth and it’s no secret that our success is owed to our employees and partners. 

    We are lending in 29 states with plans to expand nationally as a part of Belem Servicing LLC. Creativity and innovation are hallmark characteristics of the culture and environment at Patriot. Our competitive advantages include several correspondent lending lines, top tier pricing and product mix, operational superiority, compliance, and regulatory support as well as forward-thinking leadership.

    Our lending platform offers a ""one stop shop”: construction, conventional, government (FHA/VA & HECM) and jumbo lending products. 


★ NMLS# 715386
Equal Housing Opportunity Lender
Belem Servicing LLC
www.nmlsconsumeraccess.org","Patriot Home Mortgage mentions complex mortgage products/workflows like: hop”: construction, conventional, government (FHA/VA & HECM) and jumbo lending products. ★ NMLS# 715386 Equal Housing Opportunity Lender Belem Servicing LLC www.n",complex-file doc checklist; construction/renovation loan condition tracker; borrower doc follow-up drafts by loan type,"Hey Taylor — quick specific idea.

I was looking at Patriot Home Mortgage and noticed the mortgage workflow probably has a lot of borrower/doc follow-up hiding behind the scenes. Patriot Home Mortgage mentions complex mortgage products/workflows like: hop”: construction, conventional, government (FHA/VA & HECM) and jumbo lending products. ★ NMLS# 715386 Equal Housing Opportunity Lender Belem Servicing LLC www.n

I’m testing a 7-day AIOS Quickstart for mortgage teams: 3 approval-only AI routines like complex-file doc checklist, construction/renovation loan condition tracker, and borrower doc follow-up drafts by loan type.

No auto-sending. Just drafts, briefs, and follow-up queues your team approves.

Want me to send the 3 routines I’d set up for Patriot Home Mortgage?",3 AI routines for Patriot Home Mortgage,"Hey Taylor,

I was looking at Patriot Home Mortgage and had a specific thought. Mortgage teams usually don’t need a giant AI strategy. They need the recurring borrower/admin work to stop eating the week.

What stood out: Patriot Home Mortgage mentions complex mortgage products/workflows like: hop”: construction, conventional, government (FHA/VA & HECM) and jumbo lending products. ★ NMLS# 715386 Equal Housing Opportunity Lender Belem Servicing LLC www.n

I’m testing a 7-day AIOS Quickstart where I install 3 approval-gated routines for mortgage teams. For Patriot Home Mortgage, I’d probably start with:

1. complex-file doc checklist
2. construction/renovation loan condition tracker
3. borrower doc follow-up drafts by loan type

Everything stays approval-only — no AI auto-sending weird emails to borrowers. It drafts, summarizes, and queues the work so your team can move faster.

Worth sending over a quick version of what I’d install?

Ryan","Quick bump, Taylor — I can make this concrete for Patriot Home Mortgage.

I’d map 3 recurring workflows, install the approval-only drafts/briefs, and hand you a simple weekly operating rhythm. No giant dashboard, no auto-send.

Worth a quick look?"
119,105,owner_or_founder | producer | small_team | smaller_revenue | verified_email | linkedin_present | strong_mortgage_fit | doc_complex_products:investor | broker_local_language,READY_FOR_LINKEDIN_AND_EMAIL,Joyce,"Cheng, MBA","Joyce Cheng, MBA","Founder, Mortgage Broker",founder,Plenti Mortgage,Plenti Mortgage,joyce@plentimortgage.com,REAL-TIME VERIFIED ON 26 May 26,https://www.linkedin.com/in/chengjoyce,Redmond,Washington,http://plentimortgage.com,https://www.linkedin.com/company/plenti-mortgage,2-10,3,100000-499999,,"At Plenti Mortgage, we believe in making homeownership accessible and straightforward. As a trusted mortgage brokerage, we offer a wide range of products and services designed to meet the unique needs of each client. Whether you're a first-time homebuyer, a seasoned investor, or looking to refinance, our experienced team is here to guide you every step of the way.","Plenti Mortgage mentions complex mortgage products/workflows like: f each client. Whether you're a first-time homebuyer, a seasoned investor, or looking to refinance, our experienced team is here to guide you every step of the way.",daily pipeline brief; missing-doc follow-up drafts; stale borrower/realtor follow-up queue,"Hey Joyce — quick specific idea.

I was looking at Plenti Mortgage and noticed the mortgage workflow probably has a lot of borrower/doc follow-up hiding behind the scenes. Plenti Mortgage mentions complex mortgage products/workflows like: f each client. Whether you're a first-time homebuyer, a seasoned investor, or looking to refinance, our experienced team is here to guide you every step of the way.

I’m testing a 7-day AIOS Quickstart for mortgage teams: 3 approval-only AI routines like daily pipeline brief, missing-doc follow-up drafts, and stale borrower/realtor follow-up queue.

No auto-sending. Just drafts, briefs, and follow-up queues your team approves.

Want me to send the 3 routines I’d set up for Plenti Mortgage?",3 AI routines for Plenti Mortgage,"Hey Joyce,

I was looking at Plenti Mortgage and had a specific thought. Mortgage teams usually don’t need a giant AI strategy. They need the recurring borrower/admin work to stop eating the week.

What stood out: Plenti Mortgage mentions complex mortgage products/workflows like: f each client. Whether you're a first-time homebuyer, a seasoned investor, or looking to refinance, our experienced team is here to guide you every step of the way.

I’m testing a 7-day AIOS Quickstart where I install 3 approval-gated routines for mortgage teams. For Plenti Mortgage, I’d probably start with:

1. daily pipeline brief
2. missing-doc follow-up drafts
3. stale borrower/realtor follow-up queue

Everything stays approval-only — no AI auto-sending weird emails to borrowers. It drafts, summarizes, and queues the work so your team can move faster.

Worth sending over a quick version of what I’d install?

Ryan","Quick bump, Joyce — I can make this concrete for Plenti Mortgage.

I’d map 3 recurring workflows, install the approval-only drafts/briefs, and hand you a simple weekly operating rhythm. No giant dashboard, no auto-send.

Worth a quick look?"
120,105,owner_or_founder | producer | small_team | smaller_revenue | verified_email | linkedin_present | strong_mortgage_fit | doc_complex_products:va | broker_local_language,READY_FOR_LINKEDIN_AND_EMAIL,Paul J.,Carson,Paul J. Carson,Broker/Owner at Philly Mortgage Brokers,owner,Philly Mortgage Brokers,Philly Mortgage Brokers,paul@phillymb.com,REAL-TIME VERIFIED ON 26 May 26,https://www.linkedin.com/in/pauljcarson,Collegeville,Pennsylvania,phillymb.com,https://www.linkedin.com/company/phillymb,11-50,4,100000-499999,"mortgages, mortgage brokers","Philly Mortgage Brokers is an independent & locally owned mortgage brokerage serving the Greater Philadelphia Region. Licensed in PA, NJ, DE & FL. We were founded in February 2024 with the singular focus of providing great service with some of the best rates in the industry.

We firmly believe the wholesale brokerage model is the best place for a consumer to obtain a mortgage, and the best place for a Loan Officer to work.

Reach out to us today for all your home financing needs, or if you're looking for a great place to work!

Company NMLS #: 1706247",Philly Mortgage Brokers mentions complex mortgage products/workflows like: in seconds with a Mortgage Broker. Use our FREE online pre-approval tool or our refinance rate checker.,daily pipeline brief; missing-doc follow-up drafts; stale borrower/realtor follow-up queue,"Hey Paul J. — quick specific idea.

I was looking at Philly Mortgage Brokers and noticed the mortgage workflow probably has a lot of borrower/doc follow-up hiding behind the scenes. Philly Mortgage Brokers mentions complex mortgage products/workflows like: in seconds with a Mortgage Broker. Use our FREE online pre-approval tool or our refinance rate checker.

I’m testing a 7-day AIOS Quickstart for mortgage teams: 3 approval-only AI routines like daily pipeline brief, missing-doc follow-up drafts, and stale borrower/realtor follow-up queue.

No auto-sending. Just drafts, briefs, and follow-up queues your team approves.

Want me to send the 3 routines I’d set up for Philly Mortgage Brokers?",3 AI routines for Philly Mortgage Brokers,"Hey Paul J.,

I was looking at Philly Mortgage Brokers and had a specific thought. Mortgage teams usually don’t need a giant AI strategy. They need the recurring borrower/admin work to stop eating the week.

What stood out: Philly Mortgage Brokers mentions complex mortgage products/workflows like: in seconds with a Mortgage Broker. Use our FREE online pre-approval tool or our refinance rate checker.

I’m testing a 7-day AIOS Quickstart where I install 3 approval-gated routines for mortgage teams. For Philly Mortgage Brokers, I’d probably start with:

1. daily pipeline brief
2. missing-doc follow-up drafts
3. stale borrower/realtor follow-up queue

Everything stays approval-only — no AI auto-sending weird emails to borrowers. It drafts, summarizes, and queues the work so your team can move faster.

Worth sending over a quick version of what I’d install?

Ryan","Quick bump, Paul J. — I can make this concrete for Philly Mortgage Brokers.

I’d map 3 recurring workflows, install the approval-only drafts/briefs, and hand you a simple weekly operating rhythm. No giant dashboard, no auto-send.

Worth a quick look?"
121,105,"owner_or_founder | branch_manager | scaled_but_not_enterprise | revenue_can_pay | verified_email | linkedin_present | strong_mortgage_fit | doc_complex_products:construction,commercial | broker_local_language | bank_cu_deprioritize",READY_FOR_LINKEDIN_AND_EMAIL,Kim,Gavin,Kim Gavin,Vice President/Branch Manager,manager,Star Bank - Minnesota,Star Bank - Minnesota,kim.gavin@star.bank,REAL-TIME VERIFIED ON 26 May 26,https://www.linkedin.com/in/kim-gavin-305bb6161,Bertha,Minnesota,star.bank,https://www.linkedin.com/company/star-bank-mn,51-200,53,1000000-4999999,"checking accounts, savings accounts, home loans, construction loans, business lending, personal banking, business banking, insurance, ag services, online banking, online bill pay, remote deposit banking, telephone banking, mobile banking, insurance, consumer loans, person to person payments","Star Bank is a family-owned independent community bank with roots from 1904 and family-ownerships/family-management since 1990. We are chartered in Minnesota and serve our customer base throughout Central Minnesota with offices in Big Stone, Grant, Stevens, Todd, Traverse, Wadena, Hennepin and Wright counties. Star Bank has continued to expand during difficult economic times. We now operate 11 branch locations across our Minnesota footprint. 

Star Bank offers a full menu of financial solutions to individuals, families, Agri-businesses, and other commercial businesses. We’re a full-service financial services organization with mobile banking and other digital services that consumers and businesses expect from their bank, along with personalized service where the focus is on the customer like banking should be. Our tagline and guiding philosophy when supporting our local audience is: ""The Bank That Cares""™ 

Star Bank has approx. $450MM in assets and we were honored to assist over 800 local businesses with SBA PPP loans during the COVID-19 pandemic. We’ve got a small-town banking philosophy with big-city services to serve you. 

Recent accolades for our bank include the 2025 & 2023 Empowering Women Award with Finance & Commerce, the 2019 Progress Minnesota Award, and a 2019 top five Minnesota Family Business Award with Twin Cities Business.  

Member FDIC      Equal Housing Lender","Star Bank - Minnesota mentions complex mortgage products/workflows like: checking accounts, savings accounts, home loans, construction loans, business lending, personal banking, business banking, insurance, ag services, on",construction/renovation loan condition tracker; daily pipeline brief; missing-doc follow-up drafts,"Hey Kim — quick specific idea.

I was looking at Star Bank - Minnesota and noticed the mortgage workflow probably has a lot of borrower/doc follow-up hiding behind the scenes. Star Bank - Minnesota mentions complex mortgage products/workflows like: checking accounts, savings accounts, home loans, construction loans, business lending, personal banking, business banking, insurance, ag services, on

I’m testing a 7-day AIOS Quickstart for mortgage teams: 3 approval-only AI routines like construction/renovation loan condition tracker, daily pipeline brief, and missing-doc follow-up drafts.

No auto-sending. Just drafts, briefs, and follow-up queues your team approves.

Want me to send the 3 routines I’d set up for Star Bank - Minnesota?",3 AI routines for Star Bank - Minnesota,"Hey Kim,

I was looking at Star Bank - Minnesota and had a specific thought. Mortgage teams usually don’t need a giant AI strategy. They need the recurring borrower/admin work to stop eating the week.

What stood out: Star Bank - Minnesota mentions complex mortgage products/workflows like: checking accounts, savings accounts, home loans, construction loans, business lending, personal banking, business banking, insurance, ag services, on

I’m testing a 7-day AIOS Quickstart where I install 3 approval-gated routines for mortgage teams. For Star Bank - Minnesota, I’d probably start with:

1. construction/renovation loan condition tracker
2. daily pipeline brief
3. missing-doc follow-up drafts

Everything stays approval-only — no AI auto-sending weird emails to borrowers. It drafts, summarizes, and queues the work so your team can move faster.

Worth sending over a quick version of what I’d install?

Ryan","Quick bump, Kim — I can make this concrete for Star Bank - Minnesota.

I’d map 3 recurring workflows, install the approval-only drafts/briefs, and hand you a simple weekly operating rhythm. No giant dashboard, no auto-send.

Worth a quick look?"
122,105,"branch_manager | scaled_but_not_enterprise | revenue_can_pay | verified_email | linkedin_present | strong_mortgage_fit | doc_complex_products:construction,investment,fha,va | speed_service_language:communication,seamless | broker_local_language",READY_FOR_LINKEDIN_AND_EMAIL,michael,walker,michael walker,branch manager,manager,AMS Mortgage Services,AMS Mortgage Services,mwalker@amsmtg.com,REAL-TIME VERIFIED ON 26 May 26,https://www.linkedin.com/in/michael-walker-92824852,Toms River,New Jersey,amsmtg.com,https://www.linkedin.com/company/ams-mortgage-services,51-200,73,5000000-9999999,"first time homebuyers, mortgage originations, investment loans, government loans","AMS Mortgage Services, Inc.
NMLS # 20843

Licensed Mortgage Broker
Equal Housing Lender
Licensed in NJ and NY

Licensing information available at www.nmlsconsumeraccess.org
Privacy Policy: https://www.amsmtg.com/privacy-policy

Since 1992, AMS Mortgage Services has built a reputation as a trusted, full-service mortgage brokerage firm, serving the diverse lending needs of real estate professionals, builders, and individual homebuyers across NJ, CA, FL,NY, CT, TX, NC, GA, and PA.

Our experienced team provides unmatched expertise in all areas of mortgage lending, including purchases, refinancing, construction loans, and more. With access to a wide range of mortgage products, we excel at tailoring solutions to fit each client’s unique financial goals—always offering competitive rates, terms, and costs.

At AMS, our service goes beyond loans. We prioritize transparency and communication, offering clients regular updates throughout the lending process to ensure a seamless experience. Whether it’s helping first-time buyers secure FHA or VA loans, rebuilding credit to expand homebuying options, or exploring refinancing opportunities, we’re committed to making homeownership accessible and affordable.

With a 5-star reputation, decades of industry expertise, and a dedication to personalized service, AMS Mortgage Services continues to help individuals and families achieve their dreams of homeownership.

Let us put our 30+ years of excellence to work for you. Visit amsmtg.com to learn more.","AMS Mortgage Services mentions complex mortgage products/workflows like: all areas of mortgage lending, including purchases, refinancing, construction loans, and more. With access to a wide range of mortgage products, we excel at tailorin",complex-file doc checklist; construction/renovation loan condition tracker; borrower doc follow-up drafts by loan type,"Hey michael — quick specific idea.

I was looking at AMS Mortgage Services and noticed the mortgage workflow probably has a lot of borrower/doc follow-up hiding behind the scenes. AMS Mortgage Services mentions complex mortgage products/workflows like: all areas of mortgage lending, including purchases, refinancing, construction loans, and more. With access to a wide range of mortgage products, we excel at tailorin

I’m testing a 7-day AIOS Quickstart for mortgage teams: 3 approval-only AI routines like complex-file doc checklist, construction/renovation loan condition tracker, and borrower doc follow-up drafts by loan type.

No auto-sending. Just drafts, briefs, and follow-up queues your team approves.

Want me to send the 3 routines I’d set up for AMS Mortgage Services?",3 AI routines for AMS Mortgage Services,"Hey michael,

I was looking at AMS Mortgage Services and had a specific thought. Mortgage teams usually don’t need a giant AI strategy. They need the recurring borrower/admin work to stop eating the week.

What stood out: AMS Mortgage Services mentions complex mortgage products/workflows like: all areas of mortgage lending, including purchases, refinancing, construction loans, and more. With access to a wide range of mortgage products, we excel at tailorin

I’m testing a 7-day AIOS Quickstart where I install 3 approval-gated routines for mortgage teams. For AMS Mortgage Services, I’d probably start with:

1. complex-file doc checklist
2. construction/renovation loan condition tracker
3. borrower doc follow-up drafts by loan type

Everything stays approval-only — no AI auto-sending weird emails to borrowers. It drafts, summarizes, and queues the work so your team can move faster.

Worth sending over a quick version of what I’d install?

Ryan","Quick bump, michael — I can make this concrete for AMS Mortgage Services.

I’d map 3 recurring workflows, install the approval-only drafts/briefs, and hand you a simple weekly operating rhythm. No giant dashboard, no auto-send.

Worth a quick look?"
123,105,owner_or_founder | producer | small_team | smaller_revenue | verified_email | linkedin_present | strong_mortgage_fit | doc_complex_products:va | broker_local_language,READY_FOR_LINKEDIN_AND_EMAIL,Shawn,Catmull,Shawn Catmull,Owner/Loan Officer,owner,The Lending Co.,The Lending Co.,shawn@thelendingco.com,REAL-TIME VERIFIED ON 26 May 26,https://www.linkedin.com/in/shawn-catmull-9315b969,Draper,Utah,thelendingco.com,https://www.linkedin.com/company/the-lending-co,11-50,6,100000-499999,mortgage,As a mortgage broker our loan officers put their clients first shopping all available lenders for the best rates.,The Lending Co. mentions complex mortgage products/workflows like: e broker our loan officers put their clients first shopping all available lenders for the best rates.,borrower doc follow-up drafts by loan type; daily pipeline brief; missing-doc follow-up drafts,"Hey Shawn — quick specific idea.

I was looking at The Lending Co. and noticed the mortgage workflow probably has a lot of borrower/doc follow-up hiding behind the scenes. The Lending Co. mentions complex mortgage products/workflows like: e broker our loan officers put their clients first shopping all available lenders for the best rates.

I’m testing a 7-day AIOS Quickstart for mortgage teams: 3 approval-only AI routines like borrower doc follow-up drafts by loan type, daily pipeline brief, and missing-doc follow-up drafts.

No auto-sending. Just drafts, briefs, and follow-up queues your team approves.

Want me to send the 3 routines I’d set up for The Lending Co.?",3 AI routines for The Lending Co.,"Hey Shawn,

I was looking at The Lending Co. and had a specific thought. Mortgage teams usually don’t need a giant AI strategy. They need the recurring borrower/admin work to stop eating the week.

What stood out: The Lending Co. mentions complex mortgage products/workflows like: e broker our loan officers put their clients first shopping all available lenders for the best rates.

I’m testing a 7-day AIOS Quickstart where I install 3 approval-gated routines for mortgage teams. For The Lending Co., I’d probably start with:

1. borrower doc follow-up drafts by loan type
2. daily pipeline brief
3. missing-doc follow-up drafts

Everything stays approval-only — no AI auto-sending weird emails to borrowers. It drafts, summarizes, and queues the work so your team can move faster.

Worth sending over a quick version of what I’d install?

Ryan","Quick bump, Shawn — I can make this concrete for The Lending Co..

I’d map 3 recurring workflows, install the approval-only drafts/briefs, and hand you a simple weekly operating rhythm. No giant dashboard, no auto-send.

Worth a quick look?"
124,105,"owner_or_founder | branch_manager | scaled_but_not_enterprise | revenue_can_pay | verified_email | linkedin_present | mortgage_fit | doc_complex_products:investment,investor,va | broker_local_language",READY_FOR_LINKEDIN_AND_EMAIL,Carl,"Crowley, CSRIC®","Carl Crowley, CSRIC®","Branch Manager, Vice President Private Client Group",manager,"Boenning & Scattergood, Inc.","Boenning & Scattergood, Inc.",ccrowley@boenninginc.com,REAL-TIME VERIFIED ON 26 May 26,https://www.linkedin.com/in/carl-crowley-csric®-5425405,Greater Philadelphia,,boenninginc.com,https://www.linkedin.com/company/boenning-&-scattergood-inc.,51-200,81,5000000-9999999,"asset management, public finance, investment banking, equity research, institutional equity sales and trading, institutional fixed income sales and trading, retail brokerage, wealth management","Established in 1914, Boenning & Scattergood, Inc. is one of the oldest independent securities, asset management, and investment banking firms in the nation. Professionals at our firm provide retail investors, municipal clients, and institutions a full complement of financial services, including retail brokerage, investment advisory, equity research, equity and fixed income sales and trading, investment banking, public finance, and option strategy. 

Securities and advisory services offered though LPL Financial, a registered investment advisor, Member FINRA/SIPC. For hyperlinks to FINRA and SIPC, please refer to ‘See Contact Info’ section above.

Third party posts found on this profile do not reflect the views of LPL Financial and have not been reviewed by LPL Financial as to accuracy or completeness.

The financial professionals associated with LPL Financial may discuss and/or transact business only with residents of the states in which they are properly registered or licensed. No offers may be made or accepted from any resident of any other state.","Boenning & Scattergood, Inc. mentions complex mortgage products/workflows like: asset management, public finance, investment banking, equity research, institutional equity sales and trading, institutional fixed inc",complex-file doc checklist; daily pipeline brief; missing-doc follow-up drafts,"Hey Carl — quick specific idea.

I was looking at Boenning & Scattergood, Inc. and noticed the mortgage workflow probably has a lot of borrower/doc follow-up hiding behind the scenes. Boenning & Scattergood, Inc. mentions complex mortgage products/workflows like: asset management, public finance, investment banking, equity research, institutional equity sales and trading, institutional fixed inc

I’m testing a 7-day AIOS Quickstart for mortgage teams: 3 approval-only AI routines like complex-file doc checklist, daily pipeline brief, and missing-doc follow-up drafts.

No auto-sending. Just drafts, briefs, and follow-up queues your team approves.

Want me to send the 3 routines I’d set up for Boenning & Scattergood, Inc.?","3 AI routines for Boenning & Scattergood, Inc.","Hey Carl,

I was looking at Boenning & Scattergood, Inc. and had a specific thought. Mortgage teams usually don’t need a giant AI strategy. They need the recurring borrower/admin work to stop eating the week.

What stood out: Boenning & Scattergood, Inc. mentions complex mortgage products/workflows like: asset management, public finance, investment banking, equity research, institutional equity sales and trading, institutional fixed inc

I’m testing a 7-day AIOS Quickstart where I install 3 approval-gated routines for mortgage teams. For Boenning & Scattergood, Inc., I’d probably start with:

1. complex-file doc checklist
2. daily pipeline brief
3. missing-doc follow-up drafts

Everything stays approval-only — no AI auto-sending weird emails to borrowers. It drafts, summarizes, and queues the work so your team can move faster.

Worth sending over a quick version of what I’d install?

Ryan","Quick bump, Carl — I can make this concrete for Boenning & Scattergood, Inc..

I’d map 3 recurring workflows, install the approval-only drafts/briefs, and hand you a simple weekly operating rhythm. No giant dashboard, no auto-send.

Worth a quick look?"
125,105,owner_or_founder | producer | small_team | smaller_revenue | verified_email | linkedin_present | strong_mortgage_fit | doc_complex_products:investment | broker_local_language,READY_FOR_LINKEDIN_AND_EMAIL,Rachel,Fransen,Rachel Fransen,"Co-Owner, Loan Officer",owner,Onda Lending,Onda Lending,rachel@ondalending.com,REAL-TIME VERIFIED ON 26 May 26,https://www.linkedin.com/in/rachelfransen,San Diego Metropolitan Area,,http://www.ondalending.com,https://www.linkedin.com/company/ondalending,2-10,4,100000-499999,"mortgages, mortgage lending, mortgage brokerage, home loans","Onda Lending, Inc.
Established 2025

Mortgage Brokerage in Encinitas, CA.

Onda Lending has been founded by 3 longtime industry veterans: Joshua Rytz, Rachel Fransen, and Mischa Rytz. Together, we have over 70 years of mortgage industry experience starting from the ground up.
We are a full-service mortgage brokerage built on experience, resilience, and the belief that every client’s journey is unique.
Whether you’re buying your first home, refinancing, or exploring investment opportunities, we are here to guide you with clarity, care, and dedication.","Onda Lending mentions complex mortgage products/workflows like: Whether you’re buying your first home, refinancing, or exploring investment opportunities, we are here to guide you with clarity, care, and dedication.",complex-file doc checklist; daily pipeline brief; missing-doc follow-up drafts,"Hey Rachel — quick specific idea.

I was looking at Onda Lending and noticed the mortgage workflow probably has a lot of borrower/doc follow-up hiding behind the scenes. Onda Lending mentions complex mortgage products/workflows like: Whether you’re buying your first home, refinancing, or exploring investment opportunities, we are here to guide you with clarity, care, and dedication.

I’m testing a 7-day AIOS Quickstart for mortgage teams: 3 approval-only AI routines like complex-file doc checklist, daily pipeline brief, and missing-doc follow-up drafts.

No auto-sending. Just drafts, briefs, and follow-up queues your team approves.

Want me to send the 3 routines I’d set up for Onda Lending?",3 AI routines for Onda Lending,"Hey Rachel,

I was looking at Onda Lending and had a specific thought. Mortgage teams usually don’t need a giant AI strategy. They need the recurring borrower/admin work to stop eating the week.

What stood out: Onda Lending mentions complex mortgage products/workflows like: Whether you’re buying your first home, refinancing, or exploring investment opportunities, we are here to guide you with clarity, care, and dedication.

I’m testing a 7-day AIOS Quickstart where I install 3 approval-gated routines for mortgage teams. For Onda Lending, I’d probably start with:

1. complex-file doc checklist
2. daily pipeline brief
3. missing-doc follow-up drafts

Everything stays approval-only — no AI auto-sending weird emails to borrowers. It drafts, summarizes, and queues the work so your team can move faster.

Worth sending over a quick version of what I’d install?

Ryan","Quick bump, Rachel — I can make this concrete for Onda Lending.

I’d map 3 recurring workflows, install the approval-only drafts/briefs, and hand you a simple weekly operating rhythm. No giant dashboard, no auto-send.

Worth a quick look?"
126,105,"owner_or_founder | branch_manager | scaled_but_not_enterprise | revenue_can_pay | verified_email | linkedin_present | mortgage_fit | doc_complex_products:investment,va | speed_service_language:customer service",READY_FOR_LINKEDIN_AND_EMAIL,Randall,Rhyner,Randall Rhyner,Executive Vice President and Branch Manager at Smith Moore,manager,Smith Moore,Smith Moore,rrhyner@smithmoore.com,REAL-TIME VERIFIED ON 26 May 26,https://www.linkedin.com/in/randallrhyner,Kansas City Metropolitan Area,,smithmoore.com,https://www.linkedin.com/company/smith-moore-&-company,51-200,71,1000000-4999999,,"At Smith Moore, we provide financial guidance for every stage of life through an integrated financial strategy that evolves as our clients move through all phases of wealth planning: Accumulation, Distribution and Legacy.

Our financial advisors truly make us different. Discover how a personalized approach, the freedom to customize short- and long-term strategies that are right for you, and a dedication to putting clients first make Smith Moore a valuable asset for your present and future.

Your advisor will help you determine your needs and craft a detailed financial plan based on your investment objectives, current situation, risk tolerance and “time horizon” for reaching your goals.

Since our inception in 1913, Smith Moore has maintained its focus on our mission of dedication to customer service. As one of the oldest investment firms established west of the Mississippi River, Smith Moore has a proud history of helping its customers to plan their financial futures and delivering financial peace of mind.

Let us help you. Please contact your local Smith Moore Financial Advisor.

If you do not currently have a Smith Moore Financial Advisor, please contact us today at 1-800-264-0426 or 1-314-727-5225.","Smith Moore mentions complex mortgage products/workflows like: ine your needs and craft a detailed financial plan based on your investment objectives, current situation, risk tolerance and “time horizon” for reaching your goals.",complex-file doc checklist; borrower doc follow-up drafts by loan type; daily pipeline brief,"Hey Randall — quick specific idea.

I was looking at Smith Moore and noticed the mortgage workflow probably has a lot of borrower/doc follow-up hiding behind the scenes. Smith Moore mentions complex mortgage products/workflows like: ine your needs and craft a detailed financial plan based on your investment objectives, current situation, risk tolerance and “time horizon” for reaching your goals.

I’m testing a 7-day AIOS Quickstart for mortgage teams: 3 approval-only AI routines like complex-file doc checklist, borrower doc follow-up drafts by loan type, and daily pipeline brief.

No auto-sending. Just drafts, briefs, and follow-up queues your team approves.

Want me to send the 3 routines I’d set up for Smith Moore?",3 AI routines for Smith Moore,"Hey Randall,

I was looking at Smith Moore and had a specific thought. Mortgage teams usually don’t need a giant AI strategy. They need the recurring borrower/admin work to stop eating the week.

What stood out: Smith Moore mentions complex mortgage products/workflows like: ine your needs and craft a detailed financial plan based on your investment objectives, current situation, risk tolerance and “time horizon” for reaching your goals.

I’m testing a 7-day AIOS Quickstart where I install 3 approval-gated routines for mortgage teams. For Smith Moore, I’d probably start with:

1. complex-file doc checklist
2. borrower doc follow-up drafts by loan type
3. daily pipeline brief

Everything stays approval-only — no AI auto-sending weird emails to borrowers. It drafts, summarizes, and queues the work so your team can move faster.

Worth sending over a quick version of what I’d install?

Ryan","Quick bump, Randall — I can make this concrete for Smith Moore.

I’d map 3 recurring workflows, install the approval-only drafts/briefs, and hand you a simple weekly operating rhythm. No giant dashboard, no auto-send.

Worth a quick look?"
127,105,owner_or_founder | branch_manager | small_team | smaller_revenue | verified_email | linkedin_present | mortgage_fit | doc_complex_products:investment | broker_local_language,READY_FOR_LINKEDIN_AND_EMAIL,Bill,Arnold,Bill Arnold,"President-Arnold Financial Group, Branch Manager RJFS",manager,Arnold Financial Group,Arnold Financial Group,bill.arnold@raymondjames.com,REAL-TIME VERIFIED ON 26 May 26,https://www.linkedin.com/in/bill-arnold-90a4a43a,Spokane,Washington,https://www.raymondjames.com/arnoldfinancialgroup,https://www.linkedin.com/company/arnoldfinancialgroup,2-10,3,100000-499999,"financial planning, wealth management, retirement planning, tax planning, 401k plans","For nearly 30 years, Arnold Financial Group has been serving families, individuals, and business owners with trusted financial guidance. Founded by Spokane locals Bill and Dina Arnold, our firm is built on long-term relationships, personalized planning, and a deep commitment to helping our community. 

We specialize in:

•	Retirement & Financial Planning – Helping you design a clear path toward your goals.

•	401(k) & SIMPLE IRA Plans – Offering competitive, customized solutions for business owners and employees.

•	Equity Research & Investment Management – Providing disciplined strategies tailored to your unique situation.

•	Strategic Tax Planning – Structuring portfolios and financial plans to maximize tax efficiency.

Whether you’re preparing for retirement, managing a business retirement plan, or seeking investment and tax guidance, our team is here to simplify the process and provide clarity every step of the way. We believe financial planning isn’t just about numbers—it’s about people, families, and futures.

Securities offered through Raymond James Financial Services, Inc., member FINRA/SIPC. Investment advisory services are offered through Raymond James Financial Services Advisors, Inc. Arnold Financial Group is not a registered broker/dealer and is independent of Raymond James Financial Services. Please follow this link to Important Disclosure Information: http://raymondjames.com/smicd.htm",Arnold Financial Group mentions complex mortgage products/workflows like: olutions for business owners and employees. • Equity Research & Investment Management – Providing disciplined strategies tailored to your unique situation. • Strat,complex-file doc checklist; daily pipeline brief; missing-doc follow-up drafts,"Hey Bill — quick specific idea.

I was looking at Arnold Financial Group and noticed the mortgage workflow probably has a lot of borrower/doc follow-up hiding behind the scenes. Arnold Financial Group mentions complex mortgage products/workflows like: olutions for business owners and employees. • Equity Research & Investment Management – Providing disciplined strategies tailored to your unique situation. • Strat

I’m testing a 7-day AIOS Quickstart for mortgage teams: 3 approval-only AI routines like complex-file doc checklist, daily pipeline brief, and missing-doc follow-up drafts.

No auto-sending. Just drafts, briefs, and follow-up queues your team approves.

Want me to send the 3 routines I’d set up for Arnold Financial Group?",3 AI routines for Arnold Financial Group,"Hey Bill,

I was looking at Arnold Financial Group and had a specific thought. Mortgage teams usually don’t need a giant AI strategy. They need the recurring borrower/admin work to stop eating the week.

What stood out: Arnold Financial Group mentions complex mortgage products/workflows like: olutions for business owners and employees. • Equity Research & Investment Management – Providing disciplined strategies tailored to your unique situation. • Strat

I’m testing a 7-day AIOS Quickstart where I install 3 approval-gated routines for mortgage teams. For Arnold Financial Group, I’d probably start with:

1. complex-file doc checklist
2. daily pipeline brief
3. missing-doc follow-up drafts

Everything stays approval-only — no AI auto-sending weird emails to borrowers. It drafts, summarizes, and queues the work so your team can move faster.

Worth sending over a quick version of what I’d install?

Ryan","Quick bump, Bill — I can make this concrete for Arnold Financial Group.

I’d map 3 recurring workflows, install the approval-only drafts/briefs, and hand you a simple weekly operating rhythm. No giant dashboard, no auto-send.

Worth a quick look?"
128,105,owner_or_founder | producer | small_team | smaller_revenue | verified_email | linkedin_present | strong_mortgage_fit | doc_complex_products:investor | broker_local_language,READY_FOR_LINKEDIN_AND_EMAIL,Marios,Giotis,Marios Giotis,Owner - Mortgage Broker,owner,Athlos Mortgage Solutions,Athlos Mortgage Solutions,marios@athlosms.com,REAL-TIME VERIFIED ON 26 May 26,https://www.linkedin.com/in/marios-giotis-60818a32,Miami,Florida,athlosms.com,https://www.linkedin.com/company/athlos-mortgage-solutions,2-10,2,100000-499999,,"Athlos Mortgage Solutions was formed with a simple purpose: to make mortgage loans easily accessible to everyone, from every-day working people to seasoned real estate investors. We care for each of our customers like they are family. We take time to understand your circumstances so you can buy that home you love and feel confident doing it. With our large network of investors, we are able to get you a loan that fits your needs, with a rate that fits your budget.","Athlos Mortgage Solutions mentions complex mortgage products/workflows like: everyone, from every-day working people to seasoned real estate investors. We care for each of our customers like they are family. We take time to understand your c",daily pipeline brief; missing-doc follow-up drafts; stale borrower/realtor follow-up queue,"Hey Marios — quick specific idea.

I was looking at Athlos Mortgage Solutions and noticed the mortgage workflow probably has a lot of borrower/doc follow-up hiding behind the scenes. Athlos Mortgage Solutions mentions complex mortgage products/workflows like: everyone, from every-day working people to seasoned real estate investors. We care for each of our customers like they are family. We take time to understand your c

I’m testing a 7-day AIOS Quickstart for mortgage teams: 3 approval-only AI routines like daily pipeline brief, missing-doc follow-up drafts, and stale borrower/realtor follow-up queue.

No auto-sending. Just drafts, briefs, and follow-up queues your team approves.

Want me to send the 3 routines I’d set up for Athlos Mortgage Solutions?",3 AI routines for Athlos Mortgage Solutions,"Hey Marios,

I was looking at Athlos Mortgage Solutions and had a specific thought. Mortgage teams usually don’t need a giant AI strategy. They need the recurring borrower/admin work to stop eating the week.

What stood out: Athlos Mortgage Solutions mentions complex mortgage products/workflows like: everyone, from every-day working people to seasoned real estate investors. We care for each of our customers like they are family. We take time to understand your c

I’m testing a 7-day AIOS Quickstart where I install 3 approval-gated routines for mortgage teams. For Athlos Mortgage Solutions, I’d probably start with:

1. daily pipeline brief
2. missing-doc follow-up drafts
3. stale borrower/realtor follow-up queue

Everything stays approval-only — no AI auto-sending weird emails to borrowers. It drafts, summarizes, and queues the work so your team can move faster.

Worth sending over a quick version of what I’d install?

Ryan","Quick bump, Marios — I can make this concrete for Athlos Mortgage Solutions.

I’d map 3 recurring workflows, install the approval-only drafts/briefs, and hand you a simple weekly operating rhythm. No giant dashboard, no auto-send.

Worth a quick look?"
129,105,owner_or_founder | producer | small_team | smaller_revenue | verified_email | linkedin_present | strong_mortgage_fit | doc_complex_products:va | broker_local_language,READY_FOR_LINKEDIN_AND_EMAIL,Clint,Aguon,Clint Aguon,"Owner, CEO, Mortgage Broker",owner,LoanZilla,LoanZilla,clint@loanzilla.com,REAL-TIME VERIFIED ON 26 May 26,https://www.linkedin.com/in/clintaguon,Redmond,Washington,loanzilla.com,https://www.linkedin.com/company/loanzilla,2-10,3,100000-499999,,"We are a full-service mortgage company based in Kirkland, Washington with absolutely killer rates! 
If you are buying a home, we can help you realize your dream of home ownership and save you money in the process. 
If you are considering refinancing, let us help you analyze your financial profile so that you can decide on the best plan of action to meet your financial goals.

LoanZilla is a dba of Super T Financial Inc, NMLS 67412.
NMLS Consumer Access Portal: https://www.nmlsconsumeraccess.org/EntityDetails.aspx/COMPANY/67412",LoanZilla mentions complex mortgage products/workflows like: with a Washington Mortgage Broker. Use our FREE online pre-approval tool or our refinance rate checker.,daily pipeline brief; missing-doc follow-up drafts; stale borrower/realtor follow-up queue,"Hey Clint — quick specific idea.

I was looking at LoanZilla and noticed the mortgage workflow probably has a lot of borrower/doc follow-up hiding behind the scenes. LoanZilla mentions complex mortgage products/workflows like: with a Washington Mortgage Broker. Use our FREE online pre-approval tool or our refinance rate checker.

I’m testing a 7-day AIOS Quickstart for mortgage teams: 3 approval-only AI routines like daily pipeline brief, missing-doc follow-up drafts, and stale borrower/realtor follow-up queue.

No auto-sending. Just drafts, briefs, and follow-up queues your team approves.

Want me to send the 3 routines I’d set up for LoanZilla?",3 AI routines for LoanZilla,"Hey Clint,

I was looking at LoanZilla and had a specific thought. Mortgage teams usually don’t need a giant AI strategy. They need the recurring borrower/admin work to stop eating the week.

What stood out: LoanZilla mentions complex mortgage products/workflows like: with a Washington Mortgage Broker. Use our FREE online pre-approval tool or our refinance rate checker.

I’m testing a 7-day AIOS Quickstart where I install 3 approval-gated routines for mortgage teams. For LoanZilla, I’d probably start with:

1. daily pipeline brief
2. missing-doc follow-up drafts
3. stale borrower/realtor follow-up queue

Everything stays approval-only — no AI auto-sending weird emails to borrowers. It drafts, summarizes, and queues the work so your team can move faster.

Worth sending over a quick version of what I’d install?

Ryan","Quick bump, Clint — I can make this concrete for LoanZilla.

I’d map 3 recurring workflows, install the approval-only drafts/briefs, and hand you a simple weekly operating rhythm. No giant dashboard, no auto-send.

Worth a quick look?"
130,104,"senior_decision_maker | branch_manager | small_team | revenue_can_pay | linkedin_present | strong_mortgage_fit | doc_complex_products:investment,reverse,va | speed_service_language:easy",READY_FOR_LINKEDIN_NEEDS_EMAIL,Ben,Bauer,Ben Bauer,Sr Mortgage Consultant / Branch Manager,founder,Delta Lending Group,Delta Lending Group,,,https://www.linkedin.com/in/ben-bauer-61686,,,pacresmortgage.com,https://www.linkedin.com/company/deltalendinggroup,11-50,31,1000000-4999999,"mortgages, real estate, mortgage loan services, refinance, purchases, mortgage banking, reverse mortgage, fix and flip, investment, real estate investing","Delta Lending Group has been an established mortgage lending company for the last 20 years.  Delta’s reputation for quick, easy, and friendly home loans is renowned throughout the Bay Area and Sacramento Valley.    Our company mission statement of “Our why is Y.O.U” epitomizes our commitment to our Realtor partners, clients and employees.
Yielding Results for our Realtor partners
Opening doors of homeownership for our customers
Understanding the needs of our employees
The majority of our loan officers have been with Delta Lending for over 10 years and specialize in purchase, refinance and reverse mortgages.  Our mindset is relational versus transactional and we are proud to service Brentwood, Discovery Bay, Oakey, Antioch, Concord, Pleasant Hill, Walnut Creek, Roseville, Sacramento, Elk Grove, Folsom and El Dorado Hills and their surrounding areas.
“We are very proud to be the longest standing brand name in Eastern Contra Costa County.  It is a testament to our amazing staff and professional originators. We are excited about the future as we have expanded our footprint and partnered with Suzanna Ravin, chief operations officer and manager of our Roseville and Oregon branches”  Mark DiMercurio, President.
At Delta Lending Group, the experience is our product!

©2019 Delta Lending Group is a division of Finance of America Mortgage LLC |Equal Housing 
Opportunity | NMLS ID #1071 ([http://www.nmlsconsumeraccess.org)|]www.nmlsconsumeraccess.org)| 300 Welsh Road, Building 5, Horsham, PA 19044 | (800) 355-5657 | Licensed by the Department of Business Oversight under the California Residential Mortgage Lending Act
Questions, comments, concerns? Send to customerrelations@financeofamerica.com","Delta Lending Group mentions complex mortgage products/workflows like: ce, purchases, mortgage banking, reverse mortgage, fix and flip, investment, real estate investing Delta Lending Group has been an established mortgage lending compa",complex-file doc checklist; borrower doc follow-up drafts by loan type; daily pipeline brief,"Hey Ben — quick specific idea.

I was looking at Delta Lending Group and noticed the mortgage workflow probably has a lot of borrower/doc follow-up hiding behind the scenes. Delta Lending Group mentions complex mortgage products/workflows like: ce, purchases, mortgage banking, reverse mortgage, fix and flip, investment, real estate investing Delta Lending Group has been an established mortgage lending compa

I’m testing a 7-day AIOS Quickstart for mortgage teams: 3 approval-only AI routines like complex-file doc checklist, borrower doc follow-up drafts by loan type, and daily pipeline brief.

No auto-sending. Just drafts, briefs, and follow-up queues your team approves.

Want me to send the 3 routines I’d set up for Delta Lending Group?",3 AI routines for Delta Lending Group,"Hey Ben,

I was looking at Delta Lending Group and had a specific thought. Mortgage teams usually don’t need a giant AI strategy. They need the recurring borrower/admin work to stop eating the week.

What stood out: Delta Lending Group mentions complex mortgage products/workflows like: ce, purchases, mortgage banking, reverse mortgage, fix and flip, investment, real estate investing Delta Lending Group has been an established mortgage lending compa

I’m testing a 7-day AIOS Quickstart where I install 3 approval-gated routines for mortgage teams. For Delta Lending Group, I’d probably start with:

1. complex-file doc checklist
2. borrower doc follow-up drafts by loan type
3. daily pipeline brief

Everything stays approval-only — no AI auto-sending weird emails to borrowers. It drafts, summarizes, and queues the work so your team can move faster.

Worth sending over a quick version of what I’d install?

Ryan","Quick bump, Ben — I can make this concrete for Delta Lending Group.

I’d map 3 recurring workflows, install the approval-only drafts/briefs, and hand you a simple weekly operating rhythm. No giant dashboard, no auto-send.

Worth a quick look?"
131,104,"branch_manager | scaled_but_not_enterprise | revenue_can_pay | verified_email | linkedin_present | strong_mortgage_fit | doc_complex_products:jumbo,dscr,bridge,bank statement | speed_service_language:streamlined,technology,tech | broker_local_language",READY_FOR_LINKEDIN_AND_EMAIL,Keli,McClarty,Keli McClarty,Branch Manager,manager,"Premier Lending, Inc.","Premier Lending, Inc.",kmcclarty@premierlending.com,REAL-TIME VERIFIED ON 26 May 26,https://www.linkedin.com/in/keli-mcclarty-011b3913,Mount Pleasant,South Carolina,premierlending.com,https://www.linkedin.com/company/premier-lending-inc-,51-200,88,5000000-9999999,"mortgage bank, mortgage broker, home loans, conventional loans, government loans, va loans, jumbo loans, second mortgages, dscr loans, bridge loans, bank statement loans","Founded in 2009 in Charlotte, NC, with the aim of making a difference in the lives of our clients, Premier Lending, Inc. helps make the dream of owning a home a reality for everyone.

By partnering with us, you can put your trust in what we like to call The Premier Promise.

PROCESS: 
Keys in hand in 21 days! With upfront underwriting, a streamlined assembly line approach, and state-of-the-art technology, we consistently deliver on this promise or we waive the processing fees.

PEOPLE. 
Simply put, our people and our clients come first.  We are committed to providing our people the best training, tools, and culture to help them succeed, and in turn, exceed your expectations. We are also committed to giving back a portion of our profits to build homes for families in need.

PLATFORMS. 
With Premier, you'll have access to state-of-the-art technology from our online application process to our mobile app which allow you to see your real-time loan status 

PRICING. 
With Premier's low rate, you can enjoy more in life. With a wide range of industry leading products at low prices, we'll work collaboratively with you to find the right fit at the right price.

We’re always looking for opportunities to improve and expand our business. If you believe you can be an asset to our company, please feel free to explore our job opportunities. 
_______________________
Premier Lending, Inc. is an equal housing lender registered with the California Department of Real Estate (DRE) and the National Mortgage Licensing System (NMLS).
NMLS #238143 || DRE #01874583
www.nmlsconsumeraccess.org | 877-314-1499

Premier Lending, Inc is licensed by:
ARIZONA - BK - 1002240
FLORIDA - 238143
ILLINOIS - MB.6761432
MICHIGAN - FR0022365
NORTH CAROLINA - L-185038
OHIO - RM.804499.000
OREGON - ML-5837-238143
SOUTH CAROLINA - 238143
TEXAS - 238143","Premier Lending, Inc. mentions complex mortgage products/workflows like: ker, home loans, conventional loans, government loans, va loans, jumbo loans, second mortgages, dscr loans, bridge loans, bank statement loans Founded in 2009 in Cha",complex-file doc checklist; borrower doc follow-up drafts by loan type; daily pipeline brief,"Hey Keli — quick specific idea.

I was looking at Premier Lending, Inc. and noticed the mortgage workflow probably has a lot of borrower/doc follow-up hiding behind the scenes. Premier Lending, Inc. mentions complex mortgage products/workflows like: ker, home loans, conventional loans, government loans, va loans, jumbo loans, second mortgages, dscr loans, bridge loans, bank statement loans Founded in 2009 in Cha

I’m testing a 7-day AIOS Quickstart for mortgage teams: 3 approval-only AI routines like complex-file doc checklist, borrower doc follow-up drafts by loan type, and daily pipeline brief.

No auto-sending. Just drafts, briefs, and follow-up queues your team approves.

Want me to send the 3 routines I’d set up for Premier Lending, Inc.?","3 AI routines for Premier Lending, Inc.","Hey Keli,

I was looking at Premier Lending, Inc. and had a specific thought. Mortgage teams usually don’t need a giant AI strategy. They need the recurring borrower/admin work to stop eating the week.

What stood out: Premier Lending, Inc. mentions complex mortgage products/workflows like: ker, home loans, conventional loans, government loans, va loans, jumbo loans, second mortgages, dscr loans, bridge loans, bank statement loans Founded in 2009 in Cha

I’m testing a 7-day AIOS Quickstart where I install 3 approval-gated routines for mortgage teams. For Premier Lending, Inc., I’d probably start with:

1. complex-file doc checklist
2. borrower doc follow-up drafts by loan type
3. daily pipeline brief

Everything stays approval-only — no AI auto-sending weird emails to borrowers. It drafts, summarizes, and queues the work so your team can move faster.

Worth sending over a quick version of what I’d install?

Ryan","Quick bump, Keli — I can make this concrete for Premier Lending, Inc..

I’d map 3 recurring workflows, install the approval-only drafts/briefs, and hand you a simple weekly operating rhythm. No giant dashboard, no auto-send.

Worth a quick look?"
132,104,"owner_or_founder | producer | small_team | verified_email | linkedin_present | strong_mortgage_fit | doc_complex_products:fha,va | broker_local_language",READY_FOR_LINKEDIN_AND_EMAIL,Scott,McQuay,Scott McQuay,President/Owner  - Mortgage Broker,owner,"Quail Hollow Financial Services, Inc.","Quail Hollow Financial Services, Inc.",smcquay@quailhollow.us,REAL-TIME VERIFIED ON 26 May 26,https://www.linkedin.com/in/scott-mcquay-7b53b71a,Charlotte,North Carolina,http://quailhollowfinancial.com/wordpress,https://www.linkedin.com/company/quail-hollow-financial-services,2-10,2,0-99999,,"Quail Hollow Financial Services is a boutique mortgage brokerage serving North and South Carolina. Specializing in conventional, FHA, VA, and rural housing loans, we partner with national and regional lenders to offer competitive products and rates. Our commitment to exceptional service and tailored mortgage solutions has earned us a reputation for delivering superior value to our clients.","Quail Hollow Financial Services, Inc. mentions complex mortgage products/workflows like: serving North and South Carolina. Specializing in conventional, FHA, VA, and rural housing loans, we partner with national and regional lenders to offer competitive",borrower doc follow-up drafts by loan type; daily pipeline brief; missing-doc follow-up drafts,"Hey Scott — quick specific idea.

I was looking at Quail Hollow Financial Services, Inc. and noticed the mortgage workflow probably has a lot of borrower/doc follow-up hiding behind the scenes. Quail Hollow Financial Services, Inc. mentions complex mortgage products/workflows like: serving North and South Carolina. Specializing in conventional, FHA, VA, and rural housing loans, we partner with national and regional lenders to offer competitive

I’m testing a 7-day AIOS Quickstart for mortgage teams: 3 approval-only AI routines like borrower doc follow-up drafts by loan type, daily pipeline brief, and missing-doc follow-up drafts.

No auto-sending. Just drafts, briefs, and follow-up queues your team approves.

Want me to send the 3 routines I’d set up for Quail Hollow Financial Services, Inc.?","3 AI routines for Quail Hollow Financial Services, Inc.","Hey Scott,

I was looking at Quail Hollow Financial Services, Inc. and had a specific thought. Mortgage teams usually don’t need a giant AI strategy. They need the recurring borrower/admin work to stop eating the week.

What stood out: Quail Hollow Financial Services, Inc. mentions complex mortgage products/workflows like: serving North and South Carolina. Specializing in conventional, FHA, VA, and rural housing loans, we partner with national and regional lenders to offer competitive

I’m testing a 7-day AIOS Quickstart where I install 3 approval-gated routines for mortgage teams. For Quail Hollow Financial Services, Inc., I’d probably start with:

1. borrower doc follow-up drafts by loan type
2. daily pipeline brief
3. missing-doc follow-up drafts

Everything stays approval-only — no AI auto-sending weird emails to borrowers. It drafts, summarizes, and queues the work so your team can move faster.

Worth sending over a quick version of what I’d install?

Ryan","Quick bump, Scott — I can make this concrete for Quail Hollow Financial Services, Inc..

I’d map 3 recurring workflows, install the approval-only drafts/briefs, and hand you a simple weekly operating rhythm. No giant dashboard, no auto-send.

Worth a quick look?"
133,104,"branch_manager | scaled_but_not_enterprise | revenue_can_pay | verified_email | linkedin_present | strong_mortgage_fit | doc_complex_products:construction,dscr,bridge,heloc | speed_service_language:customer service | broker_local_language",READY_FOR_LINKEDIN_AND_EMAIL,Kevin,Bratcher,Kevin Bratcher,Producing Branch Manager,manager,Valor Home Loans,Valor Home Loans,kevin.bratcher@valorhl.com,REAL-TIME VERIFIED ON 26 May 26,https://www.linkedin.com/in/kevin-bratcher-11575222,Little Rock,Arkansas,valorhl.com,https://www.linkedin.com/company/valor-home-loans,51-200,48,1000000-4999999,"mortgage, home loans, conventional, fha, va, usda, construction, principal first mortgage, 100% doctor, bank statement loans, dscr, down payment assistance, bridge loans, all-in-one, foreign national, itin, heloc, heloan, reverse mortgage, float down","Boxcar Mortgage, LLC DBA Highland Mortgage NMLS# 1969375 nmlsconsumeraccess.org/EntityDetails.aspx/COMPANY/1969375

Valor Home Loans is an Independent Mortgage Banker specializing in residential home loans, with a focus on customer service and low mortgage rates.","Valor Home Loans mentions complex mortgage products/workflows like: mortgage, home loans, conventional, fha, va, usda, construction, principal first mortgage, 100% doctor, bank statement loans, dscr, down payment assist",complex-file doc checklist; construction/renovation loan condition tracker; borrower doc follow-up drafts by loan type,"Hey Kevin — quick specific idea.

I was looking at Valor Home Loans and noticed the mortgage workflow probably has a lot of borrower/doc follow-up hiding behind the scenes. Valor Home Loans mentions complex mortgage products/workflows like: mortgage, home loans, conventional, fha, va, usda, construction, principal first mortgage, 100% doctor, bank statement loans, dscr, down payment assist

I’m testing a 7-day AIOS Quickstart for mortgage teams: 3 approval-only AI routines like complex-file doc checklist, construction/renovation loan condition tracker, and borrower doc follow-up drafts by loan type.

No auto-sending. Just drafts, briefs, and follow-up queues your team approves.

Want me to send the 3 routines I’d set up for Valor Home Loans?",3 AI routines for Valor Home Loans,"Hey Kevin,

I was looking at Valor Home Loans and had a specific thought. Mortgage teams usually don’t need a giant AI strategy. They need the recurring borrower/admin work to stop eating the week.

What stood out: Valor Home Loans mentions complex mortgage products/workflows like: mortgage, home loans, conventional, fha, va, usda, construction, principal first mortgage, 100% doctor, bank statement loans, dscr, down payment assist

I’m testing a 7-day AIOS Quickstart where I install 3 approval-gated routines for mortgage teams. For Valor Home Loans, I’d probably start with:

1. complex-file doc checklist
2. construction/renovation loan condition tracker
3. borrower doc follow-up drafts by loan type

Everything stays approval-only — no AI auto-sending weird emails to borrowers. It drafts, summarizes, and queues the work so your team can move faster.

Worth sending over a quick version of what I’d install?

Ryan","Quick bump, Kevin — I can make this concrete for Valor Home Loans.

I’d map 3 recurring workflows, install the approval-only drafts/briefs, and hand you a simple weekly operating rhythm. No giant dashboard, no auto-send.

Worth a quick look?"
134,104,"branch_manager | small_team | revenue_can_pay | verified_email | linkedin_present | strong_mortgage_fit | doc_complex_products:fha,va | speed_service_language:fast,customer service | broker_local_language",READY_FOR_LINKEDIN_AND_EMAIL,Paula,Siverly,Paula Siverly,Branch Manager with Possibility Squad powered by Advantage Mortgage,manager,Advantage Mortgage Inc. nmls 1770599,Advantage Mortgage Inc. nmls 1770599,paula@findtheadvantage.com,REAL-TIME VERIFIED ON 26 May 26,https://www.linkedin.com/in/paulasiverly-possibilitysquad,Sandy,Oregon,findtheadvantage.com,https://www.linkedin.com/company/findtheadvantage,11-50,65,1000000-4999999,"mortgages, home loans, refinance, residential loans, mortgage broker","WHY be an independent wholesale broker vs a retail broker? 

Brokering myths and WHY brokering may be the right move for you!

MYTH- I won't have any control of my loans.
TRUTH- We are closing loans faster than any retail bank out there. 

MYTH- I will no longer have relationships with my underwriters.
TRUTH- You can speak to any of our underwriters at any of our wholesale lenders we work with. The lenders we work with provide the customer service, WE WANT!

MYTH- Why are retail rates always changing in the retail market? It must surely be worse when you're a broker?  
TRUTH- This is a practice that retail lenders participate in. They increase margins ever so slowly, to make more profits. Once loan officers catch on and complain, miraculously rates improve. With the independent broker model, like ours, lenders must stay sharp because they realize we are able to take our business anywhere we choose and in choice comes power.

MYTH- Bigger is always better, as in big banks have more options. 
TRUTH- Margins are higher on FHA and VA loans on retail. For example, we don't believe in charging VET's and first time homebuyers, higher interest rates to “make up,” for the losses on conventional loans. We can always do rate comparisons at any time on these products and the differences are astounding. 
 
As brokers at Advantage Mortgage, you'll always have a say. If you want to make changes or have ideas about how to do things better, we encourage it. We are in this to win this for our team and for our clients, TOGETHER! 

NMLS #1770599 | State Lic OR #ML-5737, CA #60DBO99858, ID #MBL-2081770599, WA #MB-1770599, AZ #MB-1008871
Equal Housing Lender

https://www.nmlsconsumeraccess.org/EntityDetails.aspx/COMPANY/1770599","Advantage Mortgage Inc. nmls 1770599 mentions complex mortgage products/workflows like: as in big banks have more options. TRUTH- Margins are higher on FHA and VA loans on retail. For example, we don't believe in charging VET's and first time homebuyer",borrower doc follow-up drafts by loan type; daily pipeline brief; missing-doc follow-up drafts,"Hey Paula — quick specific idea.

I was looking at Advantage Mortgage Inc. nmls 1770599 and noticed the mortgage workflow probably has a lot of borrower/doc follow-up hiding behind the scenes. Advantage Mortgage Inc. nmls 1770599 mentions complex mortgage products/workflows like: as in big banks have more options. TRUTH- Margins are higher on FHA and VA loans on retail. For example, we don't believe in charging VET's and first time homebuyer

I’m testing a 7-day AIOS Quickstart for mortgage teams: 3 approval-only AI routines like borrower doc follow-up drafts by loan type, daily pipeline brief, and missing-doc follow-up drafts.

No auto-sending. Just drafts, briefs, and follow-up queues your team approves.

Want me to send the 3 routines I’d set up for Advantage Mortgage Inc. nmls 1770599?",3 AI routines for Advantage Mortgage Inc. nmls 1770599,"Hey Paula,

I was looking at Advantage Mortgage Inc. nmls 1770599 and had a specific thought. Mortgage teams usually don’t need a giant AI strategy. They need the recurring borrower/admin work to stop eating the week.

What stood out: Advantage Mortgage Inc. nmls 1770599 mentions complex mortgage products/workflows like: as in big banks have more options. TRUTH- Margins are higher on FHA and VA loans on retail. For example, we don't believe in charging VET's and first time homebuyer

I’m testing a 7-day AIOS Quickstart where I install 3 approval-gated routines for mortgage teams. For Advantage Mortgage Inc. nmls 1770599, I’d probably start with:

1. borrower doc follow-up drafts by loan type
2. daily pipeline brief
3. missing-doc follow-up drafts

Everything stays approval-only — no AI auto-sending weird emails to borrowers. It drafts, summarizes, and queues the work so your team can move faster.

Worth sending over a quick version of what I’d install?

Ryan","Quick bump, Paula — I can make this concrete for Advantage Mortgage Inc. nmls 1770599.

I’d map 3 recurring workflows, install the approval-only drafts/briefs, and hand you a simple weekly operating rhythm. No giant dashboard, no auto-send.

Worth a quick look?"
135,104,"branch_manager | small_team | revenue_can_pay | verified_email | linkedin_present | strong_mortgage_fit | doc_complex_products:fha,va | speed_service_language:fast,customer service | broker_local_language",READY_FOR_LINKEDIN_AND_EMAIL,Kristin,Babik,Kristin Babik,Branch Manager,manager,Advantage Mortgage Inc. nmls 1770599,Advantage Mortgage Inc. nmls 1770599,kbabik@findtheadvantage.com,REAL-TIME VERIFIED ON 26 May 26,https://www.linkedin.com/in/kristin-babik-62366152,Greater Houston,,findtheadvantage.com,https://www.linkedin.com/company/findtheadvantage,11-50,65,1000000-4999999,"mortgages, home loans, refinance, residential loans, mortgage broker","WHY be an independent wholesale broker vs a retail broker? 

Brokering myths and WHY brokering may be the right move for you!

MYTH- I won't have any control of my loans.
TRUTH- We are closing loans faster than any retail bank out there. 

MYTH- I will no longer have relationships with my underwriters.
TRUTH- You can speak to any of our underwriters at any of our wholesale lenders we work with. The lenders we work with provide the customer service, WE WANT!

MYTH- Why are retail rates always changing in the retail market? It must surely be worse when you're a broker?  
TRUTH- This is a practice that retail lenders participate in. They increase margins ever so slowly, to make more profits. Once loan officers catch on and complain, miraculously rates improve. With the independent broker model, like ours, lenders must stay sharp because they realize we are able to take our business anywhere we choose and in choice comes power.

MYTH- Bigger is always better, as in big banks have more options. 
TRUTH- Margins are higher on FHA and VA loans on retail. For example, we don't believe in charging VET's and first time homebuyers, higher interest rates to “make up,” for the losses on conventional loans. We can always do rate comparisons at any time on these products and the differences are astounding. 
 
As brokers at Advantage Mortgage, you'll always have a say. If you want to make changes or have ideas about how to do things better, we encourage it. We are in this to win this for our team and for our clients, TOGETHER! 

NMLS #1770599 | State Lic OR #ML-5737, CA #60DBO99858, ID #MBL-2081770599, WA #MB-1770599, AZ #MB-1008871
Equal Housing Lender

https://www.nmlsconsumeraccess.org/EntityDetails.aspx/COMPANY/1770599","Advantage Mortgage Inc. nmls 1770599 mentions complex mortgage products/workflows like: as in big banks have more options. TRUTH- Margins are higher on FHA and VA loans on retail. For example, we don't believe in charging VET's and first time homebuyer",borrower doc follow-up drafts by loan type; daily pipeline brief; missing-doc follow-up drafts,"Hey Kristin — quick specific idea.

I was looking at Advantage Mortgage Inc. nmls 1770599 and noticed the mortgage workflow probably has a lot of borrower/doc follow-up hiding behind the scenes. Advantage Mortgage Inc. nmls 1770599 mentions complex mortgage products/workflows like: as in big banks have more options. TRUTH- Margins are higher on FHA and VA loans on retail. For example, we don't believe in charging VET's and first time homebuyer

I’m testing a 7-day AIOS Quickstart for mortgage teams: 3 approval-only AI routines like borrower doc follow-up drafts by loan type, daily pipeline brief, and missing-doc follow-up drafts.

No auto-sending. Just drafts, briefs, and follow-up queues your team approves.

Want me to send the 3 routines I’d set up for Advantage Mortgage Inc. nmls 1770599?",3 AI routines for Advantage Mortgage Inc. nmls 1770599,"Hey Kristin,

I was looking at Advantage Mortgage Inc. nmls 1770599 and had a specific thought. Mortgage teams usually don’t need a giant AI strategy. They need the recurring borrower/admin work to stop eating the week.

What stood out: Advantage Mortgage Inc. nmls 1770599 mentions complex mortgage products/workflows like: as in big banks have more options. TRUTH- Margins are higher on FHA and VA loans on retail. For example, we don't believe in charging VET's and first time homebuyer

I’m testing a 7-day AIOS Quickstart where I install 3 approval-gated routines for mortgage teams. For Advantage Mortgage Inc. nmls 1770599, I’d probably start with:

1. borrower doc follow-up drafts by loan type
2. daily pipeline brief
3. missing-doc follow-up drafts

Everything stays approval-only — no AI auto-sending weird emails to borrowers. It drafts, summarizes, and queues the work so your team can move faster.

Worth sending over a quick version of what I’d install?

Ryan","Quick bump, Kristin — I can make this concrete for Advantage Mortgage Inc. nmls 1770599.

I’d map 3 recurring workflows, install the approval-only drafts/briefs, and hand you a simple weekly operating rhythm. No giant dashboard, no auto-send.

Worth a quick look?"
136,104,"branch_manager | scaled_but_not_enterprise | revenue_can_pay | verified_email | linkedin_present | strong_mortgage_fit | doc_complex_products:jumbo,dscr,bridge,bank statement | speed_service_language:streamlined,technology,tech | broker_local_language",READY_FOR_LINKEDIN_AND_EMAIL,Nathan,Carver,Nathan Carver,Branch Manager,manager,"Premier Lending, Inc.","Premier Lending, Inc.",ncarver@premierlending.com,REAL-TIME VERIFIED ON 26 May 26,https://www.linkedin.com/in/natecarver,Van Alstyne,Texas,premierlending.com,https://www.linkedin.com/company/premier-lending-inc-,51-200,88,5000000-9999999,"mortgage bank, mortgage broker, home loans, conventional loans, government loans, va loans, jumbo loans, second mortgages, dscr loans, bridge loans, bank statement loans","Founded in 2009 in Charlotte, NC, with the aim of making a difference in the lives of our clients, Premier Lending, Inc. helps make the dream of owning a home a reality for everyone.

By partnering with us, you can put your trust in what we like to call The Premier Promise.

PROCESS: 
Keys in hand in 21 days! With upfront underwriting, a streamlined assembly line approach, and state-of-the-art technology, we consistently deliver on this promise or we waive the processing fees.

PEOPLE. 
Simply put, our people and our clients come first.  We are committed to providing our people the best training, tools, and culture to help them succeed, and in turn, exceed your expectations. We are also committed to giving back a portion of our profits to build homes for families in need.

PLATFORMS. 
With Premier, you'll have access to state-of-the-art technology from our online application process to our mobile app which allow you to see your real-time loan status 

PRICING. 
With Premier's low rate, you can enjoy more in life. With a wide range of industry leading products at low prices, we'll work collaboratively with you to find the right fit at the right price.

We’re always looking for opportunities to improve and expand our business. If you believe you can be an asset to our company, please feel free to explore our job opportunities. 
_______________________
Premier Lending, Inc. is an equal housing lender registered with the California Department of Real Estate (DRE) and the National Mortgage Licensing System (NMLS).
NMLS #238143 || DRE #01874583
www.nmlsconsumeraccess.org | 877-314-1499

Premier Lending, Inc is licensed by:
ARIZONA - BK - 1002240
FLORIDA - 238143
ILLINOIS - MB.6761432
MICHIGAN - FR0022365
NORTH CAROLINA - L-185038
OHIO - RM.804499.000
OREGON - ML-5837-238143
SOUTH CAROLINA - 238143
TEXAS - 238143","Premier Lending, Inc. mentions complex mortgage products/workflows like: ker, home loans, conventional loans, government loans, va loans, jumbo loans, second mortgages, dscr loans, bridge loans, bank statement loans Founded in 2009 in Cha",complex-file doc checklist; borrower doc follow-up drafts by loan type; daily pipeline brief,"Hey Nathan — quick specific idea.

I was looking at Premier Lending, Inc. and noticed the mortgage workflow probably has a lot of borrower/doc follow-up hiding behind the scenes. Premier Lending, Inc. mentions complex mortgage products/workflows like: ker, home loans, conventional loans, government loans, va loans, jumbo loans, second mortgages, dscr loans, bridge loans, bank statement loans Founded in 2009 in Cha

I’m testing a 7-day AIOS Quickstart for mortgage teams: 3 approval-only AI routines like complex-file doc checklist, borrower doc follow-up drafts by loan type, and daily pipeline brief.

No auto-sending. Just drafts, briefs, and follow-up queues your team approves.

Want me to send the 3 routines I’d set up for Premier Lending, Inc.?","3 AI routines for Premier Lending, Inc.","Hey Nathan,

I was looking at Premier Lending, Inc. and had a specific thought. Mortgage teams usually don’t need a giant AI strategy. They need the recurring borrower/admin work to stop eating the week.

What stood out: Premier Lending, Inc. mentions complex mortgage products/workflows like: ker, home loans, conventional loans, government loans, va loans, jumbo loans, second mortgages, dscr loans, bridge loans, bank statement loans Founded in 2009 in Cha

I’m testing a 7-day AIOS Quickstart where I install 3 approval-gated routines for mortgage teams. For Premier Lending, Inc., I’d probably start with:

1. complex-file doc checklist
2. borrower doc follow-up drafts by loan type
3. daily pipeline brief

Everything stays approval-only — no AI auto-sending weird emails to borrowers. It drafts, summarizes, and queues the work so your team can move faster.

Worth sending over a quick version of what I’d install?

Ryan","Quick bump, Nathan — I can make this concrete for Premier Lending, Inc..

I’d map 3 recurring workflows, install the approval-only drafts/briefs, and hand you a simple weekly operating rhythm. No giant dashboard, no auto-send.

Worth a quick look?"
137,104,"branch_manager | scaled_but_not_enterprise | revenue_can_pay | verified_email | linkedin_present | strong_mortgage_fit | doc_complex_products:construction,dscr,bridge,heloc | speed_service_language:customer service | broker_local_language",READY_FOR_LINKEDIN_AND_EMAIL,Bobby,Kurpinsky,Bobby Kurpinsky,Branch Manager,manager,Valor Home Loans,Valor Home Loans,bobby.kurpinsky@valorhl.com,REAL-TIME VERIFIED ON 26 May 26,https://www.linkedin.com/in/bobby-kurpinsky-7924801,Denver,Colorado,valorhl.com,https://www.linkedin.com/company/valor-home-loans,51-200,48,1000000-4999999,"mortgage, home loans, conventional, fha, va, usda, construction, principal first mortgage, 100% doctor, bank statement loans, dscr, down payment assistance, bridge loans, all-in-one, foreign national, itin, heloc, heloan, reverse mortgage, float down","Boxcar Mortgage, LLC DBA Highland Mortgage NMLS# 1969375 nmlsconsumeraccess.org/EntityDetails.aspx/COMPANY/1969375

Valor Home Loans is an Independent Mortgage Banker specializing in residential home loans, with a focus on customer service and low mortgage rates.","Valor Home Loans mentions complex mortgage products/workflows like: mortgage, home loans, conventional, fha, va, usda, construction, principal first mortgage, 100% doctor, bank statement loans, dscr, down payment assist",complex-file doc checklist; construction/renovation loan condition tracker; borrower doc follow-up drafts by loan type,"Hey Bobby — quick specific idea.

I was looking at Valor Home Loans and noticed the mortgage workflow probably has a lot of borrower/doc follow-up hiding behind the scenes. Valor Home Loans mentions complex mortgage products/workflows like: mortgage, home loans, conventional, fha, va, usda, construction, principal first mortgage, 100% doctor, bank statement loans, dscr, down payment assist

I’m testing a 7-day AIOS Quickstart for mortgage teams: 3 approval-only AI routines like complex-file doc checklist, construction/renovation loan condition tracker, and borrower doc follow-up drafts by loan type.

No auto-sending. Just drafts, briefs, and follow-up queues your team approves.

Want me to send the 3 routines I’d set up for Valor Home Loans?",3 AI routines for Valor Home Loans,"Hey Bobby,

I was looking at Valor Home Loans and had a specific thought. Mortgage teams usually don’t need a giant AI strategy. They need the recurring borrower/admin work to stop eating the week.

What stood out: Valor Home Loans mentions complex mortgage products/workflows like: mortgage, home loans, conventional, fha, va, usda, construction, principal first mortgage, 100% doctor, bank statement loans, dscr, down payment assist

I’m testing a 7-day AIOS Quickstart where I install 3 approval-gated routines for mortgage teams. For Valor Home Loans, I’d probably start with:

1. complex-file doc checklist
2. construction/renovation loan condition tracker
3. borrower doc follow-up drafts by loan type

Everything stays approval-only — no AI auto-sending weird emails to borrowers. It drafts, summarizes, and queues the work so your team can move faster.

Worth sending over a quick version of what I’d install?

Ryan","Quick bump, Bobby — I can make this concrete for Valor Home Loans.

I’d map 3 recurring workflows, install the approval-only drafts/briefs, and hand you a simple weekly operating rhythm. No giant dashboard, no auto-send.

Worth a quick look?"
138,104,"branch_manager | scaled_but_not_enterprise | revenue_can_pay | verified_email | linkedin_present | strong_mortgage_fit | doc_complex_products:construction,dscr,bridge,heloc | speed_service_language:customer service | broker_local_language",READY_FOR_LINKEDIN_AND_EMAIL,Justin,Freedman,Justin Freedman,Branch Manager,manager,Valor Home Loans,Valor Home Loans,justin.freedman@valorhl.com,REAL-TIME VERIFIED ON 26 May 26,https://www.linkedin.com/in/justin-freedman-b45740356,Morristown,New Jersey,valorhl.com,https://www.linkedin.com/company/valor-home-loans,51-200,48,1000000-4999999,"mortgage, home loans, conventional, fha, va, usda, construction, principal first mortgage, 100% doctor, bank statement loans, dscr, down payment assistance, bridge loans, all-in-one, foreign national, itin, heloc, heloan, reverse mortgage, float down","Boxcar Mortgage, LLC DBA Highland Mortgage NMLS# 1969375 nmlsconsumeraccess.org/EntityDetails.aspx/COMPANY/1969375

Valor Home Loans is an Independent Mortgage Banker specializing in residential home loans, with a focus on customer service and low mortgage rates.","Valor Home Loans mentions complex mortgage products/workflows like: mortgage, home loans, conventional, fha, va, usda, construction, principal first mortgage, 100% doctor, bank statement loans, dscr, down payment assist",complex-file doc checklist; construction/renovation loan condition tracker; borrower doc follow-up drafts by loan type,"Hey Justin — quick specific idea.

I was looking at Valor Home Loans and noticed the mortgage workflow probably has a lot of borrower/doc follow-up hiding behind the scenes. Valor Home Loans mentions complex mortgage products/workflows like: mortgage, home loans, conventional, fha, va, usda, construction, principal first mortgage, 100% doctor, bank statement loans, dscr, down payment assist

I’m testing a 7-day AIOS Quickstart for mortgage teams: 3 approval-only AI routines like complex-file doc checklist, construction/renovation loan condition tracker, and borrower doc follow-up drafts by loan type.

No auto-sending. Just drafts, briefs, and follow-up queues your team approves.

Want me to send the 3 routines I’d set up for Valor Home Loans?",3 AI routines for Valor Home Loans,"Hey Justin,

I was looking at Valor Home Loans and had a specific thought. Mortgage teams usually don’t need a giant AI strategy. They need the recurring borrower/admin work to stop eating the week.

What stood out: Valor Home Loans mentions complex mortgage products/workflows like: mortgage, home loans, conventional, fha, va, usda, construction, principal first mortgage, 100% doctor, bank statement loans, dscr, down payment assist

I’m testing a 7-day AIOS Quickstart where I install 3 approval-gated routines for mortgage teams. For Valor Home Loans, I’d probably start with:

1. complex-file doc checklist
2. construction/renovation loan condition tracker
3. borrower doc follow-up drafts by loan type

Everything stays approval-only — no AI auto-sending weird emails to borrowers. It drafts, summarizes, and queues the work so your team can move faster.

Worth sending over a quick version of what I’d install?

Ryan","Quick bump, Justin — I can make this concrete for Valor Home Loans.

I’d map 3 recurring workflows, install the approval-only drafts/briefs, and hand you a simple weekly operating rhythm. No giant dashboard, no auto-send.

Worth a quick look?"
139,103,owner_or_founder | producer | small_team | smaller_revenue | verified_email | linkedin_present | strong_mortgage_fit | speed_service_language:fast | broker_local_language,READY_FOR_LINKEDIN_AND_EMAIL,Jennifer,Tulcan,Jennifer Tulcan,Broker Owner/Loan Officer,senior,Connect Mortgage LLC,Connect Mortgage LLC,jtulcan@connect-mortgage.com,REAL-TIME VERIFIED ON 25 May 26,https://www.linkedin.com/in/jennifertulcan,Scottsdale,Arizona,connect-mortgage.com,https://www.linkedin.com/company/connect-mortgage-llc,2-10,18,500000-999999,,"At Connect Mortgage LLC, we’ll do all the work of comparing rates on your behalf. This way, we’ll get you low-rate, low-cost mortgage, plus fast closing. Whether you need to buy, sell, refinance, or build your ideal home in we can help.","Connect Mortgage LLC emphasizes speed/service/efficiency: ehalf. This way, we’ll get you low-rate, low-cost mortgage, plus fast closing. Whether you need to buy, sell, refinance, or build your ideal home in we can help. Bes",daily pipeline brief; missing-doc follow-up drafts; stale borrower/realtor follow-up queue,"Hey Jennifer — quick specific idea.

I was looking at Connect Mortgage LLC and noticed the mortgage workflow probably has a lot of borrower/doc follow-up hiding behind the scenes. Connect Mortgage LLC emphasizes speed/service/efficiency: ehalf. This way, we’ll get you low-rate, low-cost mortgage, plus fast closing. Whether you need to buy, sell, refinance, or build your ideal home in we can help. Bes

I’m testing a 7-day AIOS Quickstart for mortgage teams: 3 approval-only AI routines like daily pipeline brief, missing-doc follow-up drafts, and stale borrower/realtor follow-up queue.

No auto-sending. Just drafts, briefs, and follow-up queues your team approves.

Want me to send the 3 routines I’d set up for Connect Mortgage LLC?",3 AI routines for Connect Mortgage LLC,"Hey Jennifer,

I was looking at Connect Mortgage LLC and had a specific thought. Mortgage teams usually don’t need a giant AI strategy. They need the recurring borrower/admin work to stop eating the week.

What stood out: Connect Mortgage LLC emphasizes speed/service/efficiency: ehalf. This way, we’ll get you low-rate, low-cost mortgage, plus fast closing. Whether you need to buy, sell, refinance, or build your ideal home in we can help. Bes

I’m testing a 7-day AIOS Quickstart where I install 3 approval-gated routines for mortgage teams. For Connect Mortgage LLC, I’d probably start with:

1. daily pipeline brief
2. missing-doc follow-up drafts
3. stale borrower/realtor follow-up queue

Everything stays approval-only — no AI auto-sending weird emails to borrowers. It drafts, summarizes, and queues the work so your team can move faster.

Worth sending over a quick version of what I’d install?

Ryan","Quick bump, Jennifer — I can make this concrete for Connect Mortgage LLC.

I’d map 3 recurring workflows, install the approval-only drafts/briefs, and hand you a simple weekly operating rhythm. No giant dashboard, no auto-send.

Worth a quick look?"
140,103,"owner_or_founder | producer | small_team | verified_email | linkedin_present | strong_mortgage_fit | doc_complex_products:va | speed_service_language:fast,communication,smooth | broker_local_language",READY_FOR_LINKEDIN_AND_EMAIL,Steven,Shanks,Steven Shanks,Principal Mortgage Broker,senior,Local Pro Mortgages,Local Pro Mortgages,shanks@localpromortgages.com,REAL-TIME VERIFIED ON 26 May 26,https://www.linkedin.com/in/stevenshanks,Dallas-fort Worth Metroplex,,https://www.localpromortgages.com,https://www.linkedin.com/company/local-pro-mortgages,2-10,1,,,"Local Pro Mortgages is a local-first mortgage brokerage helping homebuyers and homeowners get the right loan with clear guidance and responsive service. We shop a wide network of lenders to find competitive options and the best fit for your goals—whether you’re buying your first home, moving up, refinancing, or investing. Our process is built around fast communication, straightforward education, and a smooth path from pre-approval to closing.","Local Pro Mortgages mentions complex mortgage products/workflows like: tion, straightforward education, and a smooth path from pre-approval to closing.",borrower doc follow-up drafts by loan type; daily pipeline brief; missing-doc follow-up drafts,"Hey Steven — quick specific idea.

I was looking at Local Pro Mortgages and noticed the mortgage workflow probably has a lot of borrower/doc follow-up hiding behind the scenes. Local Pro Mortgages mentions complex mortgage products/workflows like: tion, straightforward education, and a smooth path from pre-approval to closing.

I’m testing a 7-day AIOS Quickstart for mortgage teams: 3 approval-only AI routines like borrower doc follow-up drafts by loan type, daily pipeline brief, and missing-doc follow-up drafts.

No auto-sending. Just drafts, briefs, and follow-up queues your team approves.

Want me to send the 3 routines I’d set up for Local Pro Mortgages?",3 AI routines for Local Pro Mortgages,"Hey Steven,

I was looking at Local Pro Mortgages and had a specific thought. Mortgage teams usually don’t need a giant AI strategy. They need the recurring borrower/admin work to stop eating the week.

What stood out: Local Pro Mortgages mentions complex mortgage products/workflows like: tion, straightforward education, and a smooth path from pre-approval to closing.

I’m testing a 7-day AIOS Quickstart where I install 3 approval-gated routines for mortgage teams. For Local Pro Mortgages, I’d probably start with:

1. borrower doc follow-up drafts by loan type
2. daily pipeline brief
3. missing-doc follow-up drafts

Everything stays approval-only — no AI auto-sending weird emails to borrowers. It drafts, summarizes, and queues the work so your team can move faster.

Worth sending over a quick version of what I’d install?

Ryan","Quick bump, Steven — I can make this concrete for Local Pro Mortgages.

I’d map 3 recurring workflows, install the approval-only drafts/briefs, and hand you a simple weekly operating rhythm. No giant dashboard, no auto-send.

Worth a quick look?"
141,103,"branch_manager | small_team | revenue_can_pay | verified_email | linkedin_present | strong_mortgage_fit | doc_complex_products:jumbo,investor,hard money,fha | broker_local_language",READY_FOR_LINKEDIN_AND_EMAIL,David,Mangiapane Jr.,David Mangiapane Jr.,Branch Manager and Mortgage Advisor,manager,Radiant Financial Group LLC,Radiant Financial Group LLC,david@radiantfg.com,REAL-TIME VERIFIED ON 26 May 26,https://www.linkedin.com/in/davecanhelpyou,Phoenix,Arizona,radiantfg.com,https://www.linkedin.com/company/radiant-financial-group-llc,2-10,19,1000000-4999999,"investor financing, first time home buyers, conventional, fha, va, usda , hard money","We are about relationship lending.  At Radiant Financial Group, our clients are not just another transaction. We strive to satisfy each customer so completely that they will tell their friends and family members about how much they enjoyed working with us. In fact, 80% of our business comes from customer referrals. Our clients are our most valued asset.

We take the frustration out of the loan process - No Surprises. Radiant Financial Group is more than just a broker. We ensure an accurate and timely closing process because we work with the industry leaders in lending. Our in house processing team is so thorough and advanced that we know what to expect before we submit to underwriting. This ensures speedy and accurate closings for our clients.

We are industry leaders. Our team of Licensed Loan Orginators are here to help guide you through the process.  We strive to learn the specific needs of each client to then tailor our services to meet those needs. Our vast experience in the business provides you with our extended network of service professionals to help bring the big picture into focus.","Radiant Financial Group LLC mentions complex mortgage products/workflows like: nce for first-time homebuyers, VA loans, conventional loans, and jumbo loans in Arizona, California, Montana, and Idaho. Contact us today for expert mortgage advice.",borrower doc follow-up drafts by loan type; daily pipeline brief; missing-doc follow-up drafts,"Hey David — quick specific idea.

I was looking at Radiant Financial Group LLC and noticed the mortgage workflow probably has a lot of borrower/doc follow-up hiding behind the scenes. Radiant Financial Group LLC mentions complex mortgage products/workflows like: nce for first-time homebuyers, VA loans, conventional loans, and jumbo loans in Arizona, California, Montana, and Idaho. Contact us today for expert mortgage advice.

I’m testing a 7-day AIOS Quickstart for mortgage teams: 3 approval-only AI routines like borrower doc follow-up drafts by loan type, daily pipeline brief, and missing-doc follow-up drafts.

No auto-sending. Just drafts, briefs, and follow-up queues your team approves.

Want me to send the 3 routines I’d set up for Radiant Financial Group LLC?",3 AI routines for Radiant Financial Group LLC,"Hey David,

I was looking at Radiant Financial Group LLC and had a specific thought. Mortgage teams usually don’t need a giant AI strategy. They need the recurring borrower/admin work to stop eating the week.

What stood out: Radiant Financial Group LLC mentions complex mortgage products/workflows like: nce for first-time homebuyers, VA loans, conventional loans, and jumbo loans in Arizona, California, Montana, and Idaho. Contact us today for expert mortgage advice.

I’m testing a 7-day AIOS Quickstart where I install 3 approval-gated routines for mortgage teams. For Radiant Financial Group LLC, I’d probably start with:

1. borrower doc follow-up drafts by loan type
2. daily pipeline brief
3. missing-doc follow-up drafts

Everything stays approval-only — no AI auto-sending weird emails to borrowers. It drafts, summarizes, and queues the work so your team can move faster.

Worth sending over a quick version of what I’d install?

Ryan","Quick bump, David — I can make this concrete for Radiant Financial Group LLC.

I’d map 3 recurring workflows, install the approval-only drafts/briefs, and hand you a simple weekly operating rhythm. No giant dashboard, no auto-send.

Worth a quick look?"
142,103,"branch_manager | producer | small_team | revenue_can_pay | linkedin_present | strong_mortgage_fit | doc_complex_products:jumbo,fha,va,usda | speed_service_language:transparent | broker_local_language",READY_FOR_LINKEDIN_NEEDS_EMAIL,Rob,"Miller, CMHS MLOP","Rob Miller, CMHS MLOP",Branch Manager/ Senior Loan Officer NMLS #239865,senior,"ProVisor, Inc.","ProVisor, Inc.",,,https://www.linkedin.com/in/madcityhomeloans,Greater Madison Area,,provisor.com,https://www.linkedin.com/company/provisor-inc,11-50,31,1000000-4999999,"mortgage broker, mortgage banker, low rates, low fees, local decisions, wheda, va, fha, usda, jumbo, conventional, refi","ProVisor is your Transparent Mortgage Lender with over 25 years of experience, a wealth of knowledge, and a true passion for helping you navigate the mortgage financing process. Whether you’re a first-time homebuyer, refinancing your current home, or looking to secure the right loan for your future, we understand that each financial situation is unique and can evolve over time.

At ProVisor and Veterans America, we believe the home-buying process should be clear and stress-free. Our client experience is built on our Transparent Mortgage Solutions℠, ensuring you have all the information you need every step of the way.

We offer a variety of mortgage solutions to meet your specific needs, including:

- Conventional Loans
- FHA Loans
- VA Loans (via Veterans America)
- USDA Loans
- WHEDA Loans
- Refinancing Options
- First-Time Home Buyer Programs
- Adjustable and Fixed Rate Loans

ProVisor is licensed to serve clients nationwide, providing exceptional service and the best mortgage solutions wherever you are. While we have a broad reach, we maintain deep roots in the communities we serve with physical offices in:

- Wisconsin: Brookfield, Madison, East Troy, and Watertown
- Texas
- Washington State

With a variety of home mortgage loans to choose from, ProVisor is sure to have the best transparent mortgage solution for you.

Connect with us today to start your journey. Website: provisor.com

ProVisor, Inc. is an Equal Housing Opportunity Lender. NMLS 1802853.","ProVisor, Inc. mentions complex mortgage products/workflows like: ker, low rates, low fees, local decisions, wheda, va, fha, usda, jumbo, conventional, refi ProVisor is your Transparent Mortgage Lender with over 25 years of experie",complex-file doc checklist; borrower doc follow-up drafts by loan type; daily pipeline brief,"Hey Rob — quick specific idea.

I was looking at ProVisor, Inc. and noticed the mortgage workflow probably has a lot of borrower/doc follow-up hiding behind the scenes. ProVisor, Inc. mentions complex mortgage products/workflows like: ker, low rates, low fees, local decisions, wheda, va, fha, usda, jumbo, conventional, refi ProVisor is your Transparent Mortgage Lender with over 25 years of experie

I’m testing a 7-day AIOS Quickstart for mortgage teams: 3 approval-only AI routines like complex-file doc checklist, borrower doc follow-up drafts by loan type, and daily pipeline brief.

No auto-sending. Just drafts, briefs, and follow-up queues your team approves.

Want me to send the 3 routines I’d set up for ProVisor, Inc.?","3 AI routines for ProVisor, Inc.","Hey Rob,

I was looking at ProVisor, Inc. and had a specific thought. Mortgage teams usually don’t need a giant AI strategy. They need the recurring borrower/admin work to stop eating the week.

What stood out: ProVisor, Inc. mentions complex mortgage products/workflows like: ker, low rates, low fees, local decisions, wheda, va, fha, usda, jumbo, conventional, refi ProVisor is your Transparent Mortgage Lender with over 25 years of experie

I’m testing a 7-day AIOS Quickstart where I install 3 approval-gated routines for mortgage teams. For ProVisor, Inc., I’d probably start with:

1. complex-file doc checklist
2. borrower doc follow-up drafts by loan type
3. daily pipeline brief

Everything stays approval-only — no AI auto-sending weird emails to borrowers. It drafts, summarizes, and queues the work so your team can move faster.

Worth sending over a quick version of what I’d install?

Ryan","Quick bump, Rob — I can make this concrete for ProVisor, Inc..

I’d map 3 recurring workflows, install the approval-only drafts/briefs, and hand you a simple weekly operating rhythm. No giant dashboard, no auto-send.

Worth a quick look?"
143,103,"branch_manager | small_team | revenue_can_pay | verified_email | linkedin_present | strong_mortgage_fit | doc_complex_products:construction,commercial,investment,va | speed_service_language:technology,tech",READY_FOR_LINKEDIN_AND_EMAIL,Jason,Zandman,Jason Zandman,Branch Manager,manager,Clear 2 Close Home Loans,Clear 2 Close Home Loans,jason@clear2closehomeloans.com,REAL-TIME VERIFIED ON 26 May 26,https://www.linkedin.com/in/jason-zandman-68887a8,St Augustine,Florida,clear2closehomeloans.com,https://www.linkedin.com/company/clear-2-close-home-loans,11-50,38,1000000-4999999,"home loans, finance, mortgages, real estate, foreign home buyers, refinance, first time home buyers, low interest rates","Clear 2 Close Home Loans uses the latest in online technology to provide you with the most competitive rates in the industry! We use a virtual platform to help keep our cost low and pass the savings onto the customer

Clear 2 Close Home Loans is a privately held mortgage banking corporation licensed in the State of Florida. We provide home purchases and refinances for residential homes, new construction loans, commercial, investment or foreign national loans.","Clear 2 Close Home Loans mentions complex mortgage products/workflows like: provide home purchases and refinances for residential homes, new construction loans, commercial, investment or foreign national loans.",complex-file doc checklist; construction/renovation loan condition tracker; borrower doc follow-up drafts by loan type,"Hey Jason — quick specific idea.

I was looking at Clear 2 Close Home Loans and noticed the mortgage workflow probably has a lot of borrower/doc follow-up hiding behind the scenes. Clear 2 Close Home Loans mentions complex mortgage products/workflows like: provide home purchases and refinances for residential homes, new construction loans, commercial, investment or foreign national loans.

I’m testing a 7-day AIOS Quickstart for mortgage teams: 3 approval-only AI routines like complex-file doc checklist, construction/renovation loan condition tracker, and borrower doc follow-up drafts by loan type.

No auto-sending. Just drafts, briefs, and follow-up queues your team approves.

Want me to send the 3 routines I’d set up for Clear 2 Close Home Loans?",3 AI routines for Clear 2 Close Home Loans,"Hey Jason,

I was looking at Clear 2 Close Home Loans and had a specific thought. Mortgage teams usually don’t need a giant AI strategy. They need the recurring borrower/admin work to stop eating the week.

What stood out: Clear 2 Close Home Loans mentions complex mortgage products/workflows like: provide home purchases and refinances for residential homes, new construction loans, commercial, investment or foreign national loans.

I’m testing a 7-day AIOS Quickstart where I install 3 approval-gated routines for mortgage teams. For Clear 2 Close Home Loans, I’d probably start with:

1. complex-file doc checklist
2. construction/renovation loan condition tracker
3. borrower doc follow-up drafts by loan type

Everything stays approval-only — no AI auto-sending weird emails to borrowers. It drafts, summarizes, and queues the work so your team can move faster.

Worth sending over a quick version of what I’d install?

Ryan","Quick bump, Jason — I can make this concrete for Clear 2 Close Home Loans.

I’d map 3 recurring workflows, install the approval-only drafts/briefs, and hand you a simple weekly operating rhythm. No giant dashboard, no auto-send.

Worth a quick look?"
144,103,"branch_manager | scaled_but_not_enterprise | revenue_can_pay | verified_email | linkedin_present | strong_mortgage_fit | doc_complex_products:non-qm,jumbo,fha,va | speed_service_language:fast,efficient,technology,tech",READY_FOR_LINKEDIN_AND_EMAIL,Michael,Dresevic,Michael Dresevic,Branch Manager,manager,Lender Express Mortgage,Lender Express Mortgage,mdresevic@lenderexpressmortgage.com,REAL-TIME VERIFIED ON 26 May 26,https://www.linkedin.com/in/michael-dresevic-0a996b104,Fort Worth,Texas,lenderexpressmortgage.com,https://www.linkedin.com/company/lender-express-mortgage,51-200,38,1000000-4999999,"home loans, mortgages, refinance","Who is Lender Express?

Based in Arizona, the owners of Lender Express have spent the past two decades offering professional services to prospective and existing homeowners in order to help their customers experience the benefits of affordable homeownership.

Why Lender Express?

Low Rates

We believe that it is vital to be able to provide our customers access to the lowest rates in order to increase your buying power and improve your financial health.

Fast Loans

We strive to deliver a fast and easy loan process through the combination of experience and technology.  We work efficiently by giving proper loan advice upfront, responding quickly and expediting our processing and underwriting.

Exceptional Service

We are committed to providing exceptional service to you, our customer.  Our goal is to provide you the best home loan experience. That is why we always attempt to foresee potential obstacles in the loan approval process and deal with them before they become a potential challenge.  It is our mission to keep at bay any potential stress, frustration and anxiety that compromises the joy of the home buying experience.     

Extensive Products

We make sure that we have access to a wide spectrum of cutting-edge mortgage products to make sure we can offer more options to our diverse customer base.  Our portfolio of loan products include traditional products such as conventional, FHA, VA, USDA, jumbo loans, down payment assistance, non-QM, alternative income documentation and more.","Lender Express Mortgage mentions complex mortgage products/workflows like: nventional, FHA, VA, USDA, jumbo loans, down payment assistance, non-QM, alternative income documentation and more.",complex-file doc checklist; borrower doc follow-up drafts by loan type; daily pipeline brief,"Hey Michael — quick specific idea.

I was looking at Lender Express Mortgage and noticed the mortgage workflow probably has a lot of borrower/doc follow-up hiding behind the scenes. Lender Express Mortgage mentions complex mortgage products/workflows like: nventional, FHA, VA, USDA, jumbo loans, down payment assistance, non-QM, alternative income documentation and more.

I’m testing a 7-day AIOS Quickstart for mortgage teams: 3 approval-only AI routines like complex-file doc checklist, borrower doc follow-up drafts by loan type, and daily pipeline brief.

No auto-sending. Just drafts, briefs, and follow-up queues your team approves.

Want me to send the 3 routines I’d set up for Lender Express Mortgage?",3 AI routines for Lender Express Mortgage,"Hey Michael,

I was looking at Lender Express Mortgage and had a specific thought. Mortgage teams usually don’t need a giant AI strategy. They need the recurring borrower/admin work to stop eating the week.

What stood out: Lender Express Mortgage mentions complex mortgage products/workflows like: nventional, FHA, VA, USDA, jumbo loans, down payment assistance, non-QM, alternative income documentation and more.

I’m testing a 7-day AIOS Quickstart where I install 3 approval-gated routines for mortgage teams. For Lender Express Mortgage, I’d probably start with:

1. complex-file doc checklist
2. borrower doc follow-up drafts by loan type
3. daily pipeline brief

Everything stays approval-only — no AI auto-sending weird emails to borrowers. It drafts, summarizes, and queues the work so your team can move faster.

Worth sending over a quick version of what I’d install?

Ryan","Quick bump, Michael — I can make this concrete for Lender Express Mortgage.

I’d map 3 recurring workflows, install the approval-only drafts/briefs, and hand you a simple weekly operating rhythm. No giant dashboard, no auto-send.

Worth a quick look?"
145,103,"owner_or_founder | branch_manager | scaled_but_not_enterprise | revenue_can_pay | linkedin_present | strong_mortgage_fit | doc_complex_products:jumbo,203k,fha,va | speed_service_language:smooth",READY_FOR_LINKEDIN_NEEDS_EMAIL,Tim,Tonczyczyn,Tim Tonczyczyn,Branch Manager to Owner of Mortgage Bank,manager,Nation One Mortgage,Nation One Mortgage,,,https://www.linkedin.com/in/timtonczyczyn,West Berlin,New Jersey,nationone.com,https://www.linkedin.com/company/nation-one-mortgage,51-200,76,5000000-9999999,,"At Nation One Mortgage, we are a full-service mortgage lender based in Marlton, New Jersey, committed to helping individuals and families achieve their dreams of homeownership. Whether you’re buying a new home or refinancing an existing one, we offer expert guidance and customized loan solutions tailored to your unique needs.

We provide a wide variety of loan options, including FHA, FHA 203K, VA, USDA, Jumbo, and Conventional loans. Additionally, we offer specialized programs like NJ, PA, DE, and VA Grant Programs, as well as First-Time Homebuyer assistance. Our goal is to offer more than just a loan—we aim to provide a smooth, stress-free experience from start to finish.

Our mission is to serve you with honesty, integrity, and expertise. We strive to offer the lowest interest rates and closing costs possible while helping you navigate any challenges that may arise during the loan process.

Proudly serving Marlton, NJ, and 24 other states, we put our customers first. We focus on delivering exceptional service, competitive rates, and loan options that are customized to your financial situation. Unlike other lenders, we prioritize building personal connections, maintaining transparency, and offering continuous support throughout the entire mortgage journey.

At Nation One Mortgage, we understand that each loan is more than just a transaction—it’s an opportunity to make a difference in someone’s life. That's why we go the extra mile to ensure that all parties involved are set up for success.

We empower our loan officers with flexibility to grow their business according to their vision, supported by a leadership team dedicated to providing the tools and resources needed for success.

Get in touch with us today and see why so many homeowners and mortgage professionals trust Nation One Mortgage as their go-to partner. Let’s make your homeownership goals a reality—together!","Nation One Mortgage mentions complex mortgage products/workflows like: wide variety of loan options, including FHA, FHA 203K, VA, USDA, Jumbo, and Conventional loans. Additionally, we offer specialized programs like NJ, PA, DE, and VA G",complex-file doc checklist; construction/renovation loan condition tracker; borrower doc follow-up drafts by loan type,"Hey Tim — quick specific idea.

I was looking at Nation One Mortgage and noticed the mortgage workflow probably has a lot of borrower/doc follow-up hiding behind the scenes. Nation One Mortgage mentions complex mortgage products/workflows like: wide variety of loan options, including FHA, FHA 203K, VA, USDA, Jumbo, and Conventional loans. Additionally, we offer specialized programs like NJ, PA, DE, and VA G

I’m testing a 7-day AIOS Quickstart for mortgage teams: 3 approval-only AI routines like complex-file doc checklist, construction/renovation loan condition tracker, and borrower doc follow-up drafts by loan type.

No auto-sending. Just drafts, briefs, and follow-up queues your team approves.

Want me to send the 3 routines I’d set up for Nation One Mortgage?",3 AI routines for Nation One Mortgage,"Hey Tim,

I was looking at Nation One Mortgage and had a specific thought. Mortgage teams usually don’t need a giant AI strategy. They need the recurring borrower/admin work to stop eating the week.

What stood out: Nation One Mortgage mentions complex mortgage products/workflows like: wide variety of loan options, including FHA, FHA 203K, VA, USDA, Jumbo, and Conventional loans. Additionally, we offer specialized programs like NJ, PA, DE, and VA G

I’m testing a 7-day AIOS Quickstart where I install 3 approval-gated routines for mortgage teams. For Nation One Mortgage, I’d probably start with:

1. complex-file doc checklist
2. construction/renovation loan condition tracker
3. borrower doc follow-up drafts by loan type

Everything stays approval-only — no AI auto-sending weird emails to borrowers. It drafts, summarizes, and queues the work so your team can move faster.

Worth sending over a quick version of what I’d install?

Ryan","Quick bump, Tim — I can make this concrete for Nation One Mortgage.

I’d map 3 recurring workflows, install the approval-only drafts/briefs, and hand you a simple weekly operating rhythm. No giant dashboard, no auto-send.

Worth a quick look?"
146,103,"branch_manager | small_team | revenue_can_pay | verified_email | linkedin_present | strong_mortgage_fit | doc_complex_products:non-qm,commercial,reverse,fha | broker_local_language",READY_FOR_LINKEDIN_AND_EMAIL,Katy,Van Meter,Katy Van Meter,Branch Manager,manager,Caliver Beach Mortgage,Caliver Beach Mortgage,katy@caliverbeach.com,REAL-TIME VERIFIED ON 26 May 26,https://www.linkedin.com/in/katy-van-meter-79328980,Baltimore City County,Maryland,caliverbeach.com,https://www.linkedin.com/company/caliver-beach,11-50,70,1000000-4999999,"mortgage lender, real estate loans, purchases, refinances, mortgage broker, reverse mortgages, fha, va","On behalf of the Caliver Beach family – WELCOME!

NMLS# 1434247
https://caliverbeach.com/licenses/
www.nmlsconsumeraccess.org

Founded in 2015, with more than 50 years of combined mortgage experience at the helm, our company philosophy is based on three primary pillars of success. Experience, Integrity and Guidance.

By embracing experience, integrity, and guidance, Caliver Beach strives to build trust with its clients. Such a philosophy not only helps clients achieve their homeownership goals but also contributes to our company's reputation and long-term success. Clients can feel confident that they are working with a company that has their best interests at heart and will provide them with the expertise and support needed to navigate the mortgage process successfully.

We specialize in the following loan types and products:

- Conventional, FHA, VA Purchase and Refinance
- Reverse Mortgages (HECM)
- Commercial Lending/Non-QM",Caliver Beach Mortgage mentions complex mortgage products/workflows like: se and Refinance - Reverse Mortgages (HECM) - Commercial Lending/Non-QM The mortgage professionals at Caliver Beach Mortgage are able to assist you with your home pu,complex-file doc checklist; borrower doc follow-up drafts by loan type; daily pipeline brief,"Hey Katy — quick specific idea.

I was looking at Caliver Beach Mortgage and noticed the mortgage workflow probably has a lot of borrower/doc follow-up hiding behind the scenes. Caliver Beach Mortgage mentions complex mortgage products/workflows like: se and Refinance - Reverse Mortgages (HECM) - Commercial Lending/Non-QM The mortgage professionals at Caliver Beach Mortgage are able to assist you with your home pu

I’m testing a 7-day AIOS Quickstart for mortgage teams: 3 approval-only AI routines like complex-file doc checklist, borrower doc follow-up drafts by loan type, and daily pipeline brief.

No auto-sending. Just drafts, briefs, and follow-up queues your team approves.

Want me to send the 3 routines I’d set up for Caliver Beach Mortgage?",3 AI routines for Caliver Beach Mortgage,"Hey Katy,

I was looking at Caliver Beach Mortgage and had a specific thought. Mortgage teams usually don’t need a giant AI strategy. They need the recurring borrower/admin work to stop eating the week.

What stood out: Caliver Beach Mortgage mentions complex mortgage products/workflows like: se and Refinance - Reverse Mortgages (HECM) - Commercial Lending/Non-QM The mortgage professionals at Caliver Beach Mortgage are able to assist you with your home pu

I’m testing a 7-day AIOS Quickstart where I install 3 approval-gated routines for mortgage teams. For Caliver Beach Mortgage, I’d probably start with:

1. complex-file doc checklist
2. borrower doc follow-up drafts by loan type
3. daily pipeline brief

Everything stays approval-only — no AI auto-sending weird emails to borrowers. It drafts, summarizes, and queues the work so your team can move faster.

Worth sending over a quick version of what I’d install?

Ryan","Quick bump, Katy — I can make this concrete for Caliver Beach Mortgage.

I’d map 3 recurring workflows, install the approval-only drafts/briefs, and hand you a simple weekly operating rhythm. No giant dashboard, no auto-send.

Worth a quick look?"
147,103,"owner_or_founder | branch_manager | scaled_but_not_enterprise | revenue_can_pay | verified_email | linkedin_present | mortgage_fit | doc_complex_products:investment,va | speed_service_language:technology,tech",READY_FOR_LINKEDIN_AND_EMAIL,Dom,Pullano,Dom Pullano,Branch Manager/ Principal,manager,Kingswood U.S.,Kingswood U.S.,dpullano@kingswoodus.com,REAL-TIME VERIFIED ON 26 May 26,https://www.linkedin.com/in/dom-pullano-a772441,Rochester,New York,kingswoodus.com,https://www.linkedin.com/company/kingswood-group-us,51-200,86,5000000-9999999,,"Kingswood U.S. empowers our clients to navigate the complexities of the financial landscape with confidence. Through innovative wealth management, robust advisor services and tailored investment banking solutions, we can help achieve any financial goal – no matter how complex.

 
Wealth Management Services

Kingswood Advisors offer comprehensive wealth management services tailored to meet the needs and goals of individuals and families. Services include portfolio management, retirement planning, estate planning, tax optimization and risk management strategies. Our advisors have the experience and expertise necessary to provide personalized investment solutions to help you achieve your goals.

 
Advisor Services

Kingswood provides essential back-office support and business solutions to financial advisors and institutions, enabling them to focus on client relationships and business growth. This includes administrative support, compliance assistance, technology infrastructure, and business succession planning and support. We also provide access to a broad range of innovative financial products to help you meet your clients’ unique needs.

 
Investment Banking

Kingswood’s full-service investment banking platform provides mergers and acquisitions advisory, private capital solutions, debt, and equity financing, and differentiated strategic advice to middle market and emerging growth companies. Our seasoned investment banking team offers tailored solutions and insights to help clients navigate their business objectives.

 

Kingswood is proud to deliver boutique service and solutions backed by the power of a global financial services institution. With a client-centric approach, global reach, commitment to innovation, and deep expertise, Kingswood is well-positioned to help clients navigate the complexities of the financial markets.

Securities offered through Kingswood Capital Partners, LLC Member FINRA/SIPC","Kingswood U.S. mentions complex mortgage products/workflows like: novative wealth management, robust advisor services and tailored investment banking solutions, we can help achieve any financial goal – no matter how complex. Wea",complex-file doc checklist; borrower doc follow-up drafts by loan type; daily pipeline brief,"Hey Dom — quick specific idea.

I was looking at Kingswood U.S. and noticed the mortgage workflow probably has a lot of borrower/doc follow-up hiding behind the scenes. Kingswood U.S. mentions complex mortgage products/workflows like: novative wealth management, robust advisor services and tailored investment banking solutions, we can help achieve any financial goal – no matter how complex. Wea

I’m testing a 7-day AIOS Quickstart for mortgage teams: 3 approval-only AI routines like complex-file doc checklist, borrower doc follow-up drafts by loan type, and daily pipeline brief.

No auto-sending. Just drafts, briefs, and follow-up queues your team approves.

Want me to send the 3 routines I’d set up for Kingswood U.S.?",3 AI routines for Kingswood U.S.,"Hey Dom,

I was looking at Kingswood U.S. and had a specific thought. Mortgage teams usually don’t need a giant AI strategy. They need the recurring borrower/admin work to stop eating the week.

What stood out: Kingswood U.S. mentions complex mortgage products/workflows like: novative wealth management, robust advisor services and tailored investment banking solutions, we can help achieve any financial goal – no matter how complex. Wea

I’m testing a 7-day AIOS Quickstart where I install 3 approval-gated routines for mortgage teams. For Kingswood U.S., I’d probably start with:

1. complex-file doc checklist
2. borrower doc follow-up drafts by loan type
3. daily pipeline brief

Everything stays approval-only — no AI auto-sending weird emails to borrowers. It drafts, summarizes, and queues the work so your team can move faster.

Worth sending over a quick version of what I’d install?

Ryan","Quick bump, Dom — I can make this concrete for Kingswood U.S..

I’d map 3 recurring workflows, install the approval-only drafts/briefs, and hand you a simple weekly operating rhythm. No giant dashboard, no auto-send.

Worth a quick look?"
148,103,"branch_manager | producer | scaled_but_not_enterprise | revenue_can_pay | verified_email | linkedin_present | strong_mortgage_fit | doc_complex_products:va | speed_service_language:technology,tech | broker_local_language",READY_FOR_LINKEDIN_AND_EMAIL,Nelson,Monge,Nelson Monge,Branch Manager/ Senior Loan Officer,senior,Element Mortgage,Element Mortgage,nmonge@apmortgage.com,REAL-TIME VERIFIED ON 26 May 26,https://www.linkedin.com/in/nelson-monge-9075287a,St Cloud,Florida,elementmortgage.com,https://www.linkedin.com/company/element-mortgage,51-200,62,1000000-4999999,,"The Local Element

Live here, lend here. We’re not a call center in the middle of nowhere. We live here and are part of this community. And it makes a difference.

The Expert Element

While many mortgage companies talk about streamlining, simplify & shortening the process, the reality is this process isn’t always simple. Getting a mortgage can be intimidating – that’s where we make a memorable difference. With a myriad of loan types and an endless number of scenarios, we promise to always be learning and looking for new ways to help you, our clients.

The Human Element

Technology can be great, but having a human being there for you is essential in the home buying/financing process. Many times, we need more than a button to push, we need a human consultant to guide us through the highly-technical financing process. We take pride in being available in-person.

ELEMENT MORTGAGE
NMLS #1213075/1850 | CA BRE# 01215943
a Division of American Pacific Mortgage #1850
Equal Housing Opportunity

Licensed by the Department of Business.
Oversight under the California Residential Mortgage Lending Act.

© Copyright 2020 American Pacific Mortgage Corporation. All information contained herein is for informational purposes only and, while every effort has been made to ensure accuracy, no guarantee is expressed or implied. Any programs shown do not demonstrate all options or pricing structures. Rates, terms, programs & underwriting policies subject to change without notice. This is not an offer to extend credit or a commitment to lend. All loans subject to underwriting approval. Some products may not be available in all states and restrictions apply. Regulated by the Division of Real Estate.

*Third-party links shared by Element Mortgage do not necessarily represent the views of Element Mortgage, but the views of the third-party affiliate. Element Mortgage is not a Real Estate Broker. Properties shown in the Real Estate links provided are not being sold by Element Mortgage.",Element Mortgage mentions complex mortgage products/workflows like: the highly-technical financing process. We take pride in being available in-person. ELEMENT MORTGAGE NMLS #1213075/1850 | CA BRE# 01215943 a Division of American P,borrower doc follow-up drafts by loan type; daily pipeline brief; missing-doc follow-up drafts,"Hey Nelson — quick specific idea.

I was looking at Element Mortgage and noticed the mortgage workflow probably has a lot of borrower/doc follow-up hiding behind the scenes. Element Mortgage mentions complex mortgage products/workflows like: the highly-technical financing process. We take pride in being available in-person. ELEMENT MORTGAGE NMLS #1213075/1850 | CA BRE# 01215943 a Division of American P

I’m testing a 7-day AIOS Quickstart for mortgage teams: 3 approval-only AI routines like borrower doc follow-up drafts by loan type, daily pipeline brief, and missing-doc follow-up drafts.

No auto-sending. Just drafts, briefs, and follow-up queues your team approves.

Want me to send the 3 routines I’d set up for Element Mortgage?",3 AI routines for Element Mortgage,"Hey Nelson,

I was looking at Element Mortgage and had a specific thought. Mortgage teams usually don’t need a giant AI strategy. They need the recurring borrower/admin work to stop eating the week.

What stood out: Element Mortgage mentions complex mortgage products/workflows like: the highly-technical financing process. We take pride in being available in-person. ELEMENT MORTGAGE NMLS #1213075/1850 | CA BRE# 01215943 a Division of American P

I’m testing a 7-day AIOS Quickstart where I install 3 approval-gated routines for mortgage teams. For Element Mortgage, I’d probably start with:

1. borrower doc follow-up drafts by loan type
2. daily pipeline brief
3. missing-doc follow-up drafts

Everything stays approval-only — no AI auto-sending weird emails to borrowers. It drafts, summarizes, and queues the work so your team can move faster.

Worth sending over a quick version of what I’d install?

Ryan","Quick bump, Nelson — I can make this concrete for Element Mortgage.

I’d map 3 recurring workflows, install the approval-only drafts/briefs, and hand you a simple weekly operating rhythm. No giant dashboard, no auto-send.

Worth a quick look?"
149,103,"owner_or_founder | branch_manager | assistant_lower_priority | small_team | revenue_can_pay | verified_email | linkedin_present | mortgage_fit | doc_complex_products:commercial,va | speed_service_language:fast,customer service | broker_local_language | bank_cu_deprioritize",READY_FOR_LINKEDIN_AND_EMAIL,Haley,Velarde,Haley Velarde,"Branch Manager, Assistant Vice President",senior,Trinity Bank,Trinity Bank,hvelarde@trinitybk.com,REAL-TIME VERIFIED ON 26 May 26,https://www.linkedin.com/in/haley-velarde-73b4b816a,Dallas-fort Worth Metroplex,,trinitybk.com,https://www.linkedin.com/company/trinity-bank,11-50,35,1000000-4999999,"banking, commercial loans","Trinity Bank was created from scratch for our local Tarrant County customers. We’re an independent bank with a local board of directors and an experienced professional staff. That means we can move fast because we make all the decisions here. And by limiting our brick and mortar to one central location and providing first-class Internet Banking, we’re able to keep our overhead to a minimum so our customer service and product quality can be at a maximum.

 Core Values:

We believe there is significant customer value created by providing the best banking products, competitive rates and responsive personal service from a local bank with people who know you by name.","Trinity Bank mentions complex mortgage products/workflows like: banking, commercial loans Trinity Bank was created from scratch for our local Tarrant County customers. We’re",borrower doc follow-up drafts by loan type; daily pipeline brief; missing-doc follow-up drafts,"Hey Haley — quick specific idea.

I was looking at Trinity Bank and noticed the mortgage workflow probably has a lot of borrower/doc follow-up hiding behind the scenes. Trinity Bank mentions complex mortgage products/workflows like: banking, commercial loans Trinity Bank was created from scratch for our local Tarrant County customers. We’re

I’m testing a 7-day AIOS Quickstart for mortgage teams: 3 approval-only AI routines like borrower doc follow-up drafts by loan type, daily pipeline brief, and missing-doc follow-up drafts.

No auto-sending. Just drafts, briefs, and follow-up queues your team approves.

Want me to send the 3 routines I’d set up for Trinity Bank?",3 AI routines for Trinity Bank,"Hey Haley,

I was looking at Trinity Bank and had a specific thought. Mortgage teams usually don’t need a giant AI strategy. They need the recurring borrower/admin work to stop eating the week.

What stood out: Trinity Bank mentions complex mortgage products/workflows like: banking, commercial loans Trinity Bank was created from scratch for our local Tarrant County customers. We’re

I’m testing a 7-day AIOS Quickstart where I install 3 approval-gated routines for mortgage teams. For Trinity Bank, I’d probably start with:

1. borrower doc follow-up drafts by loan type
2. daily pipeline brief
3. missing-doc follow-up drafts

Everything stays approval-only — no AI auto-sending weird emails to borrowers. It drafts, summarizes, and queues the work so your team can move faster.

Worth sending over a quick version of what I’d install?

Ryan","Quick bump, Haley — I can make this concrete for Trinity Bank.

I’d map 3 recurring workflows, install the approval-only drafts/briefs, and hand you a simple weekly operating rhythm. No giant dashboard, no auto-send.

Worth a quick look?"
150,103,"owner_or_founder | producer | small_team | verified_email | linkedin_present | strong_mortgage_fit | doc_complex_products:jumbo,investment,heloc,self-employed | broker_local_language",READY_FOR_LINKEDIN_AND_EMAIL,Koorosh,Farzad,Koorosh Farzad,Mortgage Broker/Owner,owner,Masihi Financial Group,Masihi Financial Group,koorosh@masihifinancial.com,REAL-TIME VERIFIED ON 25 May 26,https://www.linkedin.com/in/koorosh-farzad-56598739,Beverly Hills,California,masihifinancial.com,https://www.linkedin.com/company/masihifinancialgroup,2-10,1,0-99999,"mortgage lending, mortgage broker, wholesale lending, mortgage financing, real estate services, multi unit properties, va loan, fha loan, fannie mae, freddie mac, jumbo loans, super jumbo loans, self-employed, home financing, helocs, investment, wealth management","We are a Mortgage Brokerage Company located in Los Angeles, licensed to broker loans with the top wholesale lenders in the Country. We work well with all types of borrowers, and specialize with Self-Employed and First Time Home Buyers. 

We operate on the understanding that the goals behind originating a loan will vary between each and every borrower. Through the partnership with our wholesale lenders, we will tailor your specific needs into a loan designed exclusively for you.","Masihi Financial Group mentions complex mortgage products/workflows like: lti unit properties, va loan, fha loan, fannie mae, freddie mac, jumbo loans, super jumbo loans, self-employed, home financing, helocs, investment, wealth management",complex-file doc checklist; borrower doc follow-up drafts by loan type; daily pipeline brief,"Hey Koorosh — quick specific idea.

I was looking at Masihi Financial Group and noticed the mortgage workflow probably has a lot of borrower/doc follow-up hiding behind the scenes. Masihi Financial Group mentions complex mortgage products/workflows like: lti unit properties, va loan, fha loan, fannie mae, freddie mac, jumbo loans, super jumbo loans, self-employed, home financing, helocs, investment, wealth management

I’m testing a 7-day AIOS Quickstart for mortgage teams: 3 approval-only AI routines like complex-file doc checklist, borrower doc follow-up drafts by loan type, and daily pipeline brief.

No auto-sending. Just drafts, briefs, and follow-up queues your team approves.

Want me to send the 3 routines I’d set up for Masihi Financial Group?",3 AI routines for Masihi Financial Group,"Hey Koorosh,

I was looking at Masihi Financial Group and had a specific thought. Mortgage teams usually don’t need a giant AI strategy. They need the recurring borrower/admin work to stop eating the week.

What stood out: Masihi Financial Group mentions complex mortgage products/workflows like: lti unit properties, va loan, fha loan, fannie mae, freddie mac, jumbo loans, super jumbo loans, self-employed, home financing, helocs, investment, wealth management

I’m testing a 7-day AIOS Quickstart where I install 3 approval-gated routines for mortgage teams. For Masihi Financial Group, I’d probably start with:

1. complex-file doc checklist
2. borrower doc follow-up drafts by loan type
3. daily pipeline brief

Everything stays approval-only — no AI auto-sending weird emails to borrowers. It drafts, summarizes, and queues the work so your team can move faster.

Worth sending over a quick version of what I’d install?

Ryan","Quick bump, Koorosh — I can make this concrete for Masihi Financial Group.

I’d map 3 recurring workflows, install the approval-only drafts/briefs, and hand you a simple weekly operating rhythm. No giant dashboard, no auto-send.

Worth a quick look?"
151,103,"owner_or_founder | producer | small_team | verified_email | linkedin_present | strong_mortgage_fit | doc_complex_products:non-qm,jumbo,reverse,fha | broker_local_language",READY_FOR_LINKEDIN_AND_EMAIL,Claudia,Yemail,Claudia Yemail,Mortgage Broker/Owner,owner,Preferred Homes Corp,Preferred Homes Corp,claudia@preferredhomescorp.com,REAL-TIME VERIFIED ON 26 May 26,https://www.linkedin.com/in/claudia-yemail-homeloans,Boca Raton,Florida,preferredhomescorp.com,https://www.linkedin.com/company/miami-preferred-home-loans-inc,2-10,1,0-99999,,"Preferred Homes Corp Is a full-service mortgage company based in Boca Raton, Florida. We specialize in FHA, Conventional, VA, USDA, Reverse, Jumbo Loans & non-QM products (outside of the conventional requirements) We serve our clients anywhere in Florida. Whether you are buying a home or refinancing, we can help you realize your dream of home ownership or save you money when getting your new lower monthly payment.","Preferred Homes Corp mentions complex mortgage products/workflows like: pecialize in FHA, Conventional, VA, USDA, Reverse, Jumbo Loans & non-QM products (outside of the conventional requirements) We serve our clients anywhere in Florida.",complex-file doc checklist; borrower doc follow-up drafts by loan type; daily pipeline brief,"Hey Claudia — quick specific idea.

I was looking at Preferred Homes Corp and noticed the mortgage workflow probably has a lot of borrower/doc follow-up hiding behind the scenes. Preferred Homes Corp mentions complex mortgage products/workflows like: pecialize in FHA, Conventional, VA, USDA, Reverse, Jumbo Loans & non-QM products (outside of the conventional requirements) We serve our clients anywhere in Florida.

I’m testing a 7-day AIOS Quickstart for mortgage teams: 3 approval-only AI routines like complex-file doc checklist, borrower doc follow-up drafts by loan type, and daily pipeline brief.

No auto-sending. Just drafts, briefs, and follow-up queues your team approves.

Want me to send the 3 routines I’d set up for Preferred Homes Corp?",3 AI routines for Preferred Homes Corp,"Hey Claudia,

I was looking at Preferred Homes Corp and had a specific thought. Mortgage teams usually don’t need a giant AI strategy. They need the recurring borrower/admin work to stop eating the week.

What stood out: Preferred Homes Corp mentions complex mortgage products/workflows like: pecialize in FHA, Conventional, VA, USDA, Reverse, Jumbo Loans & non-QM products (outside of the conventional requirements) We serve our clients anywhere in Florida.

I’m testing a 7-day AIOS Quickstart where I install 3 approval-gated routines for mortgage teams. For Preferred Homes Corp, I’d probably start with:

1. complex-file doc checklist
2. borrower doc follow-up drafts by loan type
3. daily pipeline brief

Everything stays approval-only — no AI auto-sending weird emails to borrowers. It drafts, summarizes, and queues the work so your team can move faster.

Worth sending over a quick version of what I’d install?

Ryan","Quick bump, Claudia — I can make this concrete for Preferred Homes Corp.

I’d map 3 recurring workflows, install the approval-only drafts/briefs, and hand you a simple weekly operating rhythm. No giant dashboard, no auto-send.

Worth a quick look?"
152,103,"owner_or_founder | producer | small_team | smaller_revenue | linkedin_present | strong_mortgage_fit | doc_complex_products:non-qm,jumbo,construction,investor | broker_local_language",READY_FOR_LINKEDIN_NEEDS_EMAIL,J.D.,Williams,J.D. Williams,Mortgage Broker - Owner,owner,"Sage Home Loans, LLC","Sage Home Loans, LLC",,,https://www.linkedin.com/in/j-d-williams-8b459433,Acworth,Georgia,sagehomeloans.net,https://www.linkedin.com/company/sage-home-loans-llc,2-10,3,100000-499999,"construction-perm, fha, jumbo, non-qm, bank statement loans, investor loans, first time home buyers, self-employed, va construction loans, va loans","Sage Home Loans, LLC is a locally woman owned mortgage broker, providing 30 years knowledgeable experience with the latest digital tools to simplify and expediate the mortgage experience. Licensed in Georgia
NMLS # 2339149","Sage Home Loans, LLC mentions complex mortgage products/workflows like: construction-perm, fha, jumbo, non-qm, bank statement loans, investor loans, first time home buyers, self-employed, va construction",complex-file doc checklist; construction/renovation loan condition tracker; borrower doc follow-up drafts by loan type,"Hey J.D. — quick specific idea.

I was looking at Sage Home Loans, LLC and noticed the mortgage workflow probably has a lot of borrower/doc follow-up hiding behind the scenes. Sage Home Loans, LLC mentions complex mortgage products/workflows like: construction-perm, fha, jumbo, non-qm, bank statement loans, investor loans, first time home buyers, self-employed, va construction

I’m testing a 7-day AIOS Quickstart for mortgage teams: 3 approval-only AI routines like complex-file doc checklist, construction/renovation loan condition tracker, and borrower doc follow-up drafts by loan type.

No auto-sending. Just drafts, briefs, and follow-up queues your team approves.

Want me to send the 3 routines I’d set up for Sage Home Loans, LLC?","3 AI routines for Sage Home Loans, LLC","Hey J.D.,

I was looking at Sage Home Loans, LLC and had a specific thought. Mortgage teams usually don’t need a giant AI strategy. They need the recurring borrower/admin work to stop eating the week.

What stood out: Sage Home Loans, LLC mentions complex mortgage products/workflows like: construction-perm, fha, jumbo, non-qm, bank statement loans, investor loans, first time home buyers, self-employed, va construction

I’m testing a 7-day AIOS Quickstart where I install 3 approval-gated routines for mortgage teams. For Sage Home Loans, LLC, I’d probably start with:

1. complex-file doc checklist
2. construction/renovation loan condition tracker
3. borrower doc follow-up drafts by loan type

Everything stays approval-only — no AI auto-sending weird emails to borrowers. It drafts, summarizes, and queues the work so your team can move faster.

Worth sending over a quick version of what I’d install?

Ryan","Quick bump, J.D. — I can make this concrete for Sage Home Loans, LLC.

I’d map 3 recurring workflows, install the approval-only drafts/briefs, and hand you a simple weekly operating rhythm. No giant dashboard, no auto-send.

Worth a quick look?"
153,103,"owner_or_founder | branch_manager | producer | scaled_but_not_enterprise | revenue_can_pay | verified_email | linkedin_present | mortgage_fit | doc_complex_products:commercial | speed_service_language:technology,tech | bank_cu_deprioritize",READY_FOR_LINKEDIN_AND_EMAIL,Bret,Burningham,Bret Burningham,Vice President / Commercial Loan Officer / Branch Manager,manager,Brighton Bank,Brighton Bank,bburningham@brightonbank.com,REAL-TIME VERIFIED ON 26 May 26,https://www.linkedin.com/in/bret-burningham-2592bab,Layton,Utah,brightonbank.com,https://www.linkedin.com/company/brighton-bank,51-200,66,1000000-4999999,,"For 46 years, the employees at Brighton Bank have been dedicated to providing exceptional service to our community. As a local community bank, we understand the importance of knowing our customers’ needs and being a trusted partner in your financial journey. We combine reliable financial products with the latest technology to support businesses and ensure the financial security of families and individuals.

At Brighton Bank, our success is tied to yours. We grow together—because your success is our success.

Our friendly team is here to serve you. We believe in the personal touch, from a warm greeting at the door to addressing you by name and handling your financial needs with care and trust. This is what community banking is all about—friends helping friends.

If you haven’t already, we invite you to become part of the Brighton Bank family. Let us earn your business—and your friendship.",Brighton Bank emphasizes speed/service/efficiency: journey. We combine reliable financial products with the latest technology to support businesses and ensure the financial security of families and individuals. At,daily pipeline brief; missing-doc follow-up drafts; stale borrower/realtor follow-up queue,"Hey Bret — quick specific idea.

I was looking at Brighton Bank and noticed the mortgage workflow probably has a lot of borrower/doc follow-up hiding behind the scenes. Brighton Bank emphasizes speed/service/efficiency: journey. We combine reliable financial products with the latest technology to support businesses and ensure the financial security of families and individuals. At

I’m testing a 7-day AIOS Quickstart for mortgage teams: 3 approval-only AI routines like daily pipeline brief, missing-doc follow-up drafts, and stale borrower/realtor follow-up queue.

No auto-sending. Just drafts, briefs, and follow-up queues your team approves.

Want me to send the 3 routines I’d set up for Brighton Bank?",3 AI routines for Brighton Bank,"Hey Bret,

I was looking at Brighton Bank and had a specific thought. Mortgage teams usually don’t need a giant AI strategy. They need the recurring borrower/admin work to stop eating the week.

What stood out: Brighton Bank emphasizes speed/service/efficiency: journey. We combine reliable financial products with the latest technology to support businesses and ensure the financial security of families and individuals. At

I’m testing a 7-day AIOS Quickstart where I install 3 approval-gated routines for mortgage teams. For Brighton Bank, I’d probably start with:

1. daily pipeline brief
2. missing-doc follow-up drafts
3. stale borrower/realtor follow-up queue

Everything stays approval-only — no AI auto-sending weird emails to borrowers. It drafts, summarizes, and queues the work so your team can move faster.

Worth sending over a quick version of what I’d install?

Ryan","Quick bump, Bret — I can make this concrete for Brighton Bank.

I’d map 3 recurring workflows, install the approval-only drafts/briefs, and hand you a simple weekly operating rhythm. No giant dashboard, no auto-send.

Worth a quick look?"
154,103,"branch_manager | scaled_but_not_enterprise | revenue_can_pay | verified_email | linkedin_present | strong_mortgage_fit | doc_complex_products:non-qm,jumbo,fha,va | speed_service_language:fast,efficient,technology,tech",READY_FOR_LINKEDIN_AND_EMAIL,Michael,Adibe,Michael Adibe,Branch Manager,manager,Lender Express Mortgage,Lender Express Mortgage,madibe@lenderexpressmortgage.com,REAL-TIME VERIFIED ON 26 May 26,https://www.linkedin.com/in/michael-adibe-87621644,Plano,Texas,lenderexpressmortgage.com,https://www.linkedin.com/company/lender-express-mortgage,51-200,38,1000000-4999999,"home loans, mortgages, refinance","Who is Lender Express?

Based in Arizona, the owners of Lender Express have spent the past two decades offering professional services to prospective and existing homeowners in order to help their customers experience the benefits of affordable homeownership.

Why Lender Express?

Low Rates

We believe that it is vital to be able to provide our customers access to the lowest rates in order to increase your buying power and improve your financial health.

Fast Loans

We strive to deliver a fast and easy loan process through the combination of experience and technology.  We work efficiently by giving proper loan advice upfront, responding quickly and expediting our processing and underwriting.

Exceptional Service

We are committed to providing exceptional service to you, our customer.  Our goal is to provide you the best home loan experience. That is why we always attempt to foresee potential obstacles in the loan approval process and deal with them before they become a potential challenge.  It is our mission to keep at bay any potential stress, frustration and anxiety that compromises the joy of the home buying experience.     

Extensive Products

We make sure that we have access to a wide spectrum of cutting-edge mortgage products to make sure we can offer more options to our diverse customer base.  Our portfolio of loan products include traditional products such as conventional, FHA, VA, USDA, jumbo loans, down payment assistance, non-QM, alternative income documentation and more.","Lender Express Mortgage mentions complex mortgage products/workflows like: nventional, FHA, VA, USDA, jumbo loans, down payment assistance, non-QM, alternative income documentation and more.",complex-file doc checklist; borrower doc follow-up drafts by loan type; daily pipeline brief,"Hey Michael — quick specific idea.

I was looking at Lender Express Mortgage and noticed the mortgage workflow probably has a lot of borrower/doc follow-up hiding behind the scenes. Lender Express Mortgage mentions complex mortgage products/workflows like: nventional, FHA, VA, USDA, jumbo loans, down payment assistance, non-QM, alternative income documentation and more.

I’m testing a 7-day AIOS Quickstart for mortgage teams: 3 approval-only AI routines like complex-file doc checklist, borrower doc follow-up drafts by loan type, and daily pipeline brief.

No auto-sending. Just drafts, briefs, and follow-up queues your team approves.

Want me to send the 3 routines I’d set up for Lender Express Mortgage?",3 AI routines for Lender Express Mortgage,"Hey Michael,

I was looking at Lender Express Mortgage and had a specific thought. Mortgage teams usually don’t need a giant AI strategy. They need the recurring borrower/admin work to stop eating the week.

What stood out: Lender Express Mortgage mentions complex mortgage products/workflows like: nventional, FHA, VA, USDA, jumbo loans, down payment assistance, non-QM, alternative income documentation and more.

I’m testing a 7-day AIOS Quickstart where I install 3 approval-gated routines for mortgage teams. For Lender Express Mortgage, I’d probably start with:

1. complex-file doc checklist
2. borrower doc follow-up drafts by loan type
3. daily pipeline brief

Everything stays approval-only — no AI auto-sending weird emails to borrowers. It drafts, summarizes, and queues the work so your team can move faster.

Worth sending over a quick version of what I’d install?

Ryan","Quick bump, Michael — I can make this concrete for Lender Express Mortgage.

I’d map 3 recurring workflows, install the approval-only drafts/briefs, and hand you a simple weekly operating rhythm. No giant dashboard, no auto-send.

Worth a quick look?"
155,103,"owner_or_founder | branch_manager | small_team | smaller_revenue | linkedin_present | strong_mortgage_fit | doc_complex_products:investment,fha,va,usda",READY_FOR_LINKEDIN_NEEDS_EMAIL,George,Burkley,George Burkley,Branch Manager/Owner,manager,"American Mortgage and Financial Services, LLC","American Mortgage and Financial Services, LLC",,,https://www.linkedin.com/in/georgeburkley,Goshen,Indiana,clickfunnels.com,https://www.linkedin.com/company/american-mortgage-and-financial-services-llc,11-50,7,100000-499999,"mortgages for new home purchase, 100% usda rural development mortgage, mortgages for refinance, fha mortgages, va mortgages, conforming fannie mae & freddie mac mortgages","American Mortgage & Financial Services LLC has been a licensed Indiana Mortgage Company since October of 1996 and offers the most competitive mortgage rates and programs in Michiana. American Mortgage & Financial Services offers many different types of mortgages including fixed rate & adjustable rate mortgages for new home purchases and refinancing existing mortgages for better rates, terms or cash out. American Mortgage & Financial Services offers a wide range of mortgage options including FHA, USDA, VA, Fannie Mae, and Freddie Mac Mortgages.

George W Burkley III is the owner and founder of American Mortgage & Financial Services and has personally originated over $300 Million dollars in mortgages for Michiana residents over the last 20 plus years. Our philosophy is to cut out all the middle people and have our clients deal directly with the decision maker on all mortgage applications making the mortgage process easier and quicker. We have found that our clients prefer to deal with a Mortgage Expert who can show them different options to find the mortgage that is most suitable for their needs and saves the most mortgage interest. We work directly for our clients and not the bank. In addition to our mortgage services, we offer investment services for Auto & Home Insurance, retirement planning, college planning, savings, or insurance planning. Personalized service, experience, and expertise are the driving forces on why our clients use us for their mortgage and financial needs. 

George W. Burkley III has been the owner and Mortgage loan Originator of American Mortgage & Financial Services since October 1, 1996. His duties and responsibilities include management, mortgage origination's, financial & insurance planning for our clients as well as overseeing the daily operation of the company.","American Mortgage and Financial Services, LLC mentions complex mortgage products/workflows like: and not the bank. In addition to our mortgage services, we offer investment services for Auto & Home Insurance, retirement planning, college planning, savings, or in",complex-file doc checklist; borrower doc follow-up drafts by loan type; daily pipeline brief,"Hey George — quick specific idea.

I was looking at American Mortgage and Financial Services, LLC and noticed the mortgage workflow probably has a lot of borrower/doc follow-up hiding behind the scenes. American Mortgage and Financial Services, LLC mentions complex mortgage products/workflows like: and not the bank. In addition to our mortgage services, we offer investment services for Auto & Home Insurance, retirement planning, college planning, savings, or in

I’m testing a 7-day AIOS Quickstart for mortgage teams: 3 approval-only AI routines like complex-file doc checklist, borrower doc follow-up drafts by loan type, and daily pipeline brief.

No auto-sending. Just drafts, briefs, and follow-up queues your team approves.

Want me to send the 3 routines I’d set up for American Mortgage and Financial Services, LLC?","3 AI routines for American Mortgage and Financial Services, LLC","Hey George,

I was looking at American Mortgage and Financial Services, LLC and had a specific thought. Mortgage teams usually don’t need a giant AI strategy. They need the recurring borrower/admin work to stop eating the week.

What stood out: American Mortgage and Financial Services, LLC mentions complex mortgage products/workflows like: and not the bank. In addition to our mortgage services, we offer investment services for Auto & Home Insurance, retirement planning, college planning, savings, or in

I’m testing a 7-day AIOS Quickstart where I install 3 approval-gated routines for mortgage teams. For American Mortgage and Financial Services, LLC, I’d probably start with:

1. complex-file doc checklist
2. borrower doc follow-up drafts by loan type
3. daily pipeline brief

Everything stays approval-only — no AI auto-sending weird emails to borrowers. It drafts, summarizes, and queues the work so your team can move faster.

Worth sending over a quick version of what I’d install?

Ryan","Quick bump, George — I can make this concrete for American Mortgage and Financial Services, LLC.

I’d map 3 recurring workflows, install the approval-only drafts/briefs, and hand you a simple weekly operating rhythm. No giant dashboard, no auto-send.

Worth a quick look?"
156,103,"branch_manager | producer | small_team | revenue_can_pay | verified_email | linkedin_present | strong_mortgage_fit | doc_complex_products:jumbo,reverse,self-employed,fha",READY_FOR_LINKEDIN_AND_EMAIL,John,Doerr,John Doerr,Branch Manager/Senior Mortgage Loan Officer,senior,"CTC Mortgage Company, LLC (NMLS # 371182)","CTC Mortgage Company, LLC (NMLS # 371182)",jdoerr@ctcmortgage.net,REAL-TIME VERIFIED ON 26 May 26,https://www.linkedin.com/in/john-doerr-b010836,Summerville,South Carolina,ctcmortgage.com,https://www.linkedin.com/company/ctc-mortgage-llc,11-50,20,1000000-4999999,"conventional mortgage, fha mortgage, va mortgage, reverse mortgage, jumbo mortgage, va loans, self-employed mortgage programs","CTC Mortgage Company (NMLS # 371182) was developed for the purpose of providing customers with an exclusive financing service that is, not only competatively priced, but focused on providing customers with an unparalleled level of service. Our experienced representatives will help guide you through every step of the process to ensure you are making the right decisions specific to your long and short term financial goals, at the lowest overall cost. We service all of Florida, Georgia, and the Carolinas.","CTC Mortgage Company, LLC (NMLS # 371182) mentions complex mortgage products/workflows like: ventional mortgage, fha mortgage, va mortgage, reverse mortgage, jumbo mortgage, va loans, self-employed mortgage programs CTC Mortgage Company (NMLS # 371182) was d",complex-file doc checklist; borrower doc follow-up drafts by loan type; daily pipeline brief,"Hey John — quick specific idea.

I was looking at CTC Mortgage Company, LLC (NMLS # 371182) and noticed the mortgage workflow probably has a lot of borrower/doc follow-up hiding behind the scenes. CTC Mortgage Company, LLC (NMLS # 371182) mentions complex mortgage products/workflows like: ventional mortgage, fha mortgage, va mortgage, reverse mortgage, jumbo mortgage, va loans, self-employed mortgage programs CTC Mortgage Company (NMLS # 371182) was d

I’m testing a 7-day AIOS Quickstart for mortgage teams: 3 approval-only AI routines like complex-file doc checklist, borrower doc follow-up drafts by loan type, and daily pipeline brief.

No auto-sending. Just drafts, briefs, and follow-up queues your team approves.

Want me to send the 3 routines I’d set up for CTC Mortgage Company, LLC (NMLS # 371182)?","3 AI routines for CTC Mortgage Company, LLC (NMLS # 371182)","Hey John,

I was looking at CTC Mortgage Company, LLC (NMLS # 371182) and had a specific thought. Mortgage teams usually don’t need a giant AI strategy. They need the recurring borrower/admin work to stop eating the week.

What stood out: CTC Mortgage Company, LLC (NMLS # 371182) mentions complex mortgage products/workflows like: ventional mortgage, fha mortgage, va mortgage, reverse mortgage, jumbo mortgage, va loans, self-employed mortgage programs CTC Mortgage Company (NMLS # 371182) was d

I’m testing a 7-day AIOS Quickstart where I install 3 approval-gated routines for mortgage teams. For CTC Mortgage Company, LLC (NMLS # 371182), I’d probably start with:

1. complex-file doc checklist
2. borrower doc follow-up drafts by loan type
3. daily pipeline brief

Everything stays approval-only — no AI auto-sending weird emails to borrowers. It drafts, summarizes, and queues the work so your team can move faster.

Worth sending over a quick version of what I’d install?

Ryan","Quick bump, John — I can make this concrete for CTC Mortgage Company, LLC (NMLS # 371182).

I’d map 3 recurring workflows, install the approval-only drafts/briefs, and hand you a simple weekly operating rhythm. No giant dashboard, no auto-send.

Worth a quick look?"
157,103,"branch_manager | small_team | revenue_can_pay | verified_email | linkedin_present | strong_mortgage_fit | doc_complex_products:jumbo,construction,commercial,investment | broker_local_language",READY_FOR_LINKEDIN_AND_EMAIL,Feliks,Gitsin,Feliks Gitsin,Branch Manager,manager,Fort Funding Corp.,Fort Funding Corp.,fgitsin@fortfunding.com,REAL-TIME VERIFIED ON 26 May 26,https://www.linkedin.com/in/feliks-gitsin-a56119148,Brooklyn,New York,fortfunding.com,https://www.linkedin.com/company/fort-funding-corp,11-50,42,1000000-4999999,"residential mortgages, home loans, refinance, commercial mortgages, reverse mortgage, jumbo mortgage, fha mortgage, 203k mortgage, va mortgage, usda mortgage, rate & term refinance, cash out refinance, harp mortgage, construction loan, line of credit, lot & land loans","Launched in 1993, Fort Funding Corp. is committed to helping home and investment property owners find the perfect mortgage at the lowest rates.  With five offices throughout New York and New Jersey and an established network of hundreds of banks and lenders from all over the country, Fort Funding Corp. is one of the most trusted Mortgage Companies in the tri-state area today.

LICENSING INFORMATION & DETAILS
NEW YORK
Registered Mortgage Broker - New York State Department of Financial Services. NMLS #39463. License #RMB 209074
All loans arranged through third party providers.

NEW JERSEY
New Jersey Residential Mortgage Broker. Licensed by the NJ Department of Banking and Insurance.
We do not make any mortgage commitments or fund any loans. All loans arranged through third party providers.

CONNECTICUT
Connecticut Mortgage Broker - Connecticut Department of Banking.NMLS#39463.License #20264
Mortgage Broker only, not a Mortgage Lender or Mortgage Correspondent Lender.

PENNSYLVANIA
Licensed by the Pennsylvania Department of Banking and Securities. NMLS #39463. License #59975

FLORIDA
Licensed by the Florida Office of Financial Regulation. NMLS#39463. Lender License #MBR2367

CALIFORNIA
Licensed Under the California Department of Financial Protection and Innovation
California-DFPI    Financing Law License
NMLS#39463. License/Registration # 60DB0-148018","Fort Funding Corp. mentions complex mortgage products/workflows like: , home loans, refinance, commercial mortgages, reverse mortgage, jumbo mortgage, fha mortgage, 203k mortgage, va mortgage, usda mortgage, rate & term refinance, cash",complex-file doc checklist; construction/renovation loan condition tracker; borrower doc follow-up drafts by loan type,"Hey Feliks — quick specific idea.

I was looking at Fort Funding Corp. and noticed the mortgage workflow probably has a lot of borrower/doc follow-up hiding behind the scenes. Fort Funding Corp. mentions complex mortgage products/workflows like: , home loans, refinance, commercial mortgages, reverse mortgage, jumbo mortgage, fha mortgage, 203k mortgage, va mortgage, usda mortgage, rate & term refinance, cash

I’m testing a 7-day AIOS Quickstart for mortgage teams: 3 approval-only AI routines like complex-file doc checklist, construction/renovation loan condition tracker, and borrower doc follow-up drafts by loan type.

No auto-sending. Just drafts, briefs, and follow-up queues your team approves.

Want me to send the 3 routines I’d set up for Fort Funding Corp.?",3 AI routines for Fort Funding Corp.,"Hey Feliks,

I was looking at Fort Funding Corp. and had a specific thought. Mortgage teams usually don’t need a giant AI strategy. They need the recurring borrower/admin work to stop eating the week.

What stood out: Fort Funding Corp. mentions complex mortgage products/workflows like: , home loans, refinance, commercial mortgages, reverse mortgage, jumbo mortgage, fha mortgage, 203k mortgage, va mortgage, usda mortgage, rate & term refinance, cash

I’m testing a 7-day AIOS Quickstart where I install 3 approval-gated routines for mortgage teams. For Fort Funding Corp., I’d probably start with:

1. complex-file doc checklist
2. construction/renovation loan condition tracker
3. borrower doc follow-up drafts by loan type

Everything stays approval-only — no AI auto-sending weird emails to borrowers. It drafts, summarizes, and queues the work so your team can move faster.

Worth sending over a quick version of what I’d install?

Ryan","Quick bump, Feliks — I can make this concrete for Fort Funding Corp..

I’d map 3 recurring workflows, install the approval-only drafts/briefs, and hand you a simple weekly operating rhythm. No giant dashboard, no auto-send.

Worth a quick look?"
158,103,"branch_manager | scaled_but_not_enterprise | revenue_can_pay | verified_email | linkedin_present | strong_mortgage_fit | doc_complex_products:non-qm,jumbo,fha,va | speed_service_language:fast,efficient,technology,tech",READY_FOR_LINKEDIN_AND_EMAIL,Shane,Hollenback,Shane Hollenback,Branch Manager,manager,Lender Express Mortgage,Lender Express Mortgage,shane@lenderexpressmortgage.com,REAL-TIME VERIFIED ON 26 May 26,https://www.linkedin.com/in/shanehollenback,Phoenix,Arizona,lenderexpressmortgage.com,https://www.linkedin.com/company/lender-express-mortgage,51-200,38,1000000-4999999,"home loans, mortgages, refinance","Who is Lender Express?

Based in Arizona, the owners of Lender Express have spent the past two decades offering professional services to prospective and existing homeowners in order to help their customers experience the benefits of affordable homeownership.

Why Lender Express?

Low Rates

We believe that it is vital to be able to provide our customers access to the lowest rates in order to increase your buying power and improve your financial health.

Fast Loans

We strive to deliver a fast and easy loan process through the combination of experience and technology.  We work efficiently by giving proper loan advice upfront, responding quickly and expediting our processing and underwriting.

Exceptional Service

We are committed to providing exceptional service to you, our customer.  Our goal is to provide you the best home loan experience. That is why we always attempt to foresee potential obstacles in the loan approval process and deal with them before they become a potential challenge.  It is our mission to keep at bay any potential stress, frustration and anxiety that compromises the joy of the home buying experience.     

Extensive Products

We make sure that we have access to a wide spectrum of cutting-edge mortgage products to make sure we can offer more options to our diverse customer base.  Our portfolio of loan products include traditional products such as conventional, FHA, VA, USDA, jumbo loans, down payment assistance, non-QM, alternative income documentation and more.","Lender Express Mortgage mentions complex mortgage products/workflows like: nventional, FHA, VA, USDA, jumbo loans, down payment assistance, non-QM, alternative income documentation and more.",complex-file doc checklist; borrower doc follow-up drafts by loan type; daily pipeline brief,"Hey Shane — quick specific idea.

I was looking at Lender Express Mortgage and noticed the mortgage workflow probably has a lot of borrower/doc follow-up hiding behind the scenes. Lender Express Mortgage mentions complex mortgage products/workflows like: nventional, FHA, VA, USDA, jumbo loans, down payment assistance, non-QM, alternative income documentation and more.

I’m testing a 7-day AIOS Quickstart for mortgage teams: 3 approval-only AI routines like complex-file doc checklist, borrower doc follow-up drafts by loan type, and daily pipeline brief.

No auto-sending. Just drafts, briefs, and follow-up queues your team approves.

Want me to send the 3 routines I’d set up for Lender Express Mortgage?",3 AI routines for Lender Express Mortgage,"Hey Shane,

I was looking at Lender Express Mortgage and had a specific thought. Mortgage teams usually don’t need a giant AI strategy. They need the recurring borrower/admin work to stop eating the week.

What stood out: Lender Express Mortgage mentions complex mortgage products/workflows like: nventional, FHA, VA, USDA, jumbo loans, down payment assistance, non-QM, alternative income documentation and more.

I’m testing a 7-day AIOS Quickstart where I install 3 approval-gated routines for mortgage teams. For Lender Express Mortgage, I’d probably start with:

1. complex-file doc checklist
2. borrower doc follow-up drafts by loan type
3. daily pipeline brief

Everything stays approval-only — no AI auto-sending weird emails to borrowers. It drafts, summarizes, and queues the work so your team can move faster.

Worth sending over a quick version of what I’d install?

Ryan","Quick bump, Shane — I can make this concrete for Lender Express Mortgage.

I’d map 3 recurring workflows, install the approval-only drafts/briefs, and hand you a simple weekly operating rhythm. No giant dashboard, no auto-send.

Worth a quick look?"
159,102,"branch_manager | small_team | revenue_can_pay | verified_email | linkedin_present | strong_mortgage_fit | doc_complex_products:investor,va | speed_service_language:fast | broker_local_language",READY_FOR_LINKEDIN_AND_EMAIL,Alex,Miller,Alex Miller,"Branch Manager & Mortgage Banker, NMLS #1001323",manager,Pacific Trust Mortgage,Pacific Trust Mortgage,alex@pactm.com,REAL-TIME VERIFIED ON 26 May 26,https://www.linkedin.com/in/alexmillerptm,San Francisco Bay Area,,pacifictrustmortgage.com,https://www.linkedin.com/company/pacifictrustmortgage,11-50,29,1000000-4999999,"mortgage, home loans, lending, real estate finance","Pacific Trust Mortgage was originally founded in 2002 with the genuine belief in creating clients for life. Founded in San Luis Obispo, CA, PTM is rooted in the Central Coast and is fast becoming the preferred lending partner for Realtors, CPA’s, Financial Advisors, and builders alike.

Our correspondent lending model offers business partners and clients two distinct advantages:

1. A diversity of products from multiple investors resulting in the best rate and price.

2. The ability to control the process from pre-approval to funding, ensuring a punctual contingency removal and close of escrow.

NMLS #251821 – Pacific Trust Mortgage is comprised of referral based mortgage bankers operating independently within the company. Our reputation, commitment to service, integrity, and follow through are at the core of our business.

With locations in San Luis Obispo, Paso Robles, and the Bay Area, we look forward to a successful partnership with you and building clients for life. 

*Pacific Trust Mortgage is an equal housing lender. This is not a commitment to lend.",Pacific Trust Mortgage mentions complex mortgage products/workflows like: o distinct advantages: 1. A diversity of products from multiple investors resulting in the best rate and price. 2. The ability to control the process from pre-appr,borrower doc follow-up drafts by loan type; daily pipeline brief; missing-doc follow-up drafts,"Hey Alex — quick specific idea.

I was looking at Pacific Trust Mortgage and noticed the mortgage workflow probably has a lot of borrower/doc follow-up hiding behind the scenes. Pacific Trust Mortgage mentions complex mortgage products/workflows like: o distinct advantages: 1. A diversity of products from multiple investors resulting in the best rate and price. 2. The ability to control the process from pre-appr

I’m testing a 7-day AIOS Quickstart for mortgage teams: 3 approval-only AI routines like borrower doc follow-up drafts by loan type, daily pipeline brief, and missing-doc follow-up drafts.

No auto-sending. Just drafts, briefs, and follow-up queues your team approves.

Want me to send the 3 routines I’d set up for Pacific Trust Mortgage?",3 AI routines for Pacific Trust Mortgage,"Hey Alex,

I was looking at Pacific Trust Mortgage and had a specific thought. Mortgage teams usually don’t need a giant AI strategy. They need the recurring borrower/admin work to stop eating the week.

What stood out: Pacific Trust Mortgage mentions complex mortgage products/workflows like: o distinct advantages: 1. A diversity of products from multiple investors resulting in the best rate and price. 2. The ability to control the process from pre-appr

I’m testing a 7-day AIOS Quickstart where I install 3 approval-gated routines for mortgage teams. For Pacific Trust Mortgage, I’d probably start with:

1. borrower doc follow-up drafts by loan type
2. daily pipeline brief
3. missing-doc follow-up drafts

Everything stays approval-only — no AI auto-sending weird emails to borrowers. It drafts, summarizes, and queues the work so your team can move faster.

Worth sending over a quick version of what I’d install?

Ryan","Quick bump, Alex — I can make this concrete for Pacific Trust Mortgage.

I’d map 3 recurring workflows, install the approval-only drafts/briefs, and hand you a simple weekly operating rhythm. No giant dashboard, no auto-send.

Worth a quick look?"
160,102,"owner_or_founder | branch_manager | scaled_but_not_enterprise | revenue_can_pay | verified_email | linkedin_present | strong_mortgage_fit | doc_complex_products:commercial,va | speed_service_language:fast,customer service | bank_cu_deprioritize",READY_FOR_LINKEDIN_AND_EMAIL,Laurisa,Martone,Laurisa Martone,Vice President Sales Branch Manager,manager,Pacific Valley Bank,Pacific Valley Bank,laurisa.martone@pacificvalleybank.com,REAL-TIME VERIFIED ON 26 May 26,https://www.linkedin.com/in/laurisa-martone-488091205,Santa Cruz,California,pacificvalleybank.com,https://www.linkedin.com/company/pacific-valley-bank,51-200,76,1000000-4999999,"business banking, commercial lending, small business financing, merchant services, equipment financing, agribusiness financing, commercial real estate loans, online & mobile banking, community banking, relationship banking, lines of credit, deposit & checking solutions","Your Local Banking Partner on the Central Coast.

For over 20 years, Pacific Valley Bank has been a trusted financial partner for businesses in Monterey County, and the surrounding areas. We’re more than just a bank—we’re neighbors, deeply invested in the success of our community. With a team that understands the unique needs of local industries, we offer tailored financial solutions to help businesses thrive.

Being “truly local” means more than offering banking services. It’s about building lasting relationships, reinvesting in our community, and supporting businesses where we live and work. From personalized service to fast, local decision-making, we provide the tools, resources, and expertise to empower your business and strengthen our shared community.

We are Pacific Valley Bank. Let’s get this done.

Social Media Notice:

For your security, DO NOT share sensitive information such as account numbers, Social Security Numbers, or other personal details via social media platforms or regular email. For specific customer service inquiries, please contact us directly at 831-771-4330 or your local branch.

In compliance with federal law, Pacific Valley Bank cannot accept comments or information from or about individuals under the age of 13. Pacific Valley Bank does not collect information considered individually identifiable under the Children’s Online Privacy Protection Act (COPPA).

While Pacific Valley Bank values transparency and generally does not delete derogatory comments, exceptions may be made if comments compromise customer privacy or contain obscene or inappropriate content. We strive to understand the origin of any concerns to address and resolve issues effectively.

Member FDIC, Equal Housing Lender
NMLS #431480","Pacific Valley Bank mentions complex mortgage products/workflows like: business banking, commercial lending, small business financing, merchant services, equipment financing, agribusiness f",borrower doc follow-up drafts by loan type; daily pipeline brief; missing-doc follow-up drafts,"Hey Laurisa — quick specific idea.

I was looking at Pacific Valley Bank and noticed the mortgage workflow probably has a lot of borrower/doc follow-up hiding behind the scenes. Pacific Valley Bank mentions complex mortgage products/workflows like: business banking, commercial lending, small business financing, merchant services, equipment financing, agribusiness f

I’m testing a 7-day AIOS Quickstart for mortgage teams: 3 approval-only AI routines like borrower doc follow-up drafts by loan type, daily pipeline brief, and missing-doc follow-up drafts.

No auto-sending. Just drafts, briefs, and follow-up queues your team approves.

Want me to send the 3 routines I’d set up for Pacific Valley Bank?",3 AI routines for Pacific Valley Bank,"Hey Laurisa,

I was looking at Pacific Valley Bank and had a specific thought. Mortgage teams usually don’t need a giant AI strategy. They need the recurring borrower/admin work to stop eating the week.

What stood out: Pacific Valley Bank mentions complex mortgage products/workflows like: business banking, commercial lending, small business financing, merchant services, equipment financing, agribusiness f

I’m testing a 7-day AIOS Quickstart where I install 3 approval-gated routines for mortgage teams. For Pacific Valley Bank, I’d probably start with:

1. borrower doc follow-up drafts by loan type
2. daily pipeline brief
3. missing-doc follow-up drafts

Everything stays approval-only — no AI auto-sending weird emails to borrowers. It drafts, summarizes, and queues the work so your team can move faster.

Worth sending over a quick version of what I’d install?

Ryan","Quick bump, Laurisa — I can make this concrete for Pacific Valley Bank.

I’d map 3 recurring workflows, install the approval-only drafts/briefs, and hand you a simple weekly operating rhythm. No giant dashboard, no auto-send.

Worth a quick look?"
161,102,"branch_manager | small_team | revenue_can_pay | verified_email | linkedin_present | strong_mortgage_fit | doc_complex_products:jumbo,reverse,fha,va | speed_service_language:customer service",READY_FOR_LINKEDIN_AND_EMAIL,Kevin,Hawes,Kevin Hawes,Branch Manager,manager,Ability Ambeck Mortgage,Ability Ambeck Mortgage,khawes@abilitymortgage.com,REAL-TIME VERIFIED ON 26 May 26,https://www.linkedin.com/in/kevin-hawes-16b0a439,Ripon,California,abilityambeckmortgage.com,https://www.linkedin.com/company/ability-ambeck-mortgage,11-50,45,1000000-4999999,"home purchase loans, home refinance loans, cash out home loans, jumbo home loans, fha loans/va loans, usda loans, reverse mortgage loans, calhfa program, va cash out loans, down payment assistance programs, specialty loan products, conventional home loans","Mission Statement
Our mission is to lead with excellence as the premier mortgage banker focused on servitude through community outreach, client and partner relationships, and exceeding expectations.

Vision Statement
To raise the standard of customer service and experience while achieving personal and professional success.
We equip and empower our loan officers, teams, and employees with the tools and training to support our clients and business partners at every step of the mortgage process to achieve your desired outcome while proudly leading our communities as mortgage professionals.

Ability Ambeck Mortgage is a division of American Pacific Mortgage Corp, NMLS #1850. Equal Housing Opportunity |  Licensed in AL, AR, AZ, CA, CO, FL, GA, HI, ID, KY, LA, OR, NC, SC, TN, TX, WA, WV
American Pacific Mortgage AZ BK 0906702
Licensed by the Department of Financial Protection and Innovation under the CRMLA.
Georgia Residential Mortgage Licensee
Licensed under the Oregon Consumer Finance Act","Ability Ambeck Mortgage mentions complex mortgage products/workflows like: home purchase loans, home refinance loans, cash out home loans, jumbo home loans, fha loans/va loans, usda loans, reverse mortgage loans, calhfa program, va cash ou",complex-file doc checklist; borrower doc follow-up drafts by loan type; daily pipeline brief,"Hey Kevin — quick specific idea.

I was looking at Ability Ambeck Mortgage and noticed the mortgage workflow probably has a lot of borrower/doc follow-up hiding behind the scenes. Ability Ambeck Mortgage mentions complex mortgage products/workflows like: home purchase loans, home refinance loans, cash out home loans, jumbo home loans, fha loans/va loans, usda loans, reverse mortgage loans, calhfa program, va cash ou

I’m testing a 7-day AIOS Quickstart for mortgage teams: 3 approval-only AI routines like complex-file doc checklist, borrower doc follow-up drafts by loan type, and daily pipeline brief.

No auto-sending. Just drafts, briefs, and follow-up queues your team approves.

Want me to send the 3 routines I’d set up for Ability Ambeck Mortgage?",3 AI routines for Ability Ambeck Mortgage,"Hey Kevin,

I was looking at Ability Ambeck Mortgage and had a specific thought. Mortgage teams usually don’t need a giant AI strategy. They need the recurring borrower/admin work to stop eating the week.

What stood out: Ability Ambeck Mortgage mentions complex mortgage products/workflows like: home purchase loans, home refinance loans, cash out home loans, jumbo home loans, fha loans/va loans, usda loans, reverse mortgage loans, calhfa program, va cash ou

I’m testing a 7-day AIOS Quickstart where I install 3 approval-gated routines for mortgage teams. For Ability Ambeck Mortgage, I’d probably start with:

1. complex-file doc checklist
2. borrower doc follow-up drafts by loan type
3. daily pipeline brief

Everything stays approval-only — no AI auto-sending weird emails to borrowers. It drafts, summarizes, and queues the work so your team can move faster.

Worth sending over a quick version of what I’d install?

Ryan","Quick bump, Kevin — I can make this concrete for Ability Ambeck Mortgage.

I’d map 3 recurring workflows, install the approval-only drafts/briefs, and hand you a simple weekly operating rhythm. No giant dashboard, no auto-send.

Worth a quick look?"
162,102,owner_or_founder | branch_manager | scaled_but_not_enterprise | revenue_can_pay | verified_email | linkedin_present | mortgage_fit | doc_complex_products:va | speed_service_language:efficient,READY_FOR_LINKEDIN_AND_EMAIL,Zulema,Ochoa,Zulema Ochoa,Vice President / Branch Manager,manager,Valley Land Title Co.,Valley Land Title Co.,ochoaz@valleylandtitleco.com,REAL-TIME VERIFIED ON 26 May 26,https://www.linkedin.com/in/zulema-ochoa-286a0261,Weslaco,Texas,valleylandtitleco.com,https://www.linkedin.com/company/valley-land-title-co.,51-200,41,1000000-4999999,"land title insurance, tax service, title examination, escrow, real estate","Since 1919, Valley Land Title Co. has been insuring the American dream. With more than 250 years of combined experience and knowledge in the title industry, our team is committed to providing residents of the Rio Grande Valley efficient service with a personalized touch. Our staff of title professionals are dedicated in offering quality service and an exceptional customer experience to each of our customers.

Your property is one of the most important financial and emotional asset to you and your family. As with any important asset, it should be protected and insured. Valley Land Title Co. is here to do that for you.

We value your business and look forward to serving you.","Valley Land Title Co. mentions complex mortgage products/workflows like: tax service, title examination, escrow, real estate Since 1919, Valley Land Title Co. has been insuring the American dream. With more than 250 years of combined exp",borrower doc follow-up drafts by loan type; daily pipeline brief; missing-doc follow-up drafts,"Hey Zulema — quick specific idea.

I was looking at Valley Land Title Co. and noticed the mortgage workflow probably has a lot of borrower/doc follow-up hiding behind the scenes. Valley Land Title Co. mentions complex mortgage products/workflows like: tax service, title examination, escrow, real estate Since 1919, Valley Land Title Co. has been insuring the American dream. With more than 250 years of combined exp

I’m testing a 7-day AIOS Quickstart for mortgage teams: 3 approval-only AI routines like borrower doc follow-up drafts by loan type, daily pipeline brief, and missing-doc follow-up drafts.

No auto-sending. Just drafts, briefs, and follow-up queues your team approves.

Want me to send the 3 routines I’d set up for Valley Land Title Co.?",3 AI routines for Valley Land Title Co.,"Hey Zulema,

I was looking at Valley Land Title Co. and had a specific thought. Mortgage teams usually don’t need a giant AI strategy. They need the recurring borrower/admin work to stop eating the week.

What stood out: Valley Land Title Co. mentions complex mortgage products/workflows like: tax service, title examination, escrow, real estate Since 1919, Valley Land Title Co. has been insuring the American dream. With more than 250 years of combined exp

I’m testing a 7-day AIOS Quickstart where I install 3 approval-gated routines for mortgage teams. For Valley Land Title Co., I’d probably start with:

1. borrower doc follow-up drafts by loan type
2. daily pipeline brief
3. missing-doc follow-up drafts

Everything stays approval-only — no AI auto-sending weird emails to borrowers. It drafts, summarizes, and queues the work so your team can move faster.

Worth sending over a quick version of what I’d install?

Ryan","Quick bump, Zulema — I can make this concrete for Valley Land Title Co..

I’d map 3 recurring workflows, install the approval-only drafts/briefs, and hand you a simple weekly operating rhythm. No giant dashboard, no auto-send.

Worth a quick look?"
163,102,"branch_manager | scaled_but_not_enterprise | revenue_can_pay | verified_email | linkedin_present | strong_mortgage_fit | doc_complex_products:fha,va,usda | speed_service_language:technology,tech | broker_local_language",READY_FOR_LINKEDIN_AND_EMAIL,Len,Peeters,Len Peeters,Branch Manager,manager,"Semper Home Loans, Inc.","Semper Home Loans, Inc.",lpeeters@semperhomeloans.com,REAL-TIME VERIFIED ON 26 May 26,https://www.linkedin.com/in/len-peeters-37163091,Gilbert,Pennsylvania,semperhomeloans.com,https://www.linkedin.com/company/semper-home-loans,51-200,60,5000000-9999999,"mortgage lending, low rates, technology driven, refinancing, mobile mortgage, pre-approval, home buying, mortgage branch, va loans, fha loans, conventional loans, financing, marketing","Semper Home Loans is a continuously growing mortgage lender licensed in over 40 states closing FHA, VA, USDA, Fannie, Freddie, and non-conforming mortgages.  We are looking for “rock stars” that want to be part of the team. 

  

At Semper, we are driven by our passion to (1) Build a world-class company; (2) Be the best that we can be by serving our clients with honesty, respect, and consideration for their needs; and (3) Be surrounded by driven, success-oriented employees who exhibit an excellent work ethic and share our desire to be the best. 

  

Semper’s drive has resulted in our not only surviving tough economic times but growing during the last few years where countless brokers, lenders, and banks have gone out of business. We had the foresight to know that “treating people the way we wanted to be treated” would result in a foundation that would stand the test of time. We firmly believe that our employees are the soul of Semper and that by treating them with respect and dignity we will help them accomplish their personal goals. This is the formula for success… built Semper Style.



NMLS# 1053 (nmlsconsumeraccess.org)
To view a complete list of licensed states, please visit: https://semperhomeloans.com/disclaimers-disclosures/","Semper Home Loans, Inc. mentions complex mortgage products/workflows like: mortgage, pre-approval, home buying, mortgage branch, va loans, fha loans, conventional loans, financing, marketing Semper Home Loans is a continuously growing mort",borrower doc follow-up drafts by loan type; daily pipeline brief; missing-doc follow-up drafts,"Hey Len — quick specific idea.

I was looking at Semper Home Loans, Inc. and noticed the mortgage workflow probably has a lot of borrower/doc follow-up hiding behind the scenes. Semper Home Loans, Inc. mentions complex mortgage products/workflows like: mortgage, pre-approval, home buying, mortgage branch, va loans, fha loans, conventional loans, financing, marketing Semper Home Loans is a continuously growing mort

I’m testing a 7-day AIOS Quickstart for mortgage teams: 3 approval-only AI routines like borrower doc follow-up drafts by loan type, daily pipeline brief, and missing-doc follow-up drafts.

No auto-sending. Just drafts, briefs, and follow-up queues your team approves.

Want me to send the 3 routines I’d set up for Semper Home Loans, Inc.?","3 AI routines for Semper Home Loans, Inc.","Hey Len,

I was looking at Semper Home Loans, Inc. and had a specific thought. Mortgage teams usually don’t need a giant AI strategy. They need the recurring borrower/admin work to stop eating the week.

What stood out: Semper Home Loans, Inc. mentions complex mortgage products/workflows like: mortgage, pre-approval, home buying, mortgage branch, va loans, fha loans, conventional loans, financing, marketing Semper Home Loans is a continuously growing mort

I’m testing a 7-day AIOS Quickstart where I install 3 approval-gated routines for mortgage teams. For Semper Home Loans, Inc., I’d probably start with:

1. borrower doc follow-up drafts by loan type
2. daily pipeline brief
3. missing-doc follow-up drafts

Everything stays approval-only — no AI auto-sending weird emails to borrowers. It drafts, summarizes, and queues the work so your team can move faster.

Worth sending over a quick version of what I’d install?

Ryan","Quick bump, Len — I can make this concrete for Semper Home Loans, Inc..

I’d map 3 recurring workflows, install the approval-only drafts/briefs, and hand you a simple weekly operating rhythm. No giant dashboard, no auto-send.

Worth a quick look?"
164,102,"owner_or_founder | producer | small_team | verified_email | linkedin_present | strong_mortgage_fit | doc_complex_products:commercial,investment | speed_service_language:communication | broker_local_language",READY_FOR_LINKEDIN_AND_EMAIL,Fisayo Odunaike,- Texas Mortgage Genius,Fisayo Odunaike - Texas Mortgage Genius,Loan Officer/Broker Owner,owner,Texas Mortgage Genius,Texas Mortgage Genius,fisayo@texasmortgagegenius.com,REAL-TIME VERIFIED ON 25 May 26,https://www.linkedin.com/in/fisayo-odunaike-texas-mortgage-genius,Greater Houston,,texasmortgagegenius.com,https://www.linkedin.com/company/texas-mortgage-genius,2-10,1,0-99999,"real estate, mortgage loans, residential real estate, commercial real estate, real estate investing, real estate investments","At Texas Mortgage Genius we deliver the absolute best lending experience through knowledge, communication and care. Our mission supports the growth and strength of our communities and provides a pathway to the dream of home ownership.","Texas Mortgage Genius mentions complex mortgage products/workflows like: real estate, mortgage loans, residential real estate, commercial real estate, real estate investing, real estate investments At Texas Mortgage Genius we d",complex-file doc checklist; daily pipeline brief; missing-doc follow-up drafts,"Hey Fisayo Odunaike — quick specific idea.

I was looking at Texas Mortgage Genius and noticed the mortgage workflow probably has a lot of borrower/doc follow-up hiding behind the scenes. Texas Mortgage Genius mentions complex mortgage products/workflows like: real estate, mortgage loans, residential real estate, commercial real estate, real estate investing, real estate investments At Texas Mortgage Genius we d

I’m testing a 7-day AIOS Quickstart for mortgage teams: 3 approval-only AI routines like complex-file doc checklist, daily pipeline brief, and missing-doc follow-up drafts.

No auto-sending. Just drafts, briefs, and follow-up queues your team approves.

Want me to send the 3 routines I’d set up for Texas Mortgage Genius?",3 AI routines for Texas Mortgage Genius,"Hey Fisayo Odunaike,

I was looking at Texas Mortgage Genius and had a specific thought. Mortgage teams usually don’t need a giant AI strategy. They need the recurring borrower/admin work to stop eating the week.

What stood out: Texas Mortgage Genius mentions complex mortgage products/workflows like: real estate, mortgage loans, residential real estate, commercial real estate, real estate investing, real estate investments At Texas Mortgage Genius we d

I’m testing a 7-day AIOS Quickstart where I install 3 approval-gated routines for mortgage teams. For Texas Mortgage Genius, I’d probably start with:

1. complex-file doc checklist
2. daily pipeline brief
3. missing-doc follow-up drafts

Everything stays approval-only — no AI auto-sending weird emails to borrowers. It drafts, summarizes, and queues the work so your team can move faster.

Worth sending over a quick version of what I’d install?

Ryan","Quick bump, Fisayo Odunaike — I can make this concrete for Texas Mortgage Genius.

I’d map 3 recurring workflows, install the approval-only drafts/briefs, and hand you a simple weekly operating rhythm. No giant dashboard, no auto-send.

Worth a quick look?"
165,102,"branch_manager | small_team | revenue_can_pay | verified_email | linkedin_present | strong_mortgage_fit | doc_complex_products:construction,commercial,investment,hard money | speed_service_language:fast",READY_FOR_LINKEDIN_AND_EMAIL,Travis,Wefald,Travis Wefald,"Branch Manager at Optimus Capital, Inc. - Solution Oriented Investment Loans",manager,Optimus Capital,Optimus Capital,travis@optimuscapitalcorp.com,REAL-TIME VERIFIED ON 26 May 26,https://www.linkedin.com/in/travis-wefald-5618a2111,San Diego County,California,optimuscapitalcorp.com,https://www.linkedin.com/company/optimuscapital,11-50,51,1000000-4999999,"private lending, hard money loan, creative financing, foreign national financing, apartment loans, multi-family","Excellent Terms, Fast Execution and Closing, Simple Process, Save on Building Materials.  

Providing exclusive lending opportunities for high volume operators around the nation in commercial and residential (investment) real estate.  Having extensive experience as an operator, I understand the difficulties and the rewards of the industry and can help optimize your real estate portfolio.

Rates down to 7% for fix and flip program, up to 90% financing, 100% renovation cost financing

-Rehab / Flip
90% purchase 100% rehab fix and flip, true soft money loans.

-Construction Completion Financing
Once your home is at drywall or better, cash out!

-Rental Single Asset Loans
Long term capital for single rental units.

-Rental Portfolio Loans
Refinance up to 200 units with one blanket loan.

-Commercial: 
purchase, refinance, cash out commercial financing.

-New Construction, 
single asset, subdivision, master plan.

License #01979668","Optimus Capital mentions complex mortgage products/workflows like: p 90% purchase 100% rehab fix and flip, true soft money loans. -Construction Completion Financing Once your home is at drywall or better, cash out! -Rental Single",complex-file doc checklist; construction/renovation loan condition tracker; borrower doc follow-up drafts by loan type,"Hey Travis — quick specific idea.

I was looking at Optimus Capital and noticed the mortgage workflow probably has a lot of borrower/doc follow-up hiding behind the scenes. Optimus Capital mentions complex mortgage products/workflows like: p 90% purchase 100% rehab fix and flip, true soft money loans. -Construction Completion Financing Once your home is at drywall or better, cash out! -Rental Single

I’m testing a 7-day AIOS Quickstart for mortgage teams: 3 approval-only AI routines like complex-file doc checklist, construction/renovation loan condition tracker, and borrower doc follow-up drafts by loan type.

No auto-sending. Just drafts, briefs, and follow-up queues your team approves.

Want me to send the 3 routines I’d set up for Optimus Capital?",3 AI routines for Optimus Capital,"Hey Travis,

I was looking at Optimus Capital and had a specific thought. Mortgage teams usually don’t need a giant AI strategy. They need the recurring borrower/admin work to stop eating the week.

What stood out: Optimus Capital mentions complex mortgage products/workflows like: p 90% purchase 100% rehab fix and flip, true soft money loans. -Construction Completion Financing Once your home is at drywall or better, cash out! -Rental Single

I’m testing a 7-day AIOS Quickstart where I install 3 approval-gated routines for mortgage teams. For Optimus Capital, I’d probably start with:

1. complex-file doc checklist
2. construction/renovation loan condition tracker
3. borrower doc follow-up drafts by loan type

Everything stays approval-only — no AI auto-sending weird emails to borrowers. It drafts, summarizes, and queues the work so your team can move faster.

Worth sending over a quick version of what I’d install?

Ryan","Quick bump, Travis — I can make this concrete for Optimus Capital.

I’d map 3 recurring workflows, install the approval-only drafts/briefs, and hand you a simple weekly operating rhythm. No giant dashboard, no auto-send.

Worth a quick look?"
166,102,"branch_manager | scaled_but_not_enterprise | revenue_can_pay | verified_email | linkedin_present | strong_mortgage_fit | doc_complex_products:jumbo,fha,va | speed_service_language:streamlined,customer service | broker_local_language",READY_FOR_LINKEDIN_AND_EMAIL,Charles,B.,Charles B.,Producing Branch Manager / Loan Originator,senior,ML Mortgage Corp,ML Mortgage Corp,charles@mlmortgage.net,REAL-TIME VERIFIED ON 26 May 26,https://www.linkedin.com/in/charlesabeasley,Magnolia,Texas,mlmortgage.net,https://www.linkedin.com/company/ml-mortgage,51-200,75,1000000-4999999,"mortgage broker, mortgage lender, home loans, fha loans, calhfa loans, down payment assistance, jumbo loans, itin loans, bk ok, high balance loans, real estate, tax repair, loan officers, va loans , first time home buyers","At ML Mortgage Corp., we understand that the home mortgage process can be one of the biggest financial decisions of your life, so we have dedicated ourselves to ensuring that the process is as friendly, streamlined, and makes as much financial sense to you as possible. We at ML Mortgage Corp. understand that it’s a BIG DEAL. That’s why, since 2007, we have been helping homeowners get into the homes they want, as well as getting homeowners refinanced at the lower rates they deserve.

We promise to do our best for you, whether you're considering the purchase of a new home, or the refinance of the home you've loved for years. Our relationships with industry experts and leaders allow us to streamline the mortgage process and provide unbeatable customer service before, during and after. Over 55 years of combined experience means that we have spent decades building industry relationships and are able to pass along the benefits to you.

We only work with the best of the best and are very selective about who we work with in order to ensure the best customer experience possible. Our customers are our number one priority; if you’re not happy, we aren’t happy. We overcome complications, resolve problems, and always produce results. 

ML Mortgage Corp. is a state-licensed mortgage lender, NMLS ID #362312, licensed by the CA Department of Financial Protection and Innovation under the Finance Lenders Law, License #60DBO69831. For other states, visit www.mlmortgage.net. To verify licenses, visit www.nmlsconsumeraccess.org. All loans are subject to credit approval and acceptable collateral. Additional terms and conditions apply. Programs, rates, terms, and conditions may change without notice. Not all programs are available in all states. There is no guarantee that all borrowers will qualify. Restrictions may apply. This is not a commitment to lend. © 2024 ML Mortgage Corp. All rights reserved.","ML Mortgage Corp mentions complex mortgage products/workflows like: r, home loans, fha loans, calhfa loans, down payment assistance, jumbo loans, itin loans, bk ok, high balance loans, real estate, tax repair, loan officers, va loans",complex-file doc checklist; borrower doc follow-up drafts by loan type; daily pipeline brief,"Hey Charles — quick specific idea.

I was looking at ML Mortgage Corp and noticed the mortgage workflow probably has a lot of borrower/doc follow-up hiding behind the scenes. ML Mortgage Corp mentions complex mortgage products/workflows like: r, home loans, fha loans, calhfa loans, down payment assistance, jumbo loans, itin loans, bk ok, high balance loans, real estate, tax repair, loan officers, va loans

I’m testing a 7-day AIOS Quickstart for mortgage teams: 3 approval-only AI routines like complex-file doc checklist, borrower doc follow-up drafts by loan type, and daily pipeline brief.

No auto-sending. Just drafts, briefs, and follow-up queues your team approves.

Want me to send the 3 routines I’d set up for ML Mortgage Corp?",3 AI routines for ML Mortgage Corp,"Hey Charles,

I was looking at ML Mortgage Corp and had a specific thought. Mortgage teams usually don’t need a giant AI strategy. They need the recurring borrower/admin work to stop eating the week.

What stood out: ML Mortgage Corp mentions complex mortgage products/workflows like: r, home loans, fha loans, calhfa loans, down payment assistance, jumbo loans, itin loans, bk ok, high balance loans, real estate, tax repair, loan officers, va loans

I’m testing a 7-day AIOS Quickstart where I install 3 approval-gated routines for mortgage teams. For ML Mortgage Corp, I’d probably start with:

1. complex-file doc checklist
2. borrower doc follow-up drafts by loan type
3. daily pipeline brief

Everything stays approval-only — no AI auto-sending weird emails to borrowers. It drafts, summarizes, and queues the work so your team can move faster.

Worth sending over a quick version of what I’d install?

Ryan","Quick bump, Charles — I can make this concrete for ML Mortgage Corp.

I’d map 3 recurring workflows, install the approval-only drafts/briefs, and hand you a simple weekly operating rhythm. No giant dashboard, no auto-send.

Worth a quick look?"
167,102,"branch_manager | small_team | revenue_can_pay | verified_email | linkedin_present | strong_mortgage_fit | doc_complex_products:commercial,va | speed_service_language:fast | broker_local_language",READY_FOR_LINKEDIN_AND_EMAIL,Kathleen,Connerty,Kathleen Connerty,Branch Manager,manager,Pinnacle Mortgage Corp.,Pinnacle Mortgage Corp.,kconnerty@pinnaclemtgcorp.com,REAL-TIME VERIFIED ON 26 May 26,https://www.linkedin.com/in/kconnerty,Greater Boston,,pinnaclemtgcorp.com,https://www.linkedin.com/company/pinnacle-mortgage-corporation-manchester-nh,11-50,73,1000000-4999999,"residential mortgage broker, commercial mortgage broker, residential mortgage banker","Pinnacle Mortgage Corp. is your premier mortgage team servicing CT, FL, IN, MA, ME, VT and NH.  We pride ourselves in offering some of the lowest rates nationwide and making the loan process simple, straightforward and fast for borrowers seeking a mortgage in the markets we serve.
Whether you are first time home buyer, purchasing your dream home, refinancing an outstanding loan or consolidating debt, the highly experienced team at Pinnacle can help you.


For informational purposes only and is not a commitment to lend. Programs, rates, terms and conditions are subject to change at any time. Availability is dependent upon approved credit and documentation, acceptable appraisal, and market conditions. Not all programs are available in all areas. Pinnacle Mortgage Corporation is a New Hampshire Corporation headquartered at 835 Hanover Street, Unit 301 Manchester, NH 03104. NMLS# 1323739; www.pinnaclemtgcorp.com NH Mortgage Banker 20066-MB. CT Mortgage Broker # MB-1323739, ME Supervised Lender #1323739. MA Mortgage Broker #MB1323739, FL Loan Broker License #MBR-2898, IN SOS Loan Broker 1323739, VT Mortgage Broker, Rhode Island Loan Broker 20224301LB, South Carolina-DCA Mortgage Broker 1323739, Texas - SML Mortgage Company 1323739, Equal Housing Opportunity.","Pinnacle Mortgage Corp. mentions complex mortgage products/workflows like: residential mortgage broker, commercial mortgage broker, residential mortgage banker Pinnacle Mortgage Corp. is your premier mort",borrower doc follow-up drafts by loan type; daily pipeline brief; missing-doc follow-up drafts,"Hey Kathleen — quick specific idea.

I was looking at Pinnacle Mortgage Corp. and noticed the mortgage workflow probably has a lot of borrower/doc follow-up hiding behind the scenes. Pinnacle Mortgage Corp. mentions complex mortgage products/workflows like: residential mortgage broker, commercial mortgage broker, residential mortgage banker Pinnacle Mortgage Corp. is your premier mort

I’m testing a 7-day AIOS Quickstart for mortgage teams: 3 approval-only AI routines like borrower doc follow-up drafts by loan type, daily pipeline brief, and missing-doc follow-up drafts.

No auto-sending. Just drafts, briefs, and follow-up queues your team approves.

Want me to send the 3 routines I’d set up for Pinnacle Mortgage Corp.?",3 AI routines for Pinnacle Mortgage Corp.,"Hey Kathleen,

I was looking at Pinnacle Mortgage Corp. and had a specific thought. Mortgage teams usually don’t need a giant AI strategy. They need the recurring borrower/admin work to stop eating the week.

What stood out: Pinnacle Mortgage Corp. mentions complex mortgage products/workflows like: residential mortgage broker, commercial mortgage broker, residential mortgage banker Pinnacle Mortgage Corp. is your premier mort

I’m testing a 7-day AIOS Quickstart where I install 3 approval-gated routines for mortgage teams. For Pinnacle Mortgage Corp., I’d probably start with:

1. borrower doc follow-up drafts by loan type
2. daily pipeline brief
3. missing-doc follow-up drafts

Everything stays approval-only — no AI auto-sending weird emails to borrowers. It drafts, summarizes, and queues the work so your team can move faster.

Worth sending over a quick version of what I’d install?

Ryan","Quick bump, Kathleen — I can make this concrete for Pinnacle Mortgage Corp..

I’d map 3 recurring workflows, install the approval-only drafts/briefs, and hand you a simple weekly operating rhythm. No giant dashboard, no auto-send.

Worth a quick look?"
168,102,"branch_manager | scaled_but_not_enterprise | revenue_can_pay | verified_email | linkedin_present | strong_mortgage_fit | doc_complex_products:jumbo,fha,va | speed_service_language:streamlined,customer service | broker_local_language",READY_FOR_LINKEDIN_AND_EMAIL,Andrea,Fernandez,Andrea Fernandez,Branch Manager,manager,ML Mortgage Corp,ML Mortgage Corp,andrea@mlmortgage.net,REAL-TIME VERIFIED ON 26 May 26,https://www.linkedin.com/in/andrea-fernandez1,Las Vegas,Nevada,mlmortgage.net,https://www.linkedin.com/company/ml-mortgage,51-200,75,1000000-4999999,"mortgage broker, mortgage lender, home loans, fha loans, calhfa loans, down payment assistance, jumbo loans, itin loans, bk ok, high balance loans, real estate, tax repair, loan officers, va loans , first time home buyers","At ML Mortgage Corp., we understand that the home mortgage process can be one of the biggest financial decisions of your life, so we have dedicated ourselves to ensuring that the process is as friendly, streamlined, and makes as much financial sense to you as possible. We at ML Mortgage Corp. understand that it’s a BIG DEAL. That’s why, since 2007, we have been helping homeowners get into the homes they want, as well as getting homeowners refinanced at the lower rates they deserve.

We promise to do our best for you, whether you're considering the purchase of a new home, or the refinance of the home you've loved for years. Our relationships with industry experts and leaders allow us to streamline the mortgage process and provide unbeatable customer service before, during and after. Over 55 years of combined experience means that we have spent decades building industry relationships and are able to pass along the benefits to you.

We only work with the best of the best and are very selective about who we work with in order to ensure the best customer experience possible. Our customers are our number one priority; if you’re not happy, we aren’t happy. We overcome complications, resolve problems, and always produce results. 

ML Mortgage Corp. is a state-licensed mortgage lender, NMLS ID #362312, licensed by the CA Department of Financial Protection and Innovation under the Finance Lenders Law, License #60DBO69831. For other states, visit www.mlmortgage.net. To verify licenses, visit www.nmlsconsumeraccess.org. All loans are subject to credit approval and acceptable collateral. Additional terms and conditions apply. Programs, rates, terms, and conditions may change without notice. Not all programs are available in all states. There is no guarantee that all borrowers will qualify. Restrictions may apply. This is not a commitment to lend. © 2024 ML Mortgage Corp. All rights reserved.","ML Mortgage Corp mentions complex mortgage products/workflows like: r, home loans, fha loans, calhfa loans, down payment assistance, jumbo loans, itin loans, bk ok, high balance loans, real estate, tax repair, loan officers, va loans",complex-file doc checklist; borrower doc follow-up drafts by loan type; daily pipeline brief,"Hey Andrea — quick specific idea.

I was looking at ML Mortgage Corp and noticed the mortgage workflow probably has a lot of borrower/doc follow-up hiding behind the scenes. ML Mortgage Corp mentions complex mortgage products/workflows like: r, home loans, fha loans, calhfa loans, down payment assistance, jumbo loans, itin loans, bk ok, high balance loans, real estate, tax repair, loan officers, va loans

I’m testing a 7-day AIOS Quickstart for mortgage teams: 3 approval-only AI routines like complex-file doc checklist, borrower doc follow-up drafts by loan type, and daily pipeline brief.

No auto-sending. Just drafts, briefs, and follow-up queues your team approves.

Want me to send the 3 routines I’d set up for ML Mortgage Corp?",3 AI routines for ML Mortgage Corp,"Hey Andrea,

I was looking at ML Mortgage Corp and had a specific thought. Mortgage teams usually don’t need a giant AI strategy. They need the recurring borrower/admin work to stop eating the week.

What stood out: ML Mortgage Corp mentions complex mortgage products/workflows like: r, home loans, fha loans, calhfa loans, down payment assistance, jumbo loans, itin loans, bk ok, high balance loans, real estate, tax repair, loan officers, va loans

I’m testing a 7-day AIOS Quickstart where I install 3 approval-gated routines for mortgage teams. For ML Mortgage Corp, I’d probably start with:

1. complex-file doc checklist
2. borrower doc follow-up drafts by loan type
3. daily pipeline brief

Everything stays approval-only — no AI auto-sending weird emails to borrowers. It drafts, summarizes, and queues the work so your team can move faster.

Worth sending over a quick version of what I’d install?

Ryan","Quick bump, Andrea — I can make this concrete for ML Mortgage Corp.

I’d map 3 recurring workflows, install the approval-only drafts/briefs, and hand you a simple weekly operating rhythm. No giant dashboard, no auto-send.

Worth a quick look?"
169,102,"branch_manager | scaled_but_not_enterprise | revenue_can_pay | verified_email | linkedin_present | strong_mortgage_fit | doc_complex_products:fha,va,usda | speed_service_language:technology,tech | broker_local_language",READY_FOR_LINKEDIN_AND_EMAIL,Stephanie,Amedee,Stephanie Amedee,Branch Manager,manager,"Semper Home Loans, Inc.","Semper Home Loans, Inc.",samedee@semperhomeloans.com,REAL-TIME VERIFIED ON 26 May 26,https://www.linkedin.com/in/stephanie-amedee-9857ab74,Providence County,Rhode Island,semperhomeloans.com,https://www.linkedin.com/company/semper-home-loans,51-200,60,5000000-9999999,"mortgage lending, low rates, technology driven, refinancing, mobile mortgage, pre-approval, home buying, mortgage branch, va loans, fha loans, conventional loans, financing, marketing","Semper Home Loans is a continuously growing mortgage lender licensed in over 40 states closing FHA, VA, USDA, Fannie, Freddie, and non-conforming mortgages.  We are looking for “rock stars” that want to be part of the team. 

  

At Semper, we are driven by our passion to (1) Build a world-class company; (2) Be the best that we can be by serving our clients with honesty, respect, and consideration for their needs; and (3) Be surrounded by driven, success-oriented employees who exhibit an excellent work ethic and share our desire to be the best. 

  

Semper’s drive has resulted in our not only surviving tough economic times but growing during the last few years where countless brokers, lenders, and banks have gone out of business. We had the foresight to know that “treating people the way we wanted to be treated” would result in a foundation that would stand the test of time. We firmly believe that our employees are the soul of Semper and that by treating them with respect and dignity we will help them accomplish their personal goals. This is the formula for success… built Semper Style.



NMLS# 1053 (nmlsconsumeraccess.org)
To view a complete list of licensed states, please visit: https://semperhomeloans.com/disclaimers-disclosures/","Semper Home Loans, Inc. mentions complex mortgage products/workflows like: mortgage, pre-approval, home buying, mortgage branch, va loans, fha loans, conventional loans, financing, marketing Semper Home Loans is a continuously growing mort",borrower doc follow-up drafts by loan type; daily pipeline brief; missing-doc follow-up drafts,"Hey Stephanie — quick specific idea.

I was looking at Semper Home Loans, Inc. and noticed the mortgage workflow probably has a lot of borrower/doc follow-up hiding behind the scenes. Semper Home Loans, Inc. mentions complex mortgage products/workflows like: mortgage, pre-approval, home buying, mortgage branch, va loans, fha loans, conventional loans, financing, marketing Semper Home Loans is a continuously growing mort

I’m testing a 7-day AIOS Quickstart for mortgage teams: 3 approval-only AI routines like borrower doc follow-up drafts by loan type, daily pipeline brief, and missing-doc follow-up drafts.

No auto-sending. Just drafts, briefs, and follow-up queues your team approves.

Want me to send the 3 routines I’d set up for Semper Home Loans, Inc.?","3 AI routines for Semper Home Loans, Inc.","Hey Stephanie,

I was looking at Semper Home Loans, Inc. and had a specific thought. Mortgage teams usually don’t need a giant AI strategy. They need the recurring borrower/admin work to stop eating the week.

What stood out: Semper Home Loans, Inc. mentions complex mortgage products/workflows like: mortgage, pre-approval, home buying, mortgage branch, va loans, fha loans, conventional loans, financing, marketing Semper Home Loans is a continuously growing mort

I’m testing a 7-day AIOS Quickstart where I install 3 approval-gated routines for mortgage teams. For Semper Home Loans, Inc., I’d probably start with:

1. borrower doc follow-up drafts by loan type
2. daily pipeline brief
3. missing-doc follow-up drafts

Everything stays approval-only — no AI auto-sending weird emails to borrowers. It drafts, summarizes, and queues the work so your team can move faster.

Worth sending over a quick version of what I’d install?

Ryan","Quick bump, Stephanie — I can make this concrete for Semper Home Loans, Inc..

I’d map 3 recurring workflows, install the approval-only drafts/briefs, and hand you a simple weekly operating rhythm. No giant dashboard, no auto-send.

Worth a quick look?"
170,102,"owner_or_founder | producer | small_team | smaller_revenue | linkedin_present | strong_mortgage_fit | doc_complex_products:jumbo,commercial,investor,va | broker_local_language",READY_FOR_LINKEDIN_NEEDS_EMAIL,Britton,Hudson,Britton Hudson,Founder & CEO | Legacy Lender | Residential & Commercial Mortgage Broker,founder,M.B.S. Capital,M.B.S. Capital,,,https://www.linkedin.com/in/brittonhudson,San Ramon,California,http://www.mbscapital.net,https://www.linkedin.com/company/m-b-s-capital,2-10,2,100000-499999,"lending , home loans, financing, mortgages, jumbo loans","Real estate financing—without the chaos.

M.B.S. Capital helps buyers, investors, and entrepreneurs secure clear, strategic mortgage solutions across residential and commercial real estate. We cut through noise, strengthen buyer positions, and deliver funding with confidence and precision.

If you value clarity, speed, and smart structure—you're in the right place.

📍 California | Residential & Commercial Lending","M.B.S. Capital mentions complex mortgage products/workflows like: lending , home loans, financing, mortgages, jumbo loans Real estate financing—without the chaos. M.B.S. Capital helps buyers, investors, and en",complex-file doc checklist; borrower doc follow-up drafts by loan type; daily pipeline brief,"Hey Britton — quick specific idea.

I was looking at M.B.S. Capital and noticed the mortgage workflow probably has a lot of borrower/doc follow-up hiding behind the scenes. M.B.S. Capital mentions complex mortgage products/workflows like: lending , home loans, financing, mortgages, jumbo loans Real estate financing—without the chaos. M.B.S. Capital helps buyers, investors, and en

I’m testing a 7-day AIOS Quickstart for mortgage teams: 3 approval-only AI routines like complex-file doc checklist, borrower doc follow-up drafts by loan type, and daily pipeline brief.

No auto-sending. Just drafts, briefs, and follow-up queues your team approves.

Want me to send the 3 routines I’d set up for M.B.S. Capital?",3 AI routines for M.B.S. Capital,"Hey Britton,

I was looking at M.B.S. Capital and had a specific thought. Mortgage teams usually don’t need a giant AI strategy. They need the recurring borrower/admin work to stop eating the week.

What stood out: M.B.S. Capital mentions complex mortgage products/workflows like: lending , home loans, financing, mortgages, jumbo loans Real estate financing—without the chaos. M.B.S. Capital helps buyers, investors, and en

I’m testing a 7-day AIOS Quickstart where I install 3 approval-gated routines for mortgage teams. For M.B.S. Capital, I’d probably start with:

1. complex-file doc checklist
2. borrower doc follow-up drafts by loan type
3. daily pipeline brief

Everything stays approval-only — no AI auto-sending weird emails to borrowers. It drafts, summarizes, and queues the work so your team can move faster.

Worth sending over a quick version of what I’d install?

Ryan","Quick bump, Britton — I can make this concrete for M.B.S. Capital.

I’d map 3 recurring workflows, install the approval-only drafts/briefs, and hand you a simple weekly operating rhythm. No giant dashboard, no auto-send.

Worth a quick look?"
171,102,"branch_manager | small_team | smaller_revenue | verified_email | linkedin_present | strong_mortgage_fit | doc_complex_products:jumbo,fha,va,usda | speed_service_language:communication,easy,smooth",READY_FOR_LINKEDIN_AND_EMAIL,Migdalia,Montes,Migdalia Montes,Branch Manager,manager,"Method Mortgage, NMLS# 85408","Method Mortgage, NMLS# 85408",mm@methodmortgage.com,REAL-TIME VERIFIED ON 26 May 26,https://www.linkedin.com/in/migdalia-montes-a2729286,Holland,Michigan,methodmortgage.com,https://www.linkedin.com/company/methodmortgage,11-50,17,500000-999999,"competitive rates and mortgages for residential loans -  conventional, fha, va, usda, self employed borrowers, jumbo loans, purchase and refinance, first time homebuyers","Method Mortgage, formerly Principal Mortgage, was founded in Birmingham, Alabama in January 2007. Our work is dedicated to helping people achieve the dream of living in a home that they love and can afford. Whether you are purchasing or refinancing, we know mortgages are an important part of that process.

We have developed a method to demystify the mortgage process for our clients. We combine a very high level of service with expertise and communication so that, from start to finish, our clients’ experiences are as smooth as possible, and even enjoyable.

Every step of the way, our local lending professionals are a phone call, email or text away. We believe personal service is important, and you will always have quick and easy access to our team. Our past clients will be the first to tell you how helpful this is. That’s why more than 95% of our business comes from referrals.

When it comes to your mortgage, you need a helpful roadmap. And a friendly guide, too. Let Method Mortgage lead you to the smartest way home.

NMLS# 85408

Please visit or call us today.  We look forward to hearing from you. 

600 Vestavia Pkwy, Suite 203
Birmingham, AL 35216
Main: (205) 705-1650
Fax: (205) 705-1651
Toll Free: (866) 432-0112
NMLS# 85408 - methodmortgage.com","Method Mortgage, NMLS# 85408 mentions complex mortgage products/workflows like: l loans - conventional, fha, va, usda, self employed borrowers, jumbo loans, purchase and refinance, first time homebuyers Method Mortgage, formerly Principal Mortg",complex-file doc checklist; borrower doc follow-up drafts by loan type; daily pipeline brief,"Hey Migdalia — quick specific idea.

I was looking at Method Mortgage, NMLS# 85408 and noticed the mortgage workflow probably has a lot of borrower/doc follow-up hiding behind the scenes. Method Mortgage, NMLS# 85408 mentions complex mortgage products/workflows like: l loans - conventional, fha, va, usda, self employed borrowers, jumbo loans, purchase and refinance, first time homebuyers Method Mortgage, formerly Principal Mortg

I’m testing a 7-day AIOS Quickstart for mortgage teams: 3 approval-only AI routines like complex-file doc checklist, borrower doc follow-up drafts by loan type, and daily pipeline brief.

No auto-sending. Just drafts, briefs, and follow-up queues your team approves.

Want me to send the 3 routines I’d set up for Method Mortgage, NMLS# 85408?","3 AI routines for Method Mortgage, NMLS# 85408","Hey Migdalia,

I was looking at Method Mortgage, NMLS# 85408 and had a specific thought. Mortgage teams usually don’t need a giant AI strategy. They need the recurring borrower/admin work to stop eating the week.

What stood out: Method Mortgage, NMLS# 85408 mentions complex mortgage products/workflows like: l loans - conventional, fha, va, usda, self employed borrowers, jumbo loans, purchase and refinance, first time homebuyers Method Mortgage, formerly Principal Mortg

I’m testing a 7-day AIOS Quickstart where I install 3 approval-gated routines for mortgage teams. For Method Mortgage, NMLS# 85408, I’d probably start with:

1. complex-file doc checklist
2. borrower doc follow-up drafts by loan type
3. daily pipeline brief

Everything stays approval-only — no AI auto-sending weird emails to borrowers. It drafts, summarizes, and queues the work so your team can move faster.

Worth sending over a quick version of what I’d install?

Ryan","Quick bump, Migdalia — I can make this concrete for Method Mortgage, NMLS# 85408.

I’d map 3 recurring workflows, install the approval-only drafts/briefs, and hand you a simple weekly operating rhythm. No giant dashboard, no auto-send.

Worth a quick look?"
172,102,"branch_manager | small_team | revenue_can_pay | verified_email | linkedin_present | strong_mortgage_fit | doc_complex_products:commercial,va | speed_service_language:streamlined | broker_local_language",READY_FOR_LINKEDIN_AND_EMAIL,Mark,Taylor,Mark Taylor,Branch Manager,manager,"Resource Financial Services, Inc. NMLS ID#1339801","Resource Financial Services, Inc. NMLS ID#1339801",mtaylor@rfsmortgage.com,REAL-TIME VERIFIED ON 26 May 26,https://www.linkedin.com/in/mark-taylor-0517926,Sumter,South Carolina,resourcefinancialservices.com,https://www.linkedin.com/company/resource-financial-services-inc-,11-50,71,5000000-9999999,"residential mortgage loans, insurance -- life, auto, homeowners, commercial, va loans","Resource Financial Services was founded in 2008 by a handful of experienced mortgage bankers who wanted to make it easier to get a home loan in South Carolina.

We sold our company at the end of 2012, but we never left the mortgage industry and the opportunity to relaunch as Resource Financial Services presented itself at a perfect time. 

We are a seasoned team of mortgage bankers who believe everything about your home should make you happy, including the mortgage or refinance that enables you to live there. 

Our team of experienced mortgage professionals is dedicated to finding you the right loan with the best rates and terms to meet your unique needs. 
•	Our streamlined approval process gives you early answers- not last minute issues
•	We guarantee on-time closings that cut through the red tape
•	We guarantee to beat any lender's price with the lowest rates and best terms
•	We promise a hassle-free, enjoyable experience whether buying new a home or refinancing an existing   home
•	We are here to serve SC, NC and GA with convenient locations throughout North and South Carolina 

Everything we do for you will embody our core values of respect, integrity, service and excellence—which you can expect from every member of our team.

NMLS# 1339801.  www.NMLSconsumeraccess.org 
Mortgage Broker License listed under the name Resource Financial Services, Inc.
Alabama - License No. 22466
California - Licensed by the Department of Business Oversight under the California Residential Mortgage Lending Act, License No. 41DBO - 50352
Florida - Mortgage Lender License #MLD 1460
Georgia - Georgia Mortgage Lender License No. 46134
North Carolina - North Carolina Mortgage Lender License No. L - 164525
South Carolina - South Carolina BFI Mortgage Lender / Servicer License No. MLS - 1339801
Tennessee - Mortgage License #133211
Virginia - Virginia Lender License No. MC - 6706.","Resource Financial Services, Inc. NMLS ID#1339801 mentions complex mortgage products/workflows like: residential mortgage loans, insurance -- life, auto, homeowners, commercial, va loans Resource Financial Services was founded in 2008 by a handful of experienced mor",borrower doc follow-up drafts by loan type; daily pipeline brief; missing-doc follow-up drafts,"Hey Mark — quick specific idea.

I was looking at Resource Financial Services, Inc. NMLS ID#1339801 and noticed the mortgage workflow probably has a lot of borrower/doc follow-up hiding behind the scenes. Resource Financial Services, Inc. NMLS ID#1339801 mentions complex mortgage products/workflows like: residential mortgage loans, insurance -- life, auto, homeowners, commercial, va loans Resource Financial Services was founded in 2008 by a handful of experienced mor

I’m testing a 7-day AIOS Quickstart for mortgage teams: 3 approval-only AI routines like borrower doc follow-up drafts by loan type, daily pipeline brief, and missing-doc follow-up drafts.

No auto-sending. Just drafts, briefs, and follow-up queues your team approves.

Want me to send the 3 routines I’d set up for Resource Financial Services, Inc. NMLS ID#1339801?","3 AI routines for Resource Financial Services, Inc. NMLS ID#1339801","Hey Mark,

I was looking at Resource Financial Services, Inc. NMLS ID#1339801 and had a specific thought. Mortgage teams usually don’t need a giant AI strategy. They need the recurring borrower/admin work to stop eating the week.

What stood out: Resource Financial Services, Inc. NMLS ID#1339801 mentions complex mortgage products/workflows like: residential mortgage loans, insurance -- life, auto, homeowners, commercial, va loans Resource Financial Services was founded in 2008 by a handful of experienced mor

I’m testing a 7-day AIOS Quickstart where I install 3 approval-gated routines for mortgage teams. For Resource Financial Services, Inc. NMLS ID#1339801, I’d probably start with:

1. borrower doc follow-up drafts by loan type
2. daily pipeline brief
3. missing-doc follow-up drafts

Everything stays approval-only — no AI auto-sending weird emails to borrowers. It drafts, summarizes, and queues the work so your team can move faster.

Worth sending over a quick version of what I’d install?

Ryan","Quick bump, Mark — I can make this concrete for Resource Financial Services, Inc. NMLS ID#1339801.

I’d map 3 recurring workflows, install the approval-only drafts/briefs, and hand you a simple weekly operating rhythm. No giant dashboard, no auto-send.

Worth a quick look?"
173,102,owner_or_founder | branch_manager | producer | scaled_but_not_enterprise | revenue_can_pay | verified_email | linkedin_present | strong_mortgage_fit | doc_complex_products:commercial | bank_cu_deprioritize,READY_FOR_LINKEDIN_AND_EMAIL,Matthew,Waldrop,Matthew Waldrop,"Vice President, Branch Manager and Mortgage Loan Officer",manager,Longview Bank,Longview Bank,mwaldrop@longviewbank.com,REAL-TIME VERIFIED ON 26 May 26,https://www.linkedin.com/in/matthew-waldrop-3383397,Tuscola,Illinois,longviewbank.com,https://www.linkedin.com/company/longview-bank,51-200,44,1000000-4999999,"financial services, commercial bank","Longview Bank operates 13 branches across Champaign, Vermilion, Edgar, Clark, and Douglas counties in Illinois. Locations include Chrisman, Danville, Georgetown, Marshall, Newman, Ogden (Corporate Office), Paris, Royal, Sidney, St. Joseph, Tilton, Tuscola, Villa Grove. Founded in 1899, Longview Bank has a long history of serving rural communities. Longview Bank continues to focus on local relationships, agricultural lending, and community development.","Longview Bank mentions complex mortgage products/workflows like: financial services, commercial bank Longview Bank operates 13 branches across Champaign, Vermilion, Edgar, Clark, and Do",daily pipeline brief; missing-doc follow-up drafts; stale borrower/realtor follow-up queue,"Hey Matthew — quick specific idea.

I was looking at Longview Bank and noticed the mortgage workflow probably has a lot of borrower/doc follow-up hiding behind the scenes. Longview Bank mentions complex mortgage products/workflows like: financial services, commercial bank Longview Bank operates 13 branches across Champaign, Vermilion, Edgar, Clark, and Do

I’m testing a 7-day AIOS Quickstart for mortgage teams: 3 approval-only AI routines like daily pipeline brief, missing-doc follow-up drafts, and stale borrower/realtor follow-up queue.

No auto-sending. Just drafts, briefs, and follow-up queues your team approves.

Want me to send the 3 routines I’d set up for Longview Bank?",3 AI routines for Longview Bank,"Hey Matthew,

I was looking at Longview Bank and had a specific thought. Mortgage teams usually don’t need a giant AI strategy. They need the recurring borrower/admin work to stop eating the week.

What stood out: Longview Bank mentions complex mortgage products/workflows like: financial services, commercial bank Longview Bank operates 13 branches across Champaign, Vermilion, Edgar, Clark, and Do

I’m testing a 7-day AIOS Quickstart where I install 3 approval-gated routines for mortgage teams. For Longview Bank, I’d probably start with:

1. daily pipeline brief
2. missing-doc follow-up drafts
3. stale borrower/realtor follow-up queue

Everything stays approval-only — no AI auto-sending weird emails to borrowers. It drafts, summarizes, and queues the work so your team can move faster.

Worth sending over a quick version of what I’d install?

Ryan","Quick bump, Matthew — I can make this concrete for Longview Bank.

I’d map 3 recurring workflows, install the approval-only drafts/briefs, and hand you a simple weekly operating rhythm. No giant dashboard, no auto-send.

Worth a quick look?"
174,102,"branch_manager | small_team | revenue_can_pay | verified_email | linkedin_present | strong_mortgage_fit | doc_complex_products:commercial,va | speed_service_language:fast | broker_local_language",READY_FOR_LINKEDIN_AND_EMAIL,Dave,Costa,Dave Costa,Branch Manager,manager,Pinnacle Mortgage Corp.,Pinnacle Mortgage Corp.,dcosta@pinnaclemtgcorp.com,REAL-TIME VERIFIED ON 26 May 26,https://www.linkedin.com/in/dave-costa-5a36631,Greater Boston,,pinnaclemtgcorp.com,https://www.linkedin.com/company/pinnacle-mortgage-corporation-manchester-nh,11-50,73,1000000-4999999,"residential mortgage broker, commercial mortgage broker, residential mortgage banker","Pinnacle Mortgage Corp. is your premier mortgage team servicing CT, FL, IN, MA, ME, VT and NH.  We pride ourselves in offering some of the lowest rates nationwide and making the loan process simple, straightforward and fast for borrowers seeking a mortgage in the markets we serve.
Whether you are first time home buyer, purchasing your dream home, refinancing an outstanding loan or consolidating debt, the highly experienced team at Pinnacle can help you.


For informational purposes only and is not a commitment to lend. Programs, rates, terms and conditions are subject to change at any time. Availability is dependent upon approved credit and documentation, acceptable appraisal, and market conditions. Not all programs are available in all areas. Pinnacle Mortgage Corporation is a New Hampshire Corporation headquartered at 835 Hanover Street, Unit 301 Manchester, NH 03104. NMLS# 1323739; www.pinnaclemtgcorp.com NH Mortgage Banker 20066-MB. CT Mortgage Broker # MB-1323739, ME Supervised Lender #1323739. MA Mortgage Broker #MB1323739, FL Loan Broker License #MBR-2898, IN SOS Loan Broker 1323739, VT Mortgage Broker, Rhode Island Loan Broker 20224301LB, South Carolina-DCA Mortgage Broker 1323739, Texas - SML Mortgage Company 1323739, Equal Housing Opportunity.","Pinnacle Mortgage Corp. mentions complex mortgage products/workflows like: residential mortgage broker, commercial mortgage broker, residential mortgage banker Pinnacle Mortgage Corp. is your premier mort",borrower doc follow-up drafts by loan type; daily pipeline brief; missing-doc follow-up drafts,"Hey Dave — quick specific idea.

I was looking at Pinnacle Mortgage Corp. and noticed the mortgage workflow probably has a lot of borrower/doc follow-up hiding behind the scenes. Pinnacle Mortgage Corp. mentions complex mortgage products/workflows like: residential mortgage broker, commercial mortgage broker, residential mortgage banker Pinnacle Mortgage Corp. is your premier mort

I’m testing a 7-day AIOS Quickstart for mortgage teams: 3 approval-only AI routines like borrower doc follow-up drafts by loan type, daily pipeline brief, and missing-doc follow-up drafts.

No auto-sending. Just drafts, briefs, and follow-up queues your team approves.

Want me to send the 3 routines I’d set up for Pinnacle Mortgage Corp.?",3 AI routines for Pinnacle Mortgage Corp.,"Hey Dave,

I was looking at Pinnacle Mortgage Corp. and had a specific thought. Mortgage teams usually don’t need a giant AI strategy. They need the recurring borrower/admin work to stop eating the week.

What stood out: Pinnacle Mortgage Corp. mentions complex mortgage products/workflows like: residential mortgage broker, commercial mortgage broker, residential mortgage banker Pinnacle Mortgage Corp. is your premier mort

I’m testing a 7-day AIOS Quickstart where I install 3 approval-gated routines for mortgage teams. For Pinnacle Mortgage Corp., I’d probably start with:

1. borrower doc follow-up drafts by loan type
2. daily pipeline brief
3. missing-doc follow-up drafts

Everything stays approval-only — no AI auto-sending weird emails to borrowers. It drafts, summarizes, and queues the work so your team can move faster.

Worth sending over a quick version of what I’d install?

Ryan","Quick bump, Dave — I can make this concrete for Pinnacle Mortgage Corp..

I’d map 3 recurring workflows, install the approval-only drafts/briefs, and hand you a simple weekly operating rhythm. No giant dashboard, no auto-send.

Worth a quick look?"
175,102,"owner_or_founder | producer | small_team | smaller_revenue | linkedin_present | strong_mortgage_fit | doc_complex_products:non-qm,investment,investor,dscr | speed_service_language:easy",READY_FOR_LINKEDIN_NEEDS_EMAIL,Drew,Hittner,Drew The House Hacker Hittner,Business Owner | Senior Loan Officer,senior,Host Loan,Host Loan,,,https://www.linkedin.com/in/drewthehousehacker,Scottsdale,Arizona,hostloan.co,https://www.linkedin.com/company/hostloanco,2-10,2,100000-499999,"mortgage, airbnb lending, short-term rentals, non-qm loans, mortgage loans, mortgage consulting, real estate investment, second home mortgage, dscr loans, str loans, fix and flips, va loans, fda loans","Provide easy to understand, and tailored lending solutions to consumers and investors of any experience.","Host Loan mentions complex mortgage products/workflows like: mortgage, airbnb lending, short-term rentals, non-qm loans, mortgage loans, mortgage consulting, real estate investment, second home mortgage, dsc",complex-file doc checklist; borrower doc follow-up drafts by loan type; daily pipeline brief,"Hey Drew — quick specific idea.

I was looking at Host Loan and noticed the mortgage workflow probably has a lot of borrower/doc follow-up hiding behind the scenes. Host Loan mentions complex mortgage products/workflows like: mortgage, airbnb lending, short-term rentals, non-qm loans, mortgage loans, mortgage consulting, real estate investment, second home mortgage, dsc

I’m testing a 7-day AIOS Quickstart for mortgage teams: 3 approval-only AI routines like complex-file doc checklist, borrower doc follow-up drafts by loan type, and daily pipeline brief.

No auto-sending. Just drafts, briefs, and follow-up queues your team approves.

Want me to send the 3 routines I’d set up for Host Loan?",3 AI routines for Host Loan,"Hey Drew,

I was looking at Host Loan and had a specific thought. Mortgage teams usually don’t need a giant AI strategy. They need the recurring borrower/admin work to stop eating the week.

What stood out: Host Loan mentions complex mortgage products/workflows like: mortgage, airbnb lending, short-term rentals, non-qm loans, mortgage loans, mortgage consulting, real estate investment, second home mortgage, dsc

I’m testing a 7-day AIOS Quickstart where I install 3 approval-gated routines for mortgage teams. For Host Loan, I’d probably start with:

1. complex-file doc checklist
2. borrower doc follow-up drafts by loan type
3. daily pipeline brief

Everything stays approval-only — no AI auto-sending weird emails to borrowers. It drafts, summarizes, and queues the work so your team can move faster.

Worth sending over a quick version of what I’d install?

Ryan","Quick bump, Drew — I can make this concrete for Host Loan.

I’d map 3 recurring workflows, install the approval-only drafts/briefs, and hand you a simple weekly operating rhythm. No giant dashboard, no auto-send.

Worth a quick look?"
176,102,"owner_or_founder | producer | small_team | smaller_revenue | linkedin_present | strong_mortgage_fit | doc_complex_products:construction,commercial,hard money,fha | broker_local_language",READY_FOR_LINKEDIN_NEEDS_EMAIL,Gabe,Ostrow,Gabe Ostrow,Real Estate & Mortgage Broker/Owner,owner,Ridge Realty LA,Ridge Realty LA,,,https://www.linkedin.com/in/gabeostrow,Los Angeles,California,ridgerealtyla.com,https://www.linkedin.com/company/la-ridge-realty,2-10,14,100000-499999,"owner representation, short sale services, buyer representation, residential real estate services, mortgages, loans, commercial","Residential & Commercial Mortgage & Real Estate

Gabe Ostrow has been the broker and owner of Ridge Realty and started recruiting agents and expanding his brokerage activity over the past few years.

Being a Realtor for over thirteen years, Gabe has realized that this is his calling – training and coaching agents. Gabe believes that every agent can be successful in their field by following simple steps, and therefore Gabe has been dedicated to each of his agents’ success.

Gabe is also a loan and mortgage broker, and therefore also understands the market changes and can advise and assist his agents by getting their clients approved for loans easily and quickly.

By being an active committee member of the SRAR (Southland Regional Association of Realtors) Education and Young Professionals committees, Gabe uses his knowledge and activism to be a community leader and make a difference in the local real estate community.

Gabe’s experience includes: Representing sellers and buyers on Single family residential properties, Condos, Multi-units, new construction and more. Gabe is also experienced in the loan and mortgage fields – including FHA, conventional, construction loans, Hard money loans and so much more.

Gabe dedicates his time to his agents by providing weekly training and coaching geared towards their growth and success, as well as bi-monthly coaching sessions open for the community with special key-note speakers.

Gabe is a loving father of three children and a devoted husband who enjoys fishing, cycling and spending time with his family.","Ridge Realty LA mentions complex mortgage products/workflows like: n Single family residential properties, Condos, Multi-units, new construction and more. Gabe is also experienced in the loan and mortgage fields – including FHA, con",construction/renovation loan condition tracker; borrower doc follow-up drafts by loan type; daily pipeline brief,"Hey Gabe — quick specific idea.

I was looking at Ridge Realty LA and noticed the mortgage workflow probably has a lot of borrower/doc follow-up hiding behind the scenes. Ridge Realty LA mentions complex mortgage products/workflows like: n Single family residential properties, Condos, Multi-units, new construction and more. Gabe is also experienced in the loan and mortgage fields – including FHA, con

I’m testing a 7-day AIOS Quickstart for mortgage teams: 3 approval-only AI routines like construction/renovation loan condition tracker, borrower doc follow-up drafts by loan type, and daily pipeline brief.

No auto-sending. Just drafts, briefs, and follow-up queues your team approves.

Want me to send the 3 routines I’d set up for Ridge Realty LA?",3 AI routines for Ridge Realty LA,"Hey Gabe,

I was looking at Ridge Realty LA and had a specific thought. Mortgage teams usually don’t need a giant AI strategy. They need the recurring borrower/admin work to stop eating the week.

What stood out: Ridge Realty LA mentions complex mortgage products/workflows like: n Single family residential properties, Condos, Multi-units, new construction and more. Gabe is also experienced in the loan and mortgage fields – including FHA, con

I’m testing a 7-day AIOS Quickstart where I install 3 approval-gated routines for mortgage teams. For Ridge Realty LA, I’d probably start with:

1. construction/renovation loan condition tracker
2. borrower doc follow-up drafts by loan type
3. daily pipeline brief

Everything stays approval-only — no AI auto-sending weird emails to borrowers. It drafts, summarizes, and queues the work so your team can move faster.

Worth sending over a quick version of what I’d install?

Ryan","Quick bump, Gabe — I can make this concrete for Ridge Realty LA.

I’d map 3 recurring workflows, install the approval-only drafts/briefs, and hand you a simple weekly operating rhythm. No giant dashboard, no auto-send.

Worth a quick look?"
177,102,owner_or_founder | producer | small_team | revenue_can_pay | linkedin_present | strong_mortgage_fit | doc_complex_products:va | speed_service_language:customer service | broker_local_language,READY_FOR_LINKEDIN_NEEDS_EMAIL,Christopher Mark,Khemmoro,Christopher Mark Khemmoro,Mortgage Broker/President,c_suite,Lend-A-Loan LLC,Lend-A-Loan LLC,,,https://www.linkedin.com/in/christopher-mark-khemmoro-689179172,Detroit Metropolitan Area,,lendaloanmortgage.com,https://www.linkedin.com/company/lendaloan,11-50,37,1000000-4999999,,"We are a team of mortgage brokers who prioritize customer service to simplify the home loan process! At Lend-A-Loan LLC, we are proud to be an Equal Housing Opportunity company, committed to providing fair and equitable lending services to all individuals without discrimination.

Licensed in 29 states: AL, AZ, CA, CO, FL, GA, IA, ID, IL, IN, KS, KY, LA, MD, MI, MN, MS, NE, NC, OH, OK, OR, PA, SC, TN, TX, VA, WA, WI

Company NMLS #2101891
https://www.nmlsconsumeraccess.org/
Equal Housing Opportunity

Privacy Policy: 
https://lendaloanmortgage.com/privacy-policy/

Recovery Fund Notice for Texas Loan:
https://lendaloanmortgage.com/wp-content/uploads/2024/06/Company-Recovery-Fund-Notice-for-TX-1.pdf","Lend-A-Loan LLC mentions complex mortgage products/workflows like: KS, KY, LA, MD, MI, MN, MS, NE, NC, OH, OK, OR, PA, SC, TN, TX, VA, WA, WI Company NMLS #2101891 https://www.nmlsconsumeraccess.org/ Equal Housing Opportunity Pri",borrower doc follow-up drafts by loan type; daily pipeline brief; missing-doc follow-up drafts,"Hey Christopher Mark — quick specific idea.

I was looking at Lend-A-Loan LLC and noticed the mortgage workflow probably has a lot of borrower/doc follow-up hiding behind the scenes. Lend-A-Loan LLC mentions complex mortgage products/workflows like: KS, KY, LA, MD, MI, MN, MS, NE, NC, OH, OK, OR, PA, SC, TN, TX, VA, WA, WI Company NMLS #2101891 https://www.nmlsconsumeraccess.org/ Equal Housing Opportunity Pri

I’m testing a 7-day AIOS Quickstart for mortgage teams: 3 approval-only AI routines like borrower doc follow-up drafts by loan type, daily pipeline brief, and missing-doc follow-up drafts.

No auto-sending. Just drafts, briefs, and follow-up queues your team approves.

Want me to send the 3 routines I’d set up for Lend-A-Loan LLC?",3 AI routines for Lend-A-Loan LLC,"Hey Christopher Mark,

I was looking at Lend-A-Loan LLC and had a specific thought. Mortgage teams usually don’t need a giant AI strategy. They need the recurring borrower/admin work to stop eating the week.

What stood out: Lend-A-Loan LLC mentions complex mortgage products/workflows like: KS, KY, LA, MD, MI, MN, MS, NE, NC, OH, OK, OR, PA, SC, TN, TX, VA, WA, WI Company NMLS #2101891 https://www.nmlsconsumeraccess.org/ Equal Housing Opportunity Pri

I’m testing a 7-day AIOS Quickstart where I install 3 approval-gated routines for mortgage teams. For Lend-A-Loan LLC, I’d probably start with:

1. borrower doc follow-up drafts by loan type
2. daily pipeline brief
3. missing-doc follow-up drafts

Everything stays approval-only — no AI auto-sending weird emails to borrowers. It drafts, summarizes, and queues the work so your team can move faster.

Worth sending over a quick version of what I’d install?

Ryan","Quick bump, Christopher Mark — I can make this concrete for Lend-A-Loan LLC.

I’d map 3 recurring workflows, install the approval-only drafts/briefs, and hand you a simple weekly operating rhythm. No giant dashboard, no auto-send.

Worth a quick look?"
178,101,"branch_manager | small_team | revenue_can_pay | verified_email | linkedin_present | strong_mortgage_fit | doc_complex_products:fha,va | speed_service_language:fast,communication,seamless,customer service",READY_FOR_LINKEDIN_AND_EMAIL,Justin,Kashat,Justin Kashat,Branch Manager,senior,Turbo Mortgage Funding,Turbo Mortgage Funding,justin@turbomortgagefunding.com,REAL-TIME VERIFIED ON 26 May 26,https://www.linkedin.com/in/justin-kashat-5517872b0,Farmington,Michigan,turbomtgfunding.com,https://www.linkedin.com/company/turbomortgagefunding,11-50,26,1000000-4999999,"mortgages, refinancing, va loans, customer service","Helping homeowners nationwide secure the best mortgage solutions with unbeatable low interest rates, personalized guidance, and a seamless, stress-free experience. Whether you're purchasing your first home, refinancing, or exploring your loan options — we’re here to make it simple.

🏡 Home Loans | FHA | VA | Conventional | Refinance
📞 Fast Pre-Approvals | Clear Communication | Tailored Solutions
🔒 NMLS #1911058 | Equal Housing Opportunity

Let’s turn your homeownership goals into reality!",Turbo Mortgage Funding mentions complex mortgage products/workflows like: our loan options — we’re here to make it simple. 🏡 Home Loans | FHA | VA | Conventional | Refinance 📞 Fast Pre-Approvals | Clear Communication | Tailored Solutions,borrower doc follow-up drafts by loan type; daily pipeline brief; missing-doc follow-up drafts,"Hey Justin — quick specific idea.

I was looking at Turbo Mortgage Funding and noticed the mortgage workflow probably has a lot of borrower/doc follow-up hiding behind the scenes. Turbo Mortgage Funding mentions complex mortgage products/workflows like: our loan options — we’re here to make it simple. 🏡 Home Loans | FHA | VA | Conventional | Refinance 📞 Fast Pre-Approvals | Clear Communication | Tailored Solutions

I’m testing a 7-day AIOS Quickstart for mortgage teams: 3 approval-only AI routines like borrower doc follow-up drafts by loan type, daily pipeline brief, and missing-doc follow-up drafts.

No auto-sending. Just drafts, briefs, and follow-up queues your team approves.

Want me to send the 3 routines I’d set up for Turbo Mortgage Funding?",3 AI routines for Turbo Mortgage Funding,"Hey Justin,

I was looking at Turbo Mortgage Funding and had a specific thought. Mortgage teams usually don’t need a giant AI strategy. They need the recurring borrower/admin work to stop eating the week.

What stood out: Turbo Mortgage Funding mentions complex mortgage products/workflows like: our loan options — we’re here to make it simple. 🏡 Home Loans | FHA | VA | Conventional | Refinance 📞 Fast Pre-Approvals | Clear Communication | Tailored Solutions

I’m testing a 7-day AIOS Quickstart where I install 3 approval-gated routines for mortgage teams. For Turbo Mortgage Funding, I’d probably start with:

1. borrower doc follow-up drafts by loan type
2. daily pipeline brief
3. missing-doc follow-up drafts

Everything stays approval-only — no AI auto-sending weird emails to borrowers. It drafts, summarizes, and queues the work so your team can move faster.

Worth sending over a quick version of what I’d install?

Ryan","Quick bump, Justin — I can make this concrete for Turbo Mortgage Funding.

I’d map 3 recurring workflows, install the approval-only drafts/briefs, and hand you a simple weekly operating rhythm. No giant dashboard, no auto-send.

Worth a quick look?"
179,101,"branch_manager | small_team | revenue_can_pay | linkedin_present | strong_mortgage_fit | doc_complex_products:jumbo,construction,investment,reverse | speed_service_language:technology,tech,easy | broker_local_language",READY_FOR_LINKEDIN_NEEDS_EMAIL,Justin,Willis,Justin Willis,Branch Manager,manager,Zero Point Mortgage Services,Zero Point Mortgage Services,,,https://www.linkedin.com/in/justin-willis-aba10ab3,Aurora,Colorado,zpmloans.com,https://www.linkedin.com/company/zero-point-mortgage-services,11-50,58,1000000-4999999,"fha loans, conventional loans, va loans, usda loans, jumbo loans, reverse mortgages, investment properties, 203k rehab loans","At Zero Point Mortgage, we can do most any residential mortgage loan, including FHA, VA, Conventional, USDA, Jumbo, Investment properties, Construction loans, 203k rehab loans,  Reverse mortgages and more. 

The mortgage industry is always changing and the value of an effective mortgage professional has never been greater. Banks are taking more time to complete the process of approving a loan, and time is of the essence. High-technology and a large pool of mortgage lenders enable us to determine the most effective mortgage lender for each situation. This provides us an advantage in both price and product over brokers or bankers who limit themselves to just a few mortgage resources.

We are committed to providing clients with the highest quality home loans, combined with some of the lowest mortgage rates available in all of Colorado, Arizona, and New Mexico. Whether you are a first time home buyer, purchasing your dream home, refinancing an outstanding loan, or consolidating debt, our highly experienced team of mortgage brokers can help make your dreams come true.

Our ultimate goal is to create lasting relationships with each of our clients so that we may continue providing excellent service for many years to come.

Although we are our corporate office is located in Denver, Colorado, we offer unparalleled mortgage and refinance service to clients throughout the entire State of Colorado, Arizona, California, Colorado, Florida, Georgia, Pennsylvania, Texas and Washington. NMLS#1216108","Zero Point Mortgage Services mentions complex mortgage products/workflows like: fha loans, conventional loans, va loans, usda loans, jumbo loans, reverse mortgages, investment properties, 203k rehab loans At Zero Point Mortgage, we c",complex-file doc checklist; construction/renovation loan condition tracker; borrower doc follow-up drafts by loan type,"Hey Justin — quick specific idea.

I was looking at Zero Point Mortgage Services and noticed the mortgage workflow probably has a lot of borrower/doc follow-up hiding behind the scenes. Zero Point Mortgage Services mentions complex mortgage products/workflows like: fha loans, conventional loans, va loans, usda loans, jumbo loans, reverse mortgages, investment properties, 203k rehab loans At Zero Point Mortgage, we c

I’m testing a 7-day AIOS Quickstart for mortgage teams: 3 approval-only AI routines like complex-file doc checklist, construction/renovation loan condition tracker, and borrower doc follow-up drafts by loan type.

No auto-sending. Just drafts, briefs, and follow-up queues your team approves.

Want me to send the 3 routines I’d set up for Zero Point Mortgage Services?",3 AI routines for Zero Point Mortgage Services,"Hey Justin,

I was looking at Zero Point Mortgage Services and had a specific thought. Mortgage teams usually don’t need a giant AI strategy. They need the recurring borrower/admin work to stop eating the week.

What stood out: Zero Point Mortgage Services mentions complex mortgage products/workflows like: fha loans, conventional loans, va loans, usda loans, jumbo loans, reverse mortgages, investment properties, 203k rehab loans At Zero Point Mortgage, we c

I’m testing a 7-day AIOS Quickstart where I install 3 approval-gated routines for mortgage teams. For Zero Point Mortgage Services, I’d probably start with:

1. complex-file doc checklist
2. construction/renovation loan condition tracker
3. borrower doc follow-up drafts by loan type

Everything stays approval-only — no AI auto-sending weird emails to borrowers. It drafts, summarizes, and queues the work so your team can move faster.

Worth sending over a quick version of what I’d install?

Ryan","Quick bump, Justin — I can make this concrete for Zero Point Mortgage Services.

I’d map 3 recurring workflows, install the approval-only drafts/briefs, and hand you a simple weekly operating rhythm. No giant dashboard, no auto-send.

Worth a quick look?"
180,101,"owner_or_founder | producer | small_team | revenue_can_pay | linkedin_present | strong_mortgage_fit | doc_complex_products:fha,va,usda | speed_service_language:customer service",READY_FOR_LINKEDIN_NEEDS_EMAIL,Zhou,Bei ( 周北，Karen Zhou),Zhou Bei ( 周北，Karen Zhou),Loan Officer/owner,owner,"A1 Mortgage Group, LLC","A1 Mortgage Group, LLC",,,https://www.linkedin.com/in/zhou-bei-周北，karen-zhou-1086007,Greater Houston,,a1mortgage.com,https://www.linkedin.com/company/a1mortgage,11-50,19,1000000-4999999,,"We know how important it is to choose the right lender and loan program for all of your mortgage needs. We also know that as a company we have to provide you with the best products and the highest level of customer service possible. With hundreds of loan programs available, we tailor a loan specific to your mortgage needs.

Our mission at A1 Mortgage is to present our customers with innovative financial solutions and superior service that will achieve their financial goals, while providing our employees the greatest opportunity for personal achievement. This in return will build a solid foundation for our company and a better future for our community.

Whether this is your first time buying a home, moving to a new place or refinancing your existing mortgage our professional team is here to support you on any step of the way.
Here is why you should select A1 Mortgage:
● A1 Mortgage specializes in residential mortgage lending.
● We work with real time rates to get the best available rate with the program you choose.
● At A1 Mortgage, there is never any out of pocket closing costs.
● We will have your loan closed in as little as 10 days.

Call us today at: (816) 822-8888 and we will be happy to help you find the best solution for your mortgage needs.
NMLS# 268370
NMLS Consumer Access https://www.nmlsconsumeraccess.org/","A1 Mortgage Group, LLC mentions complex mortgage products/workflows like: gage lender in Missouri for new home loans & mortgage refinance. FHA, VA, USDA, & Conventional loans available.",borrower doc follow-up drafts by loan type; daily pipeline brief; missing-doc follow-up drafts,"Hey Zhou — quick specific idea.

I was looking at A1 Mortgage Group, LLC and noticed the mortgage workflow probably has a lot of borrower/doc follow-up hiding behind the scenes. A1 Mortgage Group, LLC mentions complex mortgage products/workflows like: gage lender in Missouri for new home loans & mortgage refinance. FHA, VA, USDA, & Conventional loans available.

I’m testing a 7-day AIOS Quickstart for mortgage teams: 3 approval-only AI routines like borrower doc follow-up drafts by loan type, daily pipeline brief, and missing-doc follow-up drafts.

No auto-sending. Just drafts, briefs, and follow-up queues your team approves.

Want me to send the 3 routines I’d set up for A1 Mortgage Group, LLC?","3 AI routines for A1 Mortgage Group, LLC","Hey Zhou,

I was looking at A1 Mortgage Group, LLC and had a specific thought. Mortgage teams usually don’t need a giant AI strategy. They need the recurring borrower/admin work to stop eating the week.

What stood out: A1 Mortgage Group, LLC mentions complex mortgage products/workflows like: gage lender in Missouri for new home loans & mortgage refinance. FHA, VA, USDA, & Conventional loans available.

I’m testing a 7-day AIOS Quickstart where I install 3 approval-gated routines for mortgage teams. For A1 Mortgage Group, LLC, I’d probably start with:

1. borrower doc follow-up drafts by loan type
2. daily pipeline brief
3. missing-doc follow-up drafts

Everything stays approval-only — no AI auto-sending weird emails to borrowers. It drafts, summarizes, and queues the work so your team can move faster.

Worth sending over a quick version of what I’d install?

Ryan","Quick bump, Zhou — I can make this concrete for A1 Mortgage Group, LLC.

I’d map 3 recurring workflows, install the approval-only drafts/briefs, and hand you a simple weekly operating rhythm. No giant dashboard, no auto-send.

Worth a quick look?"
181,101,"owner_or_founder | producer | small_team | linkedin_present | strong_mortgage_fit | doc_complex_products:jumbo,construction,investment,investor | speed_service_language:communication,smooth,transparent | broker_local_language",READY_FOR_LINKEDIN_NEEDS_EMAIL,Jessica,Lyons,Jessica Lyons,Owner | Mortgage Broker: Smooth Sailing Mortgages LLC,owner,Smooth Sailing Mortgages LLC,Smooth Sailing Mortgages LLC,,,https://www.linkedin.com/in/jessica-lyons-a2b860133,St Augustine,Florida,https://smoothsailingmortgages.com,https://www.linkedin.com/company/smooth-sailing-mortgages-llc,2-10,1,,"first-time home buyers, conventional loans , fha loans, va loans, investment properties, refinancing , new construction loans, hometown heros down payment assistance , jumbo loans","At Smooth Sailing Mortgages LLC, we believe the home financing process should feel simple, transparent, and stress-free—not overwhelming.

We specialize in helping homebuyers, homeowners, and investors navigate the mortgage process with confidence. Whether you're purchasing your first home, refinancing, or investing in property, we provide clear guidance every step of the way.

Our approach is built on communication, education, and personalized solutions. We take the time to understand your goals and match you with the right loan options to fit your needs.

From application to closing, our mission is to ensure a smooth and successful journey.

📍 Serving clients throughout Florida

Let’s make your next move a smooth one.","Smooth Sailing Mortgages LLC mentions complex mortgage products/workflows like: new construction loans, hometown heros down payment assistance , jumbo loans At Smooth Sailing Mortgages LLC, we believe the home financing process should feel simpl",complex-file doc checklist; construction/renovation loan condition tracker; borrower doc follow-up drafts by loan type,"Hey Jessica — quick specific idea.

I was looking at Smooth Sailing Mortgages LLC and noticed the mortgage workflow probably has a lot of borrower/doc follow-up hiding behind the scenes. Smooth Sailing Mortgages LLC mentions complex mortgage products/workflows like: new construction loans, hometown heros down payment assistance , jumbo loans At Smooth Sailing Mortgages LLC, we believe the home financing process should feel simpl

I’m testing a 7-day AIOS Quickstart for mortgage teams: 3 approval-only AI routines like complex-file doc checklist, construction/renovation loan condition tracker, and borrower doc follow-up drafts by loan type.

No auto-sending. Just drafts, briefs, and follow-up queues your team approves.

Want me to send the 3 routines I’d set up for Smooth Sailing Mortgages LLC?",3 AI routines for Smooth Sailing Mortgages LLC,"Hey Jessica,

I was looking at Smooth Sailing Mortgages LLC and had a specific thought. Mortgage teams usually don’t need a giant AI strategy. They need the recurring borrower/admin work to stop eating the week.

What stood out: Smooth Sailing Mortgages LLC mentions complex mortgage products/workflows like: new construction loans, hometown heros down payment assistance , jumbo loans At Smooth Sailing Mortgages LLC, we believe the home financing process should feel simpl

I’m testing a 7-day AIOS Quickstart where I install 3 approval-gated routines for mortgage teams. For Smooth Sailing Mortgages LLC, I’d probably start with:

1. complex-file doc checklist
2. construction/renovation loan condition tracker
3. borrower doc follow-up drafts by loan type

Everything stays approval-only — no AI auto-sending weird emails to borrowers. It drafts, summarizes, and queues the work so your team can move faster.

Worth sending over a quick version of what I’d install?

Ryan","Quick bump, Jessica — I can make this concrete for Smooth Sailing Mortgages LLC.

I’d map 3 recurring workflows, install the approval-only drafts/briefs, and hand you a simple weekly operating rhythm. No giant dashboard, no auto-send.

Worth a quick look?"
182,101,owner_or_founder | branch_manager | small_team | revenue_can_pay | verified_email | linkedin_present | mortgage_fit | doc_complex_products:va,READY_FOR_LINKEDIN_AND_EMAIL,Greg,"Icenhour, P.G., MBA","Greg Icenhour, P.G., MBA",Vice President/Charlotte Branch Manager,manager,Mid-Atlantic Associates,Mid-Atlantic Associates,gicenhour@maaonline.com,REAL-TIME VERIFIED ON 26 May 26,https://www.linkedin.com/in/gregicenhour,Matthews,North Carolina,maaonline.com,https://www.linkedin.com/company/mid-atlantic-associates-inc.,11-50,42,1000000-4999999,"phase i environmental site assessments, phase ii environmental site assessments, private brownfield redevelopment, epa funded brownfield grants, epa funded brownfield grants, grant applications, compliance and permitting, risk assessments, site characterizations, underground storage tanks/ust, pfas, rcra and cercla, voluntary cleanup programs, remediation and mitigation, property condition assessments, stormwater permitting and regulatory compliance, annual scm/bmp inspections, vapor intrusion assessments, vims design, indoor air quality, mold inspections and testing, asbestos inspections, asbestos abatement, lead-based paint inspections, lead-based paint abatement, radon assessment, radon mitigation, drinking water testing, hazardous materials assessments, npdes, usace section 10, usace section 404, permits, swppp, sppp, scm, bmp, sediment control, wastewater permits, expert witness testimony","Since 1993, Mid-Atlantic has worked to establish ourselves as the premier full-service environmental engineering and consulting firm in North Carolina. With a distinguished history of delivering top-tier environmental solutions, Mid-Atlantic provides environmental, brownfields, due diligence, industrial hygiene, and stormwater services to a wide range of public and private clients. Contact us to help you navigate the environmental needs of your project.","Mid-Atlantic Associates mentions complex mortgage products/workflows like: al site assessments, phase ii environmental site assessments, private brownfield redevelopment, epa funded brownfield grants, epa funded brownfield grants, grant app",borrower doc follow-up drafts by loan type; daily pipeline brief; missing-doc follow-up drafts,"Hey Greg — quick specific idea.

I was looking at Mid-Atlantic Associates and noticed the mortgage workflow probably has a lot of borrower/doc follow-up hiding behind the scenes. Mid-Atlantic Associates mentions complex mortgage products/workflows like: al site assessments, phase ii environmental site assessments, private brownfield redevelopment, epa funded brownfield grants, epa funded brownfield grants, grant app

I’m testing a 7-day AIOS Quickstart for mortgage teams: 3 approval-only AI routines like borrower doc follow-up drafts by loan type, daily pipeline brief, and missing-doc follow-up drafts.

No auto-sending. Just drafts, briefs, and follow-up queues your team approves.

Want me to send the 3 routines I’d set up for Mid-Atlantic Associates?",3 AI routines for Mid-Atlantic Associates,"Hey Greg,

I was looking at Mid-Atlantic Associates and had a specific thought. Mortgage teams usually don’t need a giant AI strategy. They need the recurring borrower/admin work to stop eating the week.

What stood out: Mid-Atlantic Associates mentions complex mortgage products/workflows like: al site assessments, phase ii environmental site assessments, private brownfield redevelopment, epa funded brownfield grants, epa funded brownfield grants, grant app

I’m testing a 7-day AIOS Quickstart where I install 3 approval-gated routines for mortgage teams. For Mid-Atlantic Associates, I’d probably start with:

1. borrower doc follow-up drafts by loan type
2. daily pipeline brief
3. missing-doc follow-up drafts

Everything stays approval-only — no AI auto-sending weird emails to borrowers. It drafts, summarizes, and queues the work so your team can move faster.

Worth sending over a quick version of what I’d install?

Ryan","Quick bump, Greg — I can make this concrete for Mid-Atlantic Associates.

I’d map 3 recurring workflows, install the approval-only drafts/briefs, and hand you a simple weekly operating rhythm. No giant dashboard, no auto-send.

Worth a quick look?"
183,101,"branch_manager | small_team | smaller_revenue | verified_email | linkedin_present | mortgage_fit | doc_complex_products:commercial,investor,va | speed_service_language:streamlined,efficient,seamless,transparent | broker_local_language",READY_FOR_LINKEDIN_AND_EMAIL,Teresa,Pardo,Teresa Pardo,Branch Manager - Real Estate Law Firm - Title and Escrow Services,manager,Gregory B. Taylor - Professional Association,Gregory B. Taylor - Professional Association,pardo@gtpalaw.com,REAL-TIME VERIFIED ON 26 May 26,https://www.linkedin.com/in/teresa-pardo-6311b416,Boca Raton,Florida,gtpalaw.com,https://www.linkedin.com/company/gregory-b-taylor---professional-association,11-50,14,100000-499999,"real estate service, real estate lawyer, commercial real estate.","Gregory B. Taylor, P.A. is a Boutique Style Law Firm that specializes in real estate law, primarily REO and foreclosure. Our firm handles all lender/servicer-related matters, from foreclosure and bankruptcy representation to loss mitigation, collections and REO closings. Our firm also specializes in residential purchases and sales, vacant land acquisitions, title examination and curative services, as well as leasing and financing of commercial, residential, and industrial properties. Throughout the years, our management team has developed specific operating systems and streamlined procedures that significantly shorten the traditional legal timeline related to foreclosures and the typical REO closing, thereby reducing the fees and costs to our clients. This structure is the platform of a transparent and seamless integration between the Bank, Outsourcer/Management Company and our firm.

To better serve our clients, we have created strategic alliances with major national title insurance companies such as First American Title Insurance Company and Old Republic National Title Insurance Company.

Our clients include major financial institutions, regional banks, regional and national developers, investors, individuals, families, broker-dealers, and real estate companies. Whether purchasing, selling, or leasing residential or commercial real estate, our attorneys will work to make the transaction close efficiently, properly, and promptly.","Gregory B. Taylor - Professional Association mentions complex mortgage products/workflows like: real estate service, real estate lawyer, commercial real estate. Gregory B. Taylor, P.A. is a Boutique Style Law Firm that specializes in rea",borrower doc follow-up drafts by loan type; daily pipeline brief; missing-doc follow-up drafts,"Hey Teresa — quick specific idea.

I was looking at Gregory B. Taylor - Professional Association and noticed the mortgage workflow probably has a lot of borrower/doc follow-up hiding behind the scenes. Gregory B. Taylor - Professional Association mentions complex mortgage products/workflows like: real estate service, real estate lawyer, commercial real estate. Gregory B. Taylor, P.A. is a Boutique Style Law Firm that specializes in rea

I’m testing a 7-day AIOS Quickstart for mortgage teams: 3 approval-only AI routines like borrower doc follow-up drafts by loan type, daily pipeline brief, and missing-doc follow-up drafts.

No auto-sending. Just drafts, briefs, and follow-up queues your team approves.

Want me to send the 3 routines I’d set up for Gregory B. Taylor - Professional Association?",3 AI routines for Gregory B. Taylor - Professional Association,"Hey Teresa,

I was looking at Gregory B. Taylor - Professional Association and had a specific thought. Mortgage teams usually don’t need a giant AI strategy. They need the recurring borrower/admin work to stop eating the week.

What stood out: Gregory B. Taylor - Professional Association mentions complex mortgage products/workflows like: real estate service, real estate lawyer, commercial real estate. Gregory B. Taylor, P.A. is a Boutique Style Law Firm that specializes in rea

I’m testing a 7-day AIOS Quickstart where I install 3 approval-gated routines for mortgage teams. For Gregory B. Taylor - Professional Association, I’d probably start with:

1. borrower doc follow-up drafts by loan type
2. daily pipeline brief
3. missing-doc follow-up drafts

Everything stays approval-only — no AI auto-sending weird emails to borrowers. It drafts, summarizes, and queues the work so your team can move faster.

Worth sending over a quick version of what I’d install?

Ryan","Quick bump, Teresa — I can make this concrete for Gregory B. Taylor - Professional Association.

I’d map 3 recurring workflows, install the approval-only drafts/briefs, and hand you a simple weekly operating rhythm. No giant dashboard, no auto-send.

Worth a quick look?"
184,101,"owner_or_founder | producer | small_team | smaller_revenue | linkedin_present | strong_mortgage_fit | doc_complex_products:jumbo,investment,heloc,self-employed | speed_service_language:customer service | broker_local_language",READY_FOR_LINKEDIN_NEEDS_EMAIL,Brandon,Blue,Brandon Blue,Mortgage Broker | Owner,owner,"BLUE HOME LOANS, INC.","BLUE HOME LOANS, INC.",,,https://www.linkedin.com/in/brandonblue,San Clemente,California,floify.com,https://www.linkedin.com/company/blue-home-loans-inc.,2-10,1,100000-499999,"va loans, jumbo loans, fha loans, self employed home loans, first time homebuyer loans, investment property home loans, stated income home loans, heloc, home equity loans, home equity line of credit","Blue Home Loans, Inc. founded in 2013, is a proud Veteran owned small business led by Brandon Blue, the founder and CEO. As a mortgage brokerage, we specialize in offering LOW mortgage rates with excellent customer service. 

With over 20 years of experience, in both real estate and lending, our team can help guide you through any purchase or refinance. Our customer base is built on past clients & referrals, along with trust and confidentiality. 

As a Veteran owned company, we specialize in VA Loans, Self-employed home loans, FHA loans, Jumbo loans, Investment property loans, as well as first time homebuyers. 

If you are in the market to purchase or refinance, we are just a phone call/text/email away from providing the guidance and information you are looking for. 

Feel free to visit our website and request a quote or consultation.","BLUE HOME LOANS, INC. mentions complex mortgage products/workflows like: va loans, jumbo loans, fha loans, self employed home loans, first time homebuyer loans, investment property ho",complex-file doc checklist; borrower doc follow-up drafts by loan type; daily pipeline brief,"Hey Brandon — quick specific idea.

I was looking at BLUE HOME LOANS, INC. and noticed the mortgage workflow probably has a lot of borrower/doc follow-up hiding behind the scenes. BLUE HOME LOANS, INC. mentions complex mortgage products/workflows like: va loans, jumbo loans, fha loans, self employed home loans, first time homebuyer loans, investment property ho

I’m testing a 7-day AIOS Quickstart for mortgage teams: 3 approval-only AI routines like complex-file doc checklist, borrower doc follow-up drafts by loan type, and daily pipeline brief.

No auto-sending. Just drafts, briefs, and follow-up queues your team approves.

Want me to send the 3 routines I’d set up for BLUE HOME LOANS, INC.?","3 AI routines for BLUE HOME LOANS, INC.","Hey Brandon,

I was looking at BLUE HOME LOANS, INC. and had a specific thought. Mortgage teams usually don’t need a giant AI strategy. They need the recurring borrower/admin work to stop eating the week.

What stood out: BLUE HOME LOANS, INC. mentions complex mortgage products/workflows like: va loans, jumbo loans, fha loans, self employed home loans, first time homebuyer loans, investment property ho

I’m testing a 7-day AIOS Quickstart where I install 3 approval-gated routines for mortgage teams. For BLUE HOME LOANS, INC., I’d probably start with:

1. complex-file doc checklist
2. borrower doc follow-up drafts by loan type
3. daily pipeline brief

Everything stays approval-only — no AI auto-sending weird emails to borrowers. It drafts, summarizes, and queues the work so your team can move faster.

Worth sending over a quick version of what I’d install?

Ryan","Quick bump, Brandon — I can make this concrete for BLUE HOME LOANS, INC..

I’d map 3 recurring workflows, install the approval-only drafts/briefs, and hand you a simple weekly operating rhythm. No giant dashboard, no auto-send.

Worth a quick look?"
185,101,"branch_manager | small_team | smaller_revenue | verified_email | linkedin_present | strong_mortgage_fit | doc_complex_products:renovation,va | speed_service_language:technology,tech | broker_local_language",READY_FOR_LINKEDIN_AND_EMAIL,Jared,Goldapper,Jared Goldapper,Producing Branch Manager,manager,McGlone Mortgage Group NMLS #3232,McGlone Mortgage Group NMLS #3232,jgoldapper@mcglonemtg.com,REAL-TIME VERIFIED ON 26 May 26,https://www.linkedin.com/in/jared-goldapper-887b6547,Miami-fort Lauderdale Area,,mcglonemtg.com,https://www.linkedin.com/company/mcglone-mortgage-group,11-50,12,500000-999999,"residential mortgage financing, purchase home financing, home refinancing, renovation mortgages, va mortgages, first-time home buyer mortgages, streamline refinancing","Founded in 1999 and headquartered in Appleton, Wisconsin, McGlone Mortgage Group is committed to helping you find the right mortgage product. We understand that every borrower is different, and we offer a variety of products to meet your individual requirements. We make the process of securing a mortgage simple and straightforward by offering you the latest in financial tools that enable you to make sound financial choices.

A strong and genuine belief in the ""customer for life""​ principle of doing business is what fuels this company. Referrals from previous customers and local real estate professionals have always delivered the majority of the Company's production.

We use the most advanced technology available to close loans quickly, at a low cost. By combining the use of the Internet along with advanced processing software and automated underwriting systems we have taken the mystery out of approving and closing a home loan.

Company NMLS #3232 For licensing information, go to:(www.nmlsconsumeraccess.org)
State licensing: AL, AZ - Mortgage Banker License #0943034, CA-Licensed by the Department of Financial Protection and Innovation under the California Residential Mortgage Lending Act, CT, CO-Homestead Funding Corp, NMLS #3232, 800-724-1329, DC, DE, FL, GA-Georgia Residential Mortgage Licensee #12845, IA, ID, IL - Illinois Residential Mortgage Licensee-# MB.6761119, IN, KS, KY, LA, MA - Massachusetts Mortgage Lender/Broker License # MC 3232, MD, ME, MI - Licensed in MI, NMLS #3232, MN - Licensed in MN - This is not an offer for a rate lock agreement, MT, NC, ND, NE, NH, NJ - Licensed by the NJ Department of Banking and Insurance, NM, NY - Licensed Mortgage Banker - NYS Department of Financial Services, OK, OR, PA, RI - Rhode Island Licensed Lender #20001118LL. Rhode Island Licensed Loan Broker #20011274LB, SC, SD, TN, TX, UT, VA - Licensed in VA NMLS #3232 (www.nmlsconsumeraccess.org)., VT, WA, WI - Licensed in WI, NMLS #3232, WV, WY. Equal Housing Lender","McGlone Mortgage Group NMLS #3232 mentions complex mortgage products/workflows like: l mortgage financing, purchase home financing, home refinancing, renovation mortgages, va mortgages, first-time home buyer mortgages, streamline refinancing Founded",construction/renovation loan condition tracker; borrower doc follow-up drafts by loan type; daily pipeline brief,"Hey Jared — quick specific idea.

I was looking at McGlone Mortgage Group NMLS #3232 and noticed the mortgage workflow probably has a lot of borrower/doc follow-up hiding behind the scenes. McGlone Mortgage Group NMLS #3232 mentions complex mortgage products/workflows like: l mortgage financing, purchase home financing, home refinancing, renovation mortgages, va mortgages, first-time home buyer mortgages, streamline refinancing Founded

I’m testing a 7-day AIOS Quickstart for mortgage teams: 3 approval-only AI routines like construction/renovation loan condition tracker, borrower doc follow-up drafts by loan type, and daily pipeline brief.

No auto-sending. Just drafts, briefs, and follow-up queues your team approves.

Want me to send the 3 routines I’d set up for McGlone Mortgage Group NMLS #3232?",3 AI routines for McGlone Mortgage Group NMLS #3232,"Hey Jared,

I was looking at McGlone Mortgage Group NMLS #3232 and had a specific thought. Mortgage teams usually don’t need a giant AI strategy. They need the recurring borrower/admin work to stop eating the week.

What stood out: McGlone Mortgage Group NMLS #3232 mentions complex mortgage products/workflows like: l mortgage financing, purchase home financing, home refinancing, renovation mortgages, va mortgages, first-time home buyer mortgages, streamline refinancing Founded

I’m testing a 7-day AIOS Quickstart where I install 3 approval-gated routines for mortgage teams. For McGlone Mortgage Group NMLS #3232, I’d probably start with:

1. construction/renovation loan condition tracker
2. borrower doc follow-up drafts by loan type
3. daily pipeline brief

Everything stays approval-only — no AI auto-sending weird emails to borrowers. It drafts, summarizes, and queues the work so your team can move faster.

Worth sending over a quick version of what I’d install?

Ryan","Quick bump, Jared — I can make this concrete for McGlone Mortgage Group NMLS #3232.

I’d map 3 recurring workflows, install the approval-only drafts/briefs, and hand you a simple weekly operating rhythm. No giant dashboard, no auto-send.

Worth a quick look?"
186,101,"branch_manager | small_team | revenue_can_pay | verified_email | linkedin_present | mortgage_fit | doc_complex_products:construction,commercial,bridge,va | speed_service_language:customer service | broker_local_language",READY_FOR_LINKEDIN_AND_EMAIL,Kim,Fiske,Kim Fiske,Branch Manager,manager,"C&S Insurance Agency | Mansfield, Dedham, Bridgewater, Attleboro","C&S Insurance Agency | Mansfield, Dedham, Bridgewater, Attleboro",kim@candsins.com,REAL-TIME VERIFIED ON 26 May 26,https://www.linkedin.com/in/kim-fiske-89115728b,Attleboro,Massachusetts,candsins.com,https://www.linkedin.com/company/c&s-insurance-agency-inc.,11-50,73,1000000-4999999,"auto insurance, home insurance, business insurance, bonding, risk management, home insurance, landscaping insurance, contractor's insurance, waste hauling insurance, roofing insurance, cyber liability insurance, craft brewery insurance, arborist insurance, pool contractor insurance, drilling insurance","C&S Insurance serves individuals, families, and businesses with a variety of personal and commercial insurance offerings. These include home, auto, condo, renters, and umbrella insurance (Personal Lines), along with commercial auto, commercial property, general liability, workers' comp, and bonding (Commercial Lines). C&S's business insurance department specializes in a few core areas, including construction insurance, landscapers insurance, arborist insurance, roofing insurance, and waste hauling insurance.

Throughout its 60-year history, C&S has built a reputation for solution-based risk management and exceptional customer service. C&S is consistently voted among the best insurance agencies in Southeastern Massachusetts. Recently, the agency is also gaining press for its growth. C&S now maintains four office locations throughout the Bay State (Mansfield, Dedham, Attleboro, and Bridgewater), and employs 40+ team members--including Massachusetts' 2019 Insurance Agent of the Year.","C&S Insurance Agency | Mansfield, Dedham, Bridgewater, Attleboro mentions complex mortgage products/workflows like: insurance department specializes in a few core areas, including construction insurance, landscapers insurance, arborist insurance, roofing insurance, and waste haul",construction/renovation loan condition tracker; borrower doc follow-up drafts by loan type; daily pipeline brief,"Hey Kim — quick specific idea.

I was looking at C&S Insurance Agency | Mansfield, Dedham, Bridgewater, Attleboro and noticed the mortgage workflow probably has a lot of borrower/doc follow-up hiding behind the scenes. C&S Insurance Agency | Mansfield, Dedham, Bridgewater, Attleboro mentions complex mortgage products/workflows like: insurance department specializes in a few core areas, including construction insurance, landscapers insurance, arborist insurance, roofing insurance, and waste haul

I’m testing a 7-day AIOS Quickstart for mortgage teams: 3 approval-only AI routines like construction/renovation loan condition tracker, borrower doc follow-up drafts by loan type, and daily pipeline brief.

No auto-sending. Just drafts, briefs, and follow-up queues your team approves.

Want me to send the 3 routines I’d set up for C&S Insurance Agency | Mansfield, Dedham, Bridgewater, Attleboro?","3 AI routines for C&S Insurance Agency | Mansfield, Dedham, Bridgewater, Attleboro","Hey Kim,

I was looking at C&S Insurance Agency | Mansfield, Dedham, Bridgewater, Attleboro and had a specific thought. Mortgage teams usually don’t need a giant AI strategy. They need the recurring borrower/admin work to stop eating the week.

What stood out: C&S Insurance Agency | Mansfield, Dedham, Bridgewater, Attleboro mentions complex mortgage products/workflows like: insurance department specializes in a few core areas, including construction insurance, landscapers insurance, arborist insurance, roofing insurance, and waste haul

I’m testing a 7-day AIOS Quickstart where I install 3 approval-gated routines for mortgage teams. For C&S Insurance Agency | Mansfield, Dedham, Bridgewater, Attleboro, I’d probably start with:

1. construction/renovation loan condition tracker
2. borrower doc follow-up drafts by loan type
3. daily pipeline brief

Everything stays approval-only — no AI auto-sending weird emails to borrowers. It drafts, summarizes, and queues the work so your team can move faster.

Worth sending over a quick version of what I’d install?

Ryan","Quick bump, Kim — I can make this concrete for C&S Insurance Agency | Mansfield, Dedham, Bridgewater, Attleboro.

I’d map 3 recurring workflows, install the approval-only drafts/briefs, and hand you a simple weekly operating rhythm. No giant dashboard, no auto-send.

Worth a quick look?"
187,101,"branch_manager | small_team | revenue_can_pay | verified_email | linkedin_present | strong_mortgage_fit | doc_complex_products:jumbo,fha,va,usda | speed_service_language:easy",READY_FOR_LINKEDIN_AND_EMAIL,Shawn,Presnell,Shawn Presnell,Branch Manager/EVP,manager,Total Home Lending,Total Home Lending,spresnell@totalhomelending.com,REAL-TIME VERIFIED ON 26 May 26,https://www.linkedin.com/in/shawnpresnell,Detroit Metropolitan Area,,totalhomelending.com,https://www.linkedin.com/company/total-home-lending,11-50,38,1000000-4999999,"purchase, refinance, fha, va, low fico, usda, jumbo, 80/10/10","At Total Home Lending, Our goal is simple, We want to match you with the best program to fit your needs and make the process as easy as possible. We are always on the lookout for talented individuals that share our philosophy.

Social Media Contest
https://totalhomelending.com/social-media-contest-terms-conditions/

NMLS#140012","Total Home Lending mentions complex mortgage products/workflows like: purchase, refinance, fha, va, low fico, usda, jumbo, 80/10/10 At Total Home Lending, Our goal is simple, We want to match you with the best progra",complex-file doc checklist; borrower doc follow-up drafts by loan type; daily pipeline brief,"Hey Shawn — quick specific idea.

I was looking at Total Home Lending and noticed the mortgage workflow probably has a lot of borrower/doc follow-up hiding behind the scenes. Total Home Lending mentions complex mortgage products/workflows like: purchase, refinance, fha, va, low fico, usda, jumbo, 80/10/10 At Total Home Lending, Our goal is simple, We want to match you with the best progra

I’m testing a 7-day AIOS Quickstart for mortgage teams: 3 approval-only AI routines like complex-file doc checklist, borrower doc follow-up drafts by loan type, and daily pipeline brief.

No auto-sending. Just drafts, briefs, and follow-up queues your team approves.

Want me to send the 3 routines I’d set up for Total Home Lending?",3 AI routines for Total Home Lending,"Hey Shawn,

I was looking at Total Home Lending and had a specific thought. Mortgage teams usually don’t need a giant AI strategy. They need the recurring borrower/admin work to stop eating the week.

What stood out: Total Home Lending mentions complex mortgage products/workflows like: purchase, refinance, fha, va, low fico, usda, jumbo, 80/10/10 At Total Home Lending, Our goal is simple, We want to match you with the best progra

I’m testing a 7-day AIOS Quickstart where I install 3 approval-gated routines for mortgage teams. For Total Home Lending, I’d probably start with:

1. complex-file doc checklist
2. borrower doc follow-up drafts by loan type
3. daily pipeline brief

Everything stays approval-only — no AI auto-sending weird emails to borrowers. It drafts, summarizes, and queues the work so your team can move faster.

Worth sending over a quick version of what I’d install?

Ryan","Quick bump, Shawn — I can make this concrete for Total Home Lending.

I’d map 3 recurring workflows, install the approval-only drafts/briefs, and hand you a simple weekly operating rhythm. No giant dashboard, no auto-send.

Worth a quick look?"
188,101,"owner_or_founder | producer | small_team | verified_email | linkedin_present | strong_mortgage_fit | doc_complex_products:investor | speed_service_language:efficient,transparent | broker_local_language",READY_FOR_LINKEDIN_AND_EMAIL,Chuck,Simonds,Chuck Simonds,Owner & Mortgage Broker,owner,Simonds Mortgage Group LLC,Simonds Mortgage Group LLC,chuck@simondsmortgagegroup.com,REAL-TIME VERIFIED ON 26 May 26,https://www.linkedin.com/in/chucksimonds,Plymouth,Massachusetts,http://SimondsSaysMortgage.com,https://www.linkedin.com/company/simonds-mortgage-group-llc,2-10,1,0-99999,,"At Simonds Mortgage Group, we help homebuyers, homeowners, and investors make smarter mortgage decisions with clarity and confidence. Based in Plymouth, Massachusetts, we’re an independent brokerage built on one simple belief — when you put people before products, you build clients for life.

We combine big-bank access with small-town service, offering competitive loan options through multiple lenders while keeping the experience personal, transparent, and efficient. Whether you’re buying your first home, refinancing to improve cash flow, or building a real estate portfolio, our team works as your trusted advocate from start to finish — not just another lender trying to close a deal.

Why clients choose us:
We believe in education, speed, and integrity. Every borrower deserves to understand their numbers, explore their options, and feel confident in their decision. That’s what we deliver — every time.

About the Founder:
Founded by Chuck Simonds (NMLS #1461395), a seasoned mortgage professional and community leader, Simonds Mortgage Group LLC (NMLS #2707203) was created to bring back a personal approach to home financing. Chuck’s leadership blends deep market knowledge with a commitment to helping clients build long-term wealth through real estate.

📍 Plymouth, Massachusetts
📞 (858) 888-2433 | ✉️ chuck@simondsmortgagegroup.com

Equal Housing Opportunity. Licensed in Massachusetts. NMLS #2707203 (Company) | #1461395 (Individual).","Simonds Mortgage Group LLC mentions complex mortgage products/workflows like: At Simonds Mortgage Group, we help homebuyers, homeowners, and investors make smarter mortgage decisions with clarity and confidence. Based in Plymouth, Massachuse",daily pipeline brief; missing-doc follow-up drafts; stale borrower/realtor follow-up queue,"Hey Chuck — quick specific idea.

I was looking at Simonds Mortgage Group LLC and noticed the mortgage workflow probably has a lot of borrower/doc follow-up hiding behind the scenes. Simonds Mortgage Group LLC mentions complex mortgage products/workflows like: At Simonds Mortgage Group, we help homebuyers, homeowners, and investors make smarter mortgage decisions with clarity and confidence. Based in Plymouth, Massachuse

I’m testing a 7-day AIOS Quickstart for mortgage teams: 3 approval-only AI routines like daily pipeline brief, missing-doc follow-up drafts, and stale borrower/realtor follow-up queue.

No auto-sending. Just drafts, briefs, and follow-up queues your team approves.

Want me to send the 3 routines I’d set up for Simonds Mortgage Group LLC?",3 AI routines for Simonds Mortgage Group LLC,"Hey Chuck,

I was looking at Simonds Mortgage Group LLC and had a specific thought. Mortgage teams usually don’t need a giant AI strategy. They need the recurring borrower/admin work to stop eating the week.

What stood out: Simonds Mortgage Group LLC mentions complex mortgage products/workflows like: At Simonds Mortgage Group, we help homebuyers, homeowners, and investors make smarter mortgage decisions with clarity and confidence. Based in Plymouth, Massachuse

I’m testing a 7-day AIOS Quickstart where I install 3 approval-gated routines for mortgage teams. For Simonds Mortgage Group LLC, I’d probably start with:

1. daily pipeline brief
2. missing-doc follow-up drafts
3. stale borrower/realtor follow-up queue

Everything stays approval-only — no AI auto-sending weird emails to borrowers. It drafts, summarizes, and queues the work so your team can move faster.

Worth sending over a quick version of what I’d install?

Ryan","Quick bump, Chuck — I can make this concrete for Simonds Mortgage Group LLC.

I’d map 3 recurring workflows, install the approval-only drafts/briefs, and hand you a simple weekly operating rhythm. No giant dashboard, no auto-send.

Worth a quick look?"
189,101,"branch_manager | small_team | smaller_revenue | verified_email | linkedin_present | strong_mortgage_fit | doc_complex_products:non qm,jumbo,commercial,investor | speed_service_language:fast,customer service",READY_FOR_LINKEDIN_AND_EMAIL,Nakoma,Pishko,Nakoma Pishko,Producing Branch Manager/ Sr Loan Advisor,manager,ATX Mortgage Lending,ATX Mortgage Lending,nakoma.pishko@atxmortgagelending.com,REAL-TIME VERIFIED ON 26 May 26,https://www.linkedin.com/in/nakoma-pishko-29373451,,,atxmortgagelending.com,https://www.linkedin.com/company/atxmortgagelending,11-50,12,500000-999999,"conventional, fha, va, usda, jumbo, non qm, customer service, great rates, fast service","At ATX Mortgage Lending, we treat each customer as an individual, not a number. We don't place you into a loan profile formula created by the banking industry. We use ""common sense"" and will help you obtain the best loan possible. We represent a wide range of ""A"" rated lenders with first quality rates to private ""hardship"" lenders.  We help clients buy, sell and refinance real estate all over the State of Texas and we are proud to call Austin, Texas home.  We are local to Austin, Leander, Cedar Park, Liberty Hill, Georgetown, Round Rock, Hutto, Pflugerville, Kyle and Buda.

We work with more than 100 investors. This allows us to get you the best rates on all types of loan programs including: 30yr fixed mortgage, 20yr fixed mortgage, 15yr fixed mortgage, 10yr fixed mortgage, 1yr ARMS, 3yr ARMS, 5yr ARMS, Conventional, Jumbo, Home Equity Lines, VA and Commercial. Whether your situation calls for Full Documents, No Documents, Non-Owner Occupied (Investor) or Multi-Family, we'll fit your needs!  We are your white glove lender that simplifies the process from start to finish.","ATX Mortgage Lending mentions complex mortgage products/workflows like: conventional, fha, va, usda, jumbo, non qm, customer service, great rates, fast service At ATX Mortgage Lending, we treat each customer",complex-file doc checklist; borrower doc follow-up drafts by loan type; daily pipeline brief,"Hey Nakoma — quick specific idea.

I was looking at ATX Mortgage Lending and noticed the mortgage workflow probably has a lot of borrower/doc follow-up hiding behind the scenes. ATX Mortgage Lending mentions complex mortgage products/workflows like: conventional, fha, va, usda, jumbo, non qm, customer service, great rates, fast service At ATX Mortgage Lending, we treat each customer

I’m testing a 7-day AIOS Quickstart for mortgage teams: 3 approval-only AI routines like complex-file doc checklist, borrower doc follow-up drafts by loan type, and daily pipeline brief.

No auto-sending. Just drafts, briefs, and follow-up queues your team approves.

Want me to send the 3 routines I’d set up for ATX Mortgage Lending?",3 AI routines for ATX Mortgage Lending,"Hey Nakoma,

I was looking at ATX Mortgage Lending and had a specific thought. Mortgage teams usually don’t need a giant AI strategy. They need the recurring borrower/admin work to stop eating the week.

What stood out: ATX Mortgage Lending mentions complex mortgage products/workflows like: conventional, fha, va, usda, jumbo, non qm, customer service, great rates, fast service At ATX Mortgage Lending, we treat each customer

I’m testing a 7-day AIOS Quickstart where I install 3 approval-gated routines for mortgage teams. For ATX Mortgage Lending, I’d probably start with:

1. complex-file doc checklist
2. borrower doc follow-up drafts by loan type
3. daily pipeline brief

Everything stays approval-only — no AI auto-sending weird emails to borrowers. It drafts, summarizes, and queues the work so your team can move faster.

Worth sending over a quick version of what I’d install?

Ryan","Quick bump, Nakoma — I can make this concrete for ATX Mortgage Lending.

I’d map 3 recurring workflows, install the approval-only drafts/briefs, and hand you a simple weekly operating rhythm. No giant dashboard, no auto-send.

Worth a quick look?"
190,101,"branch_manager | scaled_but_not_enterprise | revenue_can_pay | verified_email | linkedin_present | strong_mortgage_fit | doc_complex_products:jumbo,investment,renovation,fha | speed_service_language:fast,technology,tech",READY_FOR_LINKEDIN_AND_EMAIL,Kim,Bradley,Kim Bradley,Producing Branch Manager,manager,"America's Choice Home Loans, L.P.","America's Choice Home Loans, L.P.",kbradley@wechooseamerica.com,REAL-TIME VERIFIED ON 26 May 26,https://www.linkedin.com/in/kim-bradley-09693750,Dawsonville,Georgia,wechooseamerica.com,https://www.linkedin.com/company/americaschoicehomeloans,51-200,18,1000000-4999999,"mortgage banking, loan origination, fha, va, jumbos, first time homebuyers, conventional loans, renovation, usda, residential mortgage, refinance, home equity","America’s Choice Home Loans started in 1998 in the same neighborhood in Houston that we reside in today.  Our commitment to our employees, clients and our community has been steadfast through all the changes in the mortgage industry. It’s the reason why we are still going strong today.  More than half of our employees have been with us for over 10 year years.

We have always emphasized technology as an important part of the way we work with people that need a home loan, but we never forget that a personal relationship is what sets us apart.

 We offer a wide range of conventional home loan products and services, as well as programs administered by FHA, VA, and USDA.  America’s Choice can help with jumbo loans, residential investment property loans, and second home loans.  99% of the home loans we make are done in-house, start to finish.

Headquartered in Houston, Texas, we planted our roots a long time ago.  We have assembled a top management team of industry veterans that understand the business and personal side of what we do, and each is committed to the success of every home loan we work on.  We believe in local, in-house, operations and the importance of a handshake.
NMLS 111842","America's Choice Home Loans, L.P. mentions complex mortgage products/workflows like: mortgage banking, loan origination, fha, va, jumbos, first time homebuyers, conventional loans, renovation, usda, residential mortgage, refinance",complex-file doc checklist; construction/renovation loan condition tracker; borrower doc follow-up drafts by loan type,"Hey Kim — quick specific idea.

I was looking at America's Choice Home Loans, L.P. and noticed the mortgage workflow probably has a lot of borrower/doc follow-up hiding behind the scenes. America's Choice Home Loans, L.P. mentions complex mortgage products/workflows like: mortgage banking, loan origination, fha, va, jumbos, first time homebuyers, conventional loans, renovation, usda, residential mortgage, refinance

I’m testing a 7-day AIOS Quickstart for mortgage teams: 3 approval-only AI routines like complex-file doc checklist, construction/renovation loan condition tracker, and borrower doc follow-up drafts by loan type.

No auto-sending. Just drafts, briefs, and follow-up queues your team approves.

Want me to send the 3 routines I’d set up for America's Choice Home Loans, L.P.?","3 AI routines for America's Choice Home Loans, L.P.","Hey Kim,

I was looking at America's Choice Home Loans, L.P. and had a specific thought. Mortgage teams usually don’t need a giant AI strategy. They need the recurring borrower/admin work to stop eating the week.

What stood out: America's Choice Home Loans, L.P. mentions complex mortgage products/workflows like: mortgage banking, loan origination, fha, va, jumbos, first time homebuyers, conventional loans, renovation, usda, residential mortgage, refinance

I’m testing a 7-day AIOS Quickstart where I install 3 approval-gated routines for mortgage teams. For America's Choice Home Loans, L.P., I’d probably start with:

1. complex-file doc checklist
2. construction/renovation loan condition tracker
3. borrower doc follow-up drafts by loan type

Everything stays approval-only — no AI auto-sending weird emails to borrowers. It drafts, summarizes, and queues the work so your team can move faster.

Worth sending over a quick version of what I’d install?

Ryan","Quick bump, Kim — I can make this concrete for America's Choice Home Loans, L.P..

I’d map 3 recurring workflows, install the approval-only drafts/briefs, and hand you a simple weekly operating rhythm. No giant dashboard, no auto-send.

Worth a quick look?"
191,101,owner_or_founder | branch_manager | small_team | revenue_can_pay | verified_email | linkedin_present | mortgage_fit | doc_complex_products:construction,READY_FOR_LINKEDIN_AND_EMAIL,Joseph,Grier,Joseph Grier,Vice President of Lending/ Branch Manager,manager,Legacy Ag Credit ACA,Legacy Ag Credit ACA,joseph.grier@legacyaca.com,REAL-TIME VERIFIED ON 26 May 26,https://www.linkedin.com/in/joseph-grier-3b4bbb268,Tyler,Texas,legacyaca.com,https://www.linkedin.com/company/legacy-ag-credit-aca,11-50,44,1000000-4999999,"farm financing, rural financing, home construction, barndominium, agriculture, poultry, land, home, barns, agribusiness, property improvement","Legacy Ag Credit provides long-term, fixed-rate financing options for rural land, homes, home construction, agricultural production, agribusiness, and more.
Our mission is to support rural communities and agriculture with reliable, consistent credit and financial services, today and tomorrow.","Legacy Ag Credit ACA mentions complex mortgage products/workflows like: farm financing, rural financing, home construction, barndominium, agriculture, poultry, land, home, barns, agribusiness, property improvem",construction/renovation loan condition tracker; daily pipeline brief; missing-doc follow-up drafts,"Hey Joseph — quick specific idea.

I was looking at Legacy Ag Credit ACA and noticed the mortgage workflow probably has a lot of borrower/doc follow-up hiding behind the scenes. Legacy Ag Credit ACA mentions complex mortgage products/workflows like: farm financing, rural financing, home construction, barndominium, agriculture, poultry, land, home, barns, agribusiness, property improvem

I’m testing a 7-day AIOS Quickstart for mortgage teams: 3 approval-only AI routines like construction/renovation loan condition tracker, daily pipeline brief, and missing-doc follow-up drafts.

No auto-sending. Just drafts, briefs, and follow-up queues your team approves.

Want me to send the 3 routines I’d set up for Legacy Ag Credit ACA?",3 AI routines for Legacy Ag Credit ACA,"Hey Joseph,

I was looking at Legacy Ag Credit ACA and had a specific thought. Mortgage teams usually don’t need a giant AI strategy. They need the recurring borrower/admin work to stop eating the week.

What stood out: Legacy Ag Credit ACA mentions complex mortgage products/workflows like: farm financing, rural financing, home construction, barndominium, agriculture, poultry, land, home, barns, agribusiness, property improvem

I’m testing a 7-day AIOS Quickstart where I install 3 approval-gated routines for mortgage teams. For Legacy Ag Credit ACA, I’d probably start with:

1. construction/renovation loan condition tracker
2. daily pipeline brief
3. missing-doc follow-up drafts

Everything stays approval-only — no AI auto-sending weird emails to borrowers. It drafts, summarizes, and queues the work so your team can move faster.

Worth sending over a quick version of what I’d install?

Ryan","Quick bump, Joseph — I can make this concrete for Legacy Ag Credit ACA.

I’d map 3 recurring workflows, install the approval-only drafts/briefs, and hand you a simple weekly operating rhythm. No giant dashboard, no auto-send.

Worth a quick look?"
192,100,"branch_manager | scaled_but_not_enterprise | revenue_can_pay | verified_email | linkedin_present | strong_mortgage_fit | doc_complex_products:va | speed_service_language:technology,tech,easy,customer service | broker_local_language",READY_FOR_LINKEDIN_AND_EMAIL,Kyle,Hesley,Kyle Matthew Kyle Hesley Hesley,Branch Manager/Mortgage Loan Originator,manager,HomePlus Corporation dba HomePlus Mortgage NMLS#78669  CA DRE Broker #01426454,HomePlus Corporation dba HomePlus Mortgage NMLS#78669  CA DRE Broker #01426454,khesley@homeplusmortgage.com,REAL-TIME VERIFIED ON 26 May 26,https://www.linkedin.com/in/kyle-hesley-421a949,Laguna Hills,California,homeplusmortgage.com,https://www.linkedin.com/company/homeplusmortgage,51-200,50,1000000-4999999,"banking, mortgage, refinancing, real estate, purchase, residential mortgage lending","With just two employees and a home office, HomePlus was built in 1999 on a foundation of personal relationships with our clients. 
Our four—and five-star reviews across online platforms Lending Tree, Zillow, Bankrate, and Google consistently mention the relationships our customers have built with their Residential Mortgage Loan Originators.
While relationships are at the heart of what we do at HomePlus, it’s also important to us that we employ the best technology to make our clients’ lives easier. We were one of the first mortgage companies to do business online, and our proprietary, 100% electronic process enables an easy, paperless transaction for our customers. It’s no coincidence that we achieved our best customer service ratings ever when we rolled it out.
Whether implementing user-friendly technology or embodying a customer-first culture, our focus on service flows from the top down. Our founder and CEO, Phil Pizzino, is in the office daily, advancing the HomePlus mission. 
Our mission is simple: Provide our customers with the highest level of customer service and a competitive mortgage rate and term.
NMLS ID: 78669 | CA. B.R.E. License# 01426454 | TX NMLS ID: 2016672| FL License# MBR570 | AZ License# MB-0944131 www.nmlsconsumeraccess.org","HomePlus Corporation dba HomePlus Mortgage NMLS#78669  CA DRE Broker #01426454 mentions complex mortgage products/workflows like: wn. Our founder and CEO, Phil Pizzino, is in the office daily, advancing the HomePlus mission. Our mission is simple: Provide our customers with the highest level o",borrower doc follow-up drafts by loan type; daily pipeline brief; missing-doc follow-up drafts,"Hey Kyle — quick specific idea.

I was looking at HomePlus Corporation dba HomePlus Mortgage NMLS#78669  CA DRE Broker #01426454 and noticed the mortgage workflow probably has a lot of borrower/doc follow-up hiding behind the scenes. HomePlus Corporation dba HomePlus Mortgage NMLS#78669  CA DRE Broker #01426454 mentions complex mortgage products/workflows like: wn. Our founder and CEO, Phil Pizzino, is in the office daily, advancing the HomePlus mission. Our mission is simple: Provide our customers with the highest level o

I’m testing a 7-day AIOS Quickstart for mortgage teams: 3 approval-only AI routines like borrower doc follow-up drafts by loan type, daily pipeline brief, and missing-doc follow-up drafts.

No auto-sending. Just drafts, briefs, and follow-up queues your team approves.

Want me to send the 3 routines I’d set up for HomePlus Corporation dba HomePlus Mortgage NMLS#78669  CA DRE Broker #01426454?",3 AI routines for HomePlus Corporation dba HomePlus Mortgage NMLS#78669  CA DRE Broker #01426454,"Hey Kyle,

I was looking at HomePlus Corporation dba HomePlus Mortgage NMLS#78669  CA DRE Broker #01426454 and had a specific thought. Mortgage teams usually don’t need a giant AI strategy. They need the recurring borrower/admin work to stop eating the week.

What stood out: HomePlus Corporation dba HomePlus Mortgage NMLS#78669  CA DRE Broker #01426454 mentions complex mortgage products/workflows like: wn. Our founder and CEO, Phil Pizzino, is in the office daily, advancing the HomePlus mission. Our mission is simple: Provide our customers with the highest level o

I’m testing a 7-day AIOS Quickstart where I install 3 approval-gated routines for mortgage teams. For HomePlus Corporation dba HomePlus Mortgage NMLS#78669  CA DRE Broker #01426454, I’d probably start with:

1. borrower doc follow-up drafts by loan type
2. daily pipeline brief
3. missing-doc follow-up drafts

Everything stays approval-only — no AI auto-sending weird emails to borrowers. It drafts, summarizes, and queues the work so your team can move faster.

Worth sending over a quick version of what I’d install?

Ryan","Quick bump, Kyle — I can make this concrete for HomePlus Corporation dba HomePlus Mortgage NMLS#78669  CA DRE Broker #01426454.

I’d map 3 recurring workflows, install the approval-only drafts/briefs, and hand you a simple weekly operating rhythm. No giant dashboard, no auto-send.

Worth a quick look?"
193,100,"branch_manager | multi_branch_influence | small_team | revenue_can_pay | linkedin_present | strong_mortgage_fit | doc_complex_products:jumbo,reverse,renovation,fha | speed_service_language:fast,streamlined",READY_FOR_LINKEDIN_NEEDS_EMAIL,Jon,Holt,Jon Holt,Branch Manager/Regional Renovation Manager,manager,"Movement Mortgage, Atlanta GA","Movement Mortgage, Atlanta GA",,,https://www.linkedin.com/in/jon-holt-49046845,Atlanta,Georgia,movementmortgage.com,https://www.linkedin.com/company/movement-mortgage-atlanta-ga,2-10,30,1000000-4999999,"va mortgages, fha mortgages, usda mortgages, vhda mortgages, conventional mortgages, jumbo mortgages, reverse mortgages","Movement Mortgage, formerly New American Mortgage, was founded in 2008 by Toby Harris and Casey Crawford with the principal vision of being the largest privately held mortgage bank in the country within ten years.Thanks to the hard work of our dedicated team, as well as the great relationships we've built within the real estate community, we plan on meeting that goal sooner than anyone could have anticipated. In just over four years, we have grown from a business of only eight employees to a company of nearly 1,000 dedicated mortgage professionals focused on providing the most personalized and most streamlined mortgage experience in the industry. This dedication earned Movement the honor of being named 2012’s fastest growing mortgage bank in the country by Inc. Magazine. 

Movement was founded with a clear vision and a strong commitment to the values of God, family, community, and business. It is also our belief that we are called to bring life, light, and hope to the various communities that we are privileged to be a part of. We believe that the tremendous growth we have experienced is a direct result of the way we care not only for one another but for our industry partners and clients as well.","Movement Mortgage, Atlanta GA mentions complex mortgage products/workflows like: rtgages, usda mortgages, vhda mortgages, conventional mortgages, jumbo mortgages, reverse mortgages Movement Mortgage, formerly New American Mortgage, was founded in",complex-file doc checklist; borrower doc follow-up drafts by loan type; daily pipeline brief,"Hey Jon — quick specific idea.

I was looking at Movement Mortgage, Atlanta GA and noticed the mortgage workflow probably has a lot of borrower/doc follow-up hiding behind the scenes. Movement Mortgage, Atlanta GA mentions complex mortgage products/workflows like: rtgages, usda mortgages, vhda mortgages, conventional mortgages, jumbo mortgages, reverse mortgages Movement Mortgage, formerly New American Mortgage, was founded in

I’m testing a 7-day AIOS Quickstart for mortgage teams: 3 approval-only AI routines like complex-file doc checklist, borrower doc follow-up drafts by loan type, and daily pipeline brief.

No auto-sending. Just drafts, briefs, and follow-up queues your team approves.

Want me to send the 3 routines I’d set up for Movement Mortgage, Atlanta GA?","3 AI routines for Movement Mortgage, Atlanta GA","Hey Jon,

I was looking at Movement Mortgage, Atlanta GA and had a specific thought. Mortgage teams usually don’t need a giant AI strategy. They need the recurring borrower/admin work to stop eating the week.

What stood out: Movement Mortgage, Atlanta GA mentions complex mortgage products/workflows like: rtgages, usda mortgages, vhda mortgages, conventional mortgages, jumbo mortgages, reverse mortgages Movement Mortgage, formerly New American Mortgage, was founded in

I’m testing a 7-day AIOS Quickstart where I install 3 approval-gated routines for mortgage teams. For Movement Mortgage, Atlanta GA, I’d probably start with:

1. complex-file doc checklist
2. borrower doc follow-up drafts by loan type
3. daily pipeline brief

Everything stays approval-only — no AI auto-sending weird emails to borrowers. It drafts, summarizes, and queues the work so your team can move faster.

Worth sending over a quick version of what I’d install?

Ryan","Quick bump, Jon — I can make this concrete for Movement Mortgage, Atlanta GA.

I’d map 3 recurring workflows, install the approval-only drafts/briefs, and hand you a simple weekly operating rhythm. No giant dashboard, no auto-send.

Worth a quick look?"
194,100,"owner_or_founder | branch_manager | scaled_but_not_enterprise | revenue_can_pay | verified_email | linkedin_present | strong_mortgage_fit | doc_complex_products:commercial,va | speed_service_language:customer service | bank_cu_deprioritize",READY_FOR_LINKEDIN_AND_EMAIL,Carol,Pelster,Carol Pelster,Vice President/ Branch Manager,manager,NebraskaLand Bank,NebraskaLand Bank,cpelster@nlnb.com,REAL-TIME VERIFIED ON 26 May 26,https://www.linkedin.com/in/carol-pelster-452868a2,Kearney,Nebraska,nebraskalandbank.com,https://www.linkedin.com/company/nebraskaland-bank,51-200,77,5000000-9999999,"business banking, personal banking, customer service, commercial loans","We are a locally owned bank that is committed to offering our customers a wide array of products and services as well as convenient locations. You will find our banking solutions to be flexible enough to meet your needs and powerful enough to help you accomplish your financial goals.

Mission: ""To serve the community with high quality personalized service at a competitive price.""​

Visit our website, NebraskaLandBank.com, to locate a branch nearest you!

We are Member FDIC and an Equal Housing Lender.

Like us on Facebook: facebook.com/nebraskalandbank
Follow us on Twitter: twitter.com/neblandbank
Follow our Blog: nebraskalandbank.com/Blog/RecentPosts
Check out our videos on YouTube: youtube.com/user/NebraskaLandBank

For a list of available careers with us, please check out website and click on Careers! We are an Equal Opportunity Employer.","NebraskaLand Bank mentions complex mortgage products/workflows like: business banking, personal banking, customer service, commercial loans We are a locally owned bank that is committed to offering our customers a wide arra",borrower doc follow-up drafts by loan type; daily pipeline brief; missing-doc follow-up drafts,"Hey Carol — quick specific idea.

I was looking at NebraskaLand Bank and noticed the mortgage workflow probably has a lot of borrower/doc follow-up hiding behind the scenes. NebraskaLand Bank mentions complex mortgage products/workflows like: business banking, personal banking, customer service, commercial loans We are a locally owned bank that is committed to offering our customers a wide arra

I’m testing a 7-day AIOS Quickstart for mortgage teams: 3 approval-only AI routines like borrower doc follow-up drafts by loan type, daily pipeline brief, and missing-doc follow-up drafts.

No auto-sending. Just drafts, briefs, and follow-up queues your team approves.

Want me to send the 3 routines I’d set up for NebraskaLand Bank?",3 AI routines for NebraskaLand Bank,"Hey Carol,

I was looking at NebraskaLand Bank and had a specific thought. Mortgage teams usually don’t need a giant AI strategy. They need the recurring borrower/admin work to stop eating the week.

What stood out: NebraskaLand Bank mentions complex mortgage products/workflows like: business banking, personal banking, customer service, commercial loans We are a locally owned bank that is committed to offering our customers a wide arra

I’m testing a 7-day AIOS Quickstart where I install 3 approval-gated routines for mortgage teams. For NebraskaLand Bank, I’d probably start with:

1. borrower doc follow-up drafts by loan type
2. daily pipeline brief
3. missing-doc follow-up drafts

Everything stays approval-only — no AI auto-sending weird emails to borrowers. It drafts, summarizes, and queues the work so your team can move faster.

Worth sending over a quick version of what I’d install?

Ryan","Quick bump, Carol — I can make this concrete for NebraskaLand Bank.

I’d map 3 recurring workflows, install the approval-only drafts/briefs, and hand you a simple weekly operating rhythm. No giant dashboard, no auto-send.

Worth a quick look?"
195,100,"owner_or_founder | branch_manager | scaled_but_not_enterprise | revenue_can_pay | verified_email | linkedin_present | strong_mortgage_fit | doc_complex_products:commercial,va | speed_service_language:customer service | bank_cu_deprioritize",READY_FOR_LINKEDIN_AND_EMAIL,Mitch,Barr,Mitch Barr,"Vice President, Branch Manager",manager,"CCNB, Coastal Carolina National Bank","CCNB, Coastal Carolina National Bank",mitch.barr@myccnb.com,REAL-TIME VERIFIED ON 26 May 26,https://www.linkedin.com/in/mitch-barr-98113990,Columbia,South Carolina,myccnb.com,https://www.linkedin.com/company/coastal-carolina-national-bank,51-200,99,5000000-9999999,"personal banking, commercial banking, mortgage banking, local decisions, business banking, mobile banking, interest-bearing checking account, competitive rates, exceptional customer service, convenient locations","Coastal Carolina National Bank, a Myrtle Beach-based community bank serving Horry, Georgetown, Aiken, Richland, Greenville, Spartanburg, and Brunswick (NC) counties. Coastal Carolina National Bank is a locally operated financial institution focused on providing personalized service. It offers a full range of banking services designed to meet the specific needs of individuals and small and medium-sized businesses. Headquartered in Myrtle Beach, SC, the Bank also has branches in Garden City, North Myrtle Beach, Conway, Aiken, Columbia, and Greenville, as well as a Loan Production Office in Spartanburg, South Carolina. Through the substantial experience of our local management and Board of Directors, Coastal Carolina Bancshares, Inc., seeks to enhance value for our shareholders, build lasting customer relationships. CCNB is fully FDIC insured (#58864), and deposits of each depositor are protected to the maximum amount provided by the Federal Deposit Insurance Act. NMLS #405498 Stock symbol: CCNB (OTCQX). Equal Housing Lender. Member FDIC. 
For additional information visit MyCCNB.com.","CCNB, Coastal Carolina National Bank mentions complex mortgage products/workflows like: personal banking, commercial banking, mortgage banking, local decisions, business banking, mobile banking, interest-be",borrower doc follow-up drafts by loan type; daily pipeline brief; missing-doc follow-up drafts,"Hey Mitch — quick specific idea.

I was looking at CCNB, Coastal Carolina National Bank and noticed the mortgage workflow probably has a lot of borrower/doc follow-up hiding behind the scenes. CCNB, Coastal Carolina National Bank mentions complex mortgage products/workflows like: personal banking, commercial banking, mortgage banking, local decisions, business banking, mobile banking, interest-be

I’m testing a 7-day AIOS Quickstart for mortgage teams: 3 approval-only AI routines like borrower doc follow-up drafts by loan type, daily pipeline brief, and missing-doc follow-up drafts.

No auto-sending. Just drafts, briefs, and follow-up queues your team approves.

Want me to send the 3 routines I’d set up for CCNB, Coastal Carolina National Bank?","3 AI routines for CCNB, Coastal Carolina National Bank","Hey Mitch,

I was looking at CCNB, Coastal Carolina National Bank and had a specific thought. Mortgage teams usually don’t need a giant AI strategy. They need the recurring borrower/admin work to stop eating the week.

What stood out: CCNB, Coastal Carolina National Bank mentions complex mortgage products/workflows like: personal banking, commercial banking, mortgage banking, local decisions, business banking, mobile banking, interest-be

I’m testing a 7-day AIOS Quickstart where I install 3 approval-gated routines for mortgage teams. For CCNB, Coastal Carolina National Bank, I’d probably start with:

1. borrower doc follow-up drafts by loan type
2. daily pipeline brief
3. missing-doc follow-up drafts

Everything stays approval-only — no AI auto-sending weird emails to borrowers. It drafts, summarizes, and queues the work so your team can move faster.

Worth sending over a quick version of what I’d install?

Ryan","Quick bump, Mitch — I can make this concrete for CCNB, Coastal Carolina National Bank.

I’d map 3 recurring workflows, install the approval-only drafts/briefs, and hand you a simple weekly operating rhythm. No giant dashboard, no auto-send.

Worth a quick look?"
196,100,"branch_manager | small_team | smaller_revenue | verified_email | linkedin_present | strong_mortgage_fit | doc_complex_products:investment,reverse,fha,va | speed_service_language:technology,tech",READY_FOR_LINKEDIN_AND_EMAIL,Brian,Ramsey,Brian Ramsey,Branch Manager/Loan Originator,manager,Desert Capitol Services,Desert Capitol Services,bramsey@desertcapitol.com,REAL-TIME VERIFIED ON 26 May 26,https://www.linkedin.com/in/brian-ramseyonestopsolution,Phoenix,Arizona,desertcapitol.com,https://www.linkedin.com/company/desert-capitol-services,2-10,4,100000-499999,"residential home loans, mortgages, purchase loans, fha loans, conventional loans, va loans, home equity loans, home improvement loans, reverse mortgages, debt consolidation loans, home purchase loans","We know that each customer has specific needs, so we strive to meet those specific needs with a wide array of products, investment tools, mortgages and best of all quality service and individual attention.

Today's technology is providing a more productive environment to work in. For example, through our website you can submit a complete on-line, secure loan application or pre-qualify for a home loan. You may also evaluate your different financing options by using our interactive calculators and going over various mortgage scenarios.

Call us now for a free credit review or to get pre-qualified for the home of your dreams!

Toll Free: 866-922-5900 | Arizona: 623-688-5972 | California: 760-547-7656

See what our clients have to say about us: Read our 5 star reviews here!","Desert Capitol Services mentions complex mortgage products/workflows like: rive to meet those specific needs with a wide array of products, investment tools, mortgages and best of all quality service and individual attention. Today's techn",complex-file doc checklist; borrower doc follow-up drafts by loan type; daily pipeline brief,"Hey Brian — quick specific idea.

I was looking at Desert Capitol Services and noticed the mortgage workflow probably has a lot of borrower/doc follow-up hiding behind the scenes. Desert Capitol Services mentions complex mortgage products/workflows like: rive to meet those specific needs with a wide array of products, investment tools, mortgages and best of all quality service and individual attention. Today's techn

I’m testing a 7-day AIOS Quickstart for mortgage teams: 3 approval-only AI routines like complex-file doc checklist, borrower doc follow-up drafts by loan type, and daily pipeline brief.

No auto-sending. Just drafts, briefs, and follow-up queues your team approves.

Want me to send the 3 routines I’d set up for Desert Capitol Services?",3 AI routines for Desert Capitol Services,"Hey Brian,

I was looking at Desert Capitol Services and had a specific thought. Mortgage teams usually don’t need a giant AI strategy. They need the recurring borrower/admin work to stop eating the week.

What stood out: Desert Capitol Services mentions complex mortgage products/workflows like: rive to meet those specific needs with a wide array of products, investment tools, mortgages and best of all quality service and individual attention. Today's techn

I’m testing a 7-day AIOS Quickstart where I install 3 approval-gated routines for mortgage teams. For Desert Capitol Services, I’d probably start with:

1. complex-file doc checklist
2. borrower doc follow-up drafts by loan type
3. daily pipeline brief

Everything stays approval-only — no AI auto-sending weird emails to borrowers. It drafts, summarizes, and queues the work so your team can move faster.

Worth sending over a quick version of what I’d install?

Ryan","Quick bump, Brian — I can make this concrete for Desert Capitol Services.

I’d map 3 recurring workflows, install the approval-only drafts/briefs, and hand you a simple weekly operating rhythm. No giant dashboard, no auto-send.

Worth a quick look?"
197,100,"branch_manager | small_team | smaller_revenue | verified_email | linkedin_present | strong_mortgage_fit | doc_complex_products:construction,commercial,investor,bridge | broker_local_language",READY_FOR_LINKEDIN_AND_EMAIL,Darnell,Mahone,Darnell Mahone,Branch Manager,manager,Bella Group Funding,Bella Group Funding,darnell@bellagroupfunding.com,REAL-TIME VERIFIED ON 26 May 26,https://www.linkedin.com/in/darnell-mahone,Winter Garden,Florida,bellagroupfunding.com,https://www.linkedin.com/company/bella-group-funding,2-10,3,100000-499999,"commercial mortgage, construction financing, bridge loans, joint venture real estate, retail centers, multi-family buildings, industrial property, office buildings, mobile home parks, joint ventures","Bella Funding Group is a Residential Mortgage Broker well versed in finding the best match for interested borrowers and lenders. Our goal is to create partnerships through trust and commitment based on proven results. We work with private investors, real estate companies, family offices, and larger financial institutions to achieve success in all commercial endeavors. We are experts at blending the perfect mix of terms, interest rates, schedules, and prepayment flexibility. 

We practice the utmost care and due diligence all the way from the onset of the mortgage to its closing. Our services include bridge loans, construction financing loans, joint venture real estate, retail centers, multi-family buildings, industrial property, office buildings, mobile home parks, and joint ventures. Just tell us what you need and we’ll find a solution.","Bella Group Funding mentions complex mortgage products/workflows like: commercial mortgage, construction financing, bridge loans, joint venture real estate, retail centers, multi-family buildi",construction/renovation loan condition tracker; borrower doc follow-up drafts by loan type; daily pipeline brief,"Hey Darnell — quick specific idea.

I was looking at Bella Group Funding and noticed the mortgage workflow probably has a lot of borrower/doc follow-up hiding behind the scenes. Bella Group Funding mentions complex mortgage products/workflows like: commercial mortgage, construction financing, bridge loans, joint venture real estate, retail centers, multi-family buildi

I’m testing a 7-day AIOS Quickstart for mortgage teams: 3 approval-only AI routines like construction/renovation loan condition tracker, borrower doc follow-up drafts by loan type, and daily pipeline brief.

No auto-sending. Just drafts, briefs, and follow-up queues your team approves.

Want me to send the 3 routines I’d set up for Bella Group Funding?",3 AI routines for Bella Group Funding,"Hey Darnell,

I was looking at Bella Group Funding and had a specific thought. Mortgage teams usually don’t need a giant AI strategy. They need the recurring borrower/admin work to stop eating the week.

What stood out: Bella Group Funding mentions complex mortgage products/workflows like: commercial mortgage, construction financing, bridge loans, joint venture real estate, retail centers, multi-family buildi

I’m testing a 7-day AIOS Quickstart where I install 3 approval-gated routines for mortgage teams. For Bella Group Funding, I’d probably start with:

1. construction/renovation loan condition tracker
2. borrower doc follow-up drafts by loan type
3. daily pipeline brief

Everything stays approval-only — no AI auto-sending weird emails to borrowers. It drafts, summarizes, and queues the work so your team can move faster.

Worth sending over a quick version of what I’d install?

Ryan","Quick bump, Darnell — I can make this concrete for Bella Group Funding.

I’d map 3 recurring workflows, install the approval-only drafts/briefs, and hand you a simple weekly operating rhythm. No giant dashboard, no auto-send.

Worth a quick look?"
198,100,"branch_manager | small_team | smaller_revenue | verified_email | linkedin_present | strong_mortgage_fit | doc_complex_products:jumbo,commercial,investor,va | speed_service_language:streamlined,efficient",READY_FOR_LINKEDIN_AND_EMAIL,Kareme,Shorter,Kareme Shorter,Branch Manager,manager,Ascension Mortgage,Ascension Mortgage,kareme@ascensionmtg.com,REAL-TIME VERIFIED ON 26 May 26,https://www.linkedin.com/in/kareme,Miami-fort Lauderdale Area,,ascensionmtg.com,https://www.linkedin.com/company/ascensionmtg,2-10,3,100000-499999,,"Located in the vibrant South Florida region, Ascension Mortgage is a distinguished mortgage firm that takes great pride in its Florida ownership and operation. We are dedicated to serving both residential and commercial clients with our expertise in lending. Our team specializes in bank turndown business, offering tailored solutions to individuals who may have faced challenges in obtaining financing through traditional channels.

With an extensive network of 20+ lenders and banks, Ascension Mortgage has firmly established itself as a dominant force in the luxury market. Our specialization in jumbo and super jumbo financing allows us to provide unparalleled support to clients seeking high-value properties, such as $10M condos in downtown Miami. Additionally, we are committed to promoting inclusivity and ensuring that everyone in our community has access to financing options. Through our down payment assistance programs, we empower individuals from all backgrounds to achieve their dreams of homeownership.

At Ascension Mortgage, we continually strive for innovation and excellence. Our close collaboration with local appraisers enables us to offer competitive rates, ensuring our clients receive the best possible financial solutions. Moreover, our streamlined processes and efficient closings have earned us a stellar reputation among realtors and clients alike, making us the go-to choice for mortgage services in Florida.

With a collective experience of over 40 years in the residential and commercial lending space, our team possesses the knowledge and expertise needed to navigate any financing challenge. We understand that each client's journey is unique, and we are dedicated to providing personalized guidance every step of the way.

At Ascension Mortgage, we are passionate about helping our clients achieve their financial goals. Whether you are a first-time homebuyer or a seasoned investor, we are committed to delivering exceptional service & professionalism.",Ascension Mortgage mentions complex mortgage products/workflows like: as a dominant force in the luxury market. Our specialization in jumbo and super jumbo financing allows us to provide unparalleled support to clients seeking high-va,complex-file doc checklist; borrower doc follow-up drafts by loan type; daily pipeline brief,"Hey Kareme — quick specific idea.

I was looking at Ascension Mortgage and noticed the mortgage workflow probably has a lot of borrower/doc follow-up hiding behind the scenes. Ascension Mortgage mentions complex mortgage products/workflows like: as a dominant force in the luxury market. Our specialization in jumbo and super jumbo financing allows us to provide unparalleled support to clients seeking high-va

I’m testing a 7-day AIOS Quickstart for mortgage teams: 3 approval-only AI routines like complex-file doc checklist, borrower doc follow-up drafts by loan type, and daily pipeline brief.

No auto-sending. Just drafts, briefs, and follow-up queues your team approves.

Want me to send the 3 routines I’d set up for Ascension Mortgage?",3 AI routines for Ascension Mortgage,"Hey Kareme,

I was looking at Ascension Mortgage and had a specific thought. Mortgage teams usually don’t need a giant AI strategy. They need the recurring borrower/admin work to stop eating the week.

What stood out: Ascension Mortgage mentions complex mortgage products/workflows like: as a dominant force in the luxury market. Our specialization in jumbo and super jumbo financing allows us to provide unparalleled support to clients seeking high-va

I’m testing a 7-day AIOS Quickstart where I install 3 approval-gated routines for mortgage teams. For Ascension Mortgage, I’d probably start with:

1. complex-file doc checklist
2. borrower doc follow-up drafts by loan type
3. daily pipeline brief

Everything stays approval-only — no AI auto-sending weird emails to borrowers. It drafts, summarizes, and queues the work so your team can move faster.

Worth sending over a quick version of what I’d install?

Ryan","Quick bump, Kareme — I can make this concrete for Ascension Mortgage.

I’d map 3 recurring workflows, install the approval-only drafts/briefs, and hand you a simple weekly operating rhythm. No giant dashboard, no auto-send.

Worth a quick look?"
199,100,owner_or_founder | branch_manager | small_team | revenue_can_pay | verified_email | linkedin_present | mortgage_fit | broker_local_language,READY_FOR_LINKEDIN_AND_EMAIL,Mike,Maiss,Mike Maiss,Vice President / Branch Manager - Chicago,manager,LSI Logistic Solutions,LSI Logistic Solutions,mmaiss@lsilogistics.com,REAL-TIME VERIFIED ON 26 May 26,https://www.linkedin.com/in/mike-maiss-b5911813,Greater Chicago Area,,lsilogistics.com,https://www.linkedin.com/company/lsi-logistic-solutions-ireland,11-50,23,1000000-4999999,,"LSI Logistic Solutions was incorporated in 2003 to meet the growing need for a Professional Vendor who could engineer and implement bespoke logistic solutions.

At LSI we are continually developing multi-modal transportation solutions from actual operation through to the final invoice. With niche market concentration and a strong focus on Client requirements our business has increased annually both Domestically and Internationally. Between them our staff have over 100 years experience in the Freight/Logistic Industry and Our Operation is structured to allow maximum flexibility whilst ensuring services of the highest levels 


Logistic Solutions Engineered for You.",LSI Logistic Solutions appears to be a mortgage/lending team with a borrower follow-up/document workflow.,daily pipeline brief; missing-doc follow-up drafts; stale borrower/realtor follow-up queue,"Hey Mike — quick specific idea.

I was looking at LSI Logistic Solutions and noticed the mortgage workflow probably has a lot of borrower/doc follow-up hiding behind the scenes. LSI Logistic Solutions appears to be a mortgage/lending team with a borrower follow-up/document workflow.

I’m testing a 7-day AIOS Quickstart for mortgage teams: 3 approval-only AI routines like daily pipeline brief, missing-doc follow-up drafts, and stale borrower/realtor follow-up queue.

No auto-sending. Just drafts, briefs, and follow-up queues your team approves.

Want me to send the 3 routines I’d set up for LSI Logistic Solutions?",3 AI routines for LSI Logistic Solutions,"Hey Mike,

I was looking at LSI Logistic Solutions and had a specific thought. Mortgage teams usually don’t need a giant AI strategy. They need the recurring borrower/admin work to stop eating the week.

What stood out: LSI Logistic Solutions appears to be a mortgage/lending team with a borrower follow-up/document workflow.

I’m testing a 7-day AIOS Quickstart where I install 3 approval-gated routines for mortgage teams. For LSI Logistic Solutions, I’d probably start with:

1. daily pipeline brief
2. missing-doc follow-up drafts
3. stale borrower/realtor follow-up queue

Everything stays approval-only — no AI auto-sending weird emails to borrowers. It drafts, summarizes, and queues the work so your team can move faster.

Worth sending over a quick version of what I’d install?

Ryan","Quick bump, Mike — I can make this concrete for LSI Logistic Solutions.

I’d map 3 recurring workflows, install the approval-only drafts/briefs, and hand you a simple weekly operating rhythm. No giant dashboard, no auto-send.

Worth a quick look?"
200,100,"owner_or_founder | branch_manager | scaled_but_not_enterprise | revenue_can_pay | verified_email | linkedin_present | mortgage_fit | doc_complex_products:construction,commercial,investment | speed_service_language:customer service | bank_cu_deprioritize",READY_FOR_LINKEDIN_AND_EMAIL,Matt,Arnold,Matt Arnold,Vice President / Branch Manager,manager,Bank Of Old Monroe,Bank Of Old Monroe,marnold@bankofoldmonroe.com,REAL-TIME VERIFIED ON 26 May 26,https://www.linkedin.com/in/matt-arnold-20862826,Troy,Missouri,bankofoldmonroe.com,https://www.linkedin.com/company/bank-of-old-monroe,51-200,49,1000000-4999999,"business banking, consumer banking, customer service, online banking, commercial loans, mortgages, real estate loans, construction loans, operating line of credit, equipment loans, lot loans, agricultural loans, investments","Bank Of Old Monroe is a locally owned and operated financial banking institution with five locations in Missouri including: Old Monroe, O'Fallon, Moscow Mills, Wentzville and Troy. The Bank of Old Monroe is dedicated to the communities we serve and to providing highly personalized and responsive service to our business, professional, individual and non-profit clients.","Bank Of Old Monroe mentions complex mortgage products/workflows like: online banking, commercial loans, mortgages, real estate loans, construction loans, operating line of credit, equipment loans, lot loans, agricultural loans, invest",complex-file doc checklist; construction/renovation loan condition tracker; daily pipeline brief,"Hey Matt — quick specific idea.

I was looking at Bank Of Old Monroe and noticed the mortgage workflow probably has a lot of borrower/doc follow-up hiding behind the scenes. Bank Of Old Monroe mentions complex mortgage products/workflows like: online banking, commercial loans, mortgages, real estate loans, construction loans, operating line of credit, equipment loans, lot loans, agricultural loans, invest

I’m testing a 7-day AIOS Quickstart for mortgage teams: 3 approval-only AI routines like complex-file doc checklist, construction/renovation loan condition tracker, and daily pipeline brief.

No auto-sending. Just drafts, briefs, and follow-up queues your team approves.

Want me to send the 3 routines I’d set up for Bank Of Old Monroe?",3 AI routines for Bank Of Old Monroe,"Hey Matt,

I was looking at Bank Of Old Monroe and had a specific thought. Mortgage teams usually don’t need a giant AI strategy. They need the recurring borrower/admin work to stop eating the week.

What stood out: Bank Of Old Monroe mentions complex mortgage products/workflows like: online banking, commercial loans, mortgages, real estate loans, construction loans, operating line of credit, equipment loans, lot loans, agricultural loans, invest

I’m testing a 7-day AIOS Quickstart where I install 3 approval-gated routines for mortgage teams. For Bank Of Old Monroe, I’d probably start with:

1. complex-file doc checklist
2. construction/renovation loan condition tracker
3. daily pipeline brief

Everything stays approval-only — no AI auto-sending weird emails to borrowers. It drafts, summarizes, and queues the work so your team can move faster.

Worth sending over a quick version of what I’d install?

Ryan","Quick bump, Matt — I can make this concrete for Bank Of Old Monroe.

I’d map 3 recurring workflows, install the approval-only drafts/briefs, and hand you a simple weekly operating rhythm. No giant dashboard, no auto-send.

Worth a quick look?"
201,100,"branch_manager | multi_branch_influence | small_team | revenue_can_pay | verified_email | linkedin_present | mortgage_fit | doc_complex_products:construction,va | speed_service_language:communication,efficient,tech",READY_FOR_LINKEDIN_AND_EMAIL,Todd,Jacquay,Todd Jacquay,Branch Manager - Western Regional Office,manager,"Advantage Environmental Consultants, LLC","Advantage Environmental Consultants, LLC",tjacquay@aec-env.com,REAL-TIME VERIFIED ON 26 May 26,https://www.linkedin.com/in/todd-jacquay,San Marcos,California,aec-env.com,https://www.linkedin.com/company/advantage-environmental-consultants-llc,11-50,36,1000000-4999999,"environmental site assessments, environmental permitting and compliance, air quality monitoring and auditing, building systems evaluation, facilities management, expert witness testimony, asbestos and lead-based paint testing and consulting, phase i esas, wireless nepa consulting, environmental construction management, operations and maintenance programs, phase ii subsurface investigations, telecommunications fcc environmental consulting, lsrp consulting, asbestos air monitoring, voluntary cleanup program, brownfields, corrective action plans (cap)","Advantage Environmental Consultants, LLC (AEC) is a nationwide environmental consulting firm with six regional offices located in the following areas:

Metro Washington, D.C., 
Denver Metro, Colorado
Nashville, Tennessee, 
Metro Philadelphia, Pennsylvania, 
Richmond, Virginia
San Diego County, California,

AEC's range of services include environmental site assessments (ESAs) and audits, including geologic and hydrogeologic investigation and analysis; environmental permitting and compliance services; air quality monitoring, auditing, certified industrial hygiene and safety programs; building systems evaluation; facilities management; expert witness testimony; and asbestos and lead-based paint testing and consulting.

AEC professionals have extensive experience in a wide range of environmental service areas including: engineering, environmental sciences, industrial hygiene, air quality, hydrogeology, chemistry, geology, and biology. AEC has developed considerable expertise addressing legal and financial implications of environmental issues. AEC's technical specialists pool their combined experience and expertise in a team effort to resolve clients'​ environmental concerns quickly, economically, and efficiently.","Advantage Environmental Consultants, LLC mentions complex mortgage products/workflows like: onsulting, phase i esas, wireless nepa consulting, environmental construction management, operations and maintenance programs, phase ii subsurface investigations, te",construction/renovation loan condition tracker; borrower doc follow-up drafts by loan type; daily pipeline brief,"Hey Todd — quick specific idea.

I was looking at Advantage Environmental Consultants, LLC and noticed the mortgage workflow probably has a lot of borrower/doc follow-up hiding behind the scenes. Advantage Environmental Consultants, LLC mentions complex mortgage products/workflows like: onsulting, phase i esas, wireless nepa consulting, environmental construction management, operations and maintenance programs, phase ii subsurface investigations, te

I’m testing a 7-day AIOS Quickstart for mortgage teams: 3 approval-only AI routines like construction/renovation loan condition tracker, borrower doc follow-up drafts by loan type, and daily pipeline brief.

No auto-sending. Just drafts, briefs, and follow-up queues your team approves.

Want me to send the 3 routines I’d set up for Advantage Environmental Consultants, LLC?","3 AI routines for Advantage Environmental Consultants, LLC","Hey Todd,

I was looking at Advantage Environmental Consultants, LLC and had a specific thought. Mortgage teams usually don’t need a giant AI strategy. They need the recurring borrower/admin work to stop eating the week.

What stood out: Advantage Environmental Consultants, LLC mentions complex mortgage products/workflows like: onsulting, phase i esas, wireless nepa consulting, environmental construction management, operations and maintenance programs, phase ii subsurface investigations, te

I’m testing a 7-day AIOS Quickstart where I install 3 approval-gated routines for mortgage teams. For Advantage Environmental Consultants, LLC, I’d probably start with:

1. construction/renovation loan condition tracker
2. borrower doc follow-up drafts by loan type
3. daily pipeline brief

Everything stays approval-only — no AI auto-sending weird emails to borrowers. It drafts, summarizes, and queues the work so your team can move faster.

Worth sending over a quick version of what I’d install?

Ryan","Quick bump, Todd — I can make this concrete for Advantage Environmental Consultants, LLC.

I’d map 3 recurring workflows, install the approval-only drafts/briefs, and hand you a simple weekly operating rhythm. No giant dashboard, no auto-send.

Worth a quick look?"
202,100,"branch_manager | small_team | smaller_revenue | verified_email | linkedin_present | strong_mortgage_fit | doc_complex_products:non-qm,jumbo,reverse,fha | broker_local_language",READY_FOR_LINKEDIN_AND_EMAIL,Jamie,Murray,Jamie Murray,Branch Manager,manager,The Newfinity Group Inc,The Newfinity Group Inc,jamie@newfinitygroup.com,REAL-TIME VERIFIED ON 26 May 26,https://www.linkedin.com/in/jamie-murray-a24739141,Red Bank,New Jersey,newfinitygroup.com,https://www.linkedin.com/company/the-newfinity-group-inc,11-50,5,100000-499999,"mortgage lending, purchase business, refinance, fha , va, usda, non-qm, jumbo, reverse mortgages","The Newfinity Group Inc is based out of Florida with a second branch in New Jersey.  The Newfinity Group is licensed in seven states; Connecticut, Colorado, Florida, New Jersey, New York, Pennsylvania, and Virginia. We work with over 30 lenders to the most competitive pricing and products.","The Newfinity Group Inc mentions complex mortgage products/workflows like: mortgage lending, purchase business, refinance, fha , va, usda, non-qm, jumbo, reverse mortgages The Newfinity Group Inc is based out of Florida with a second branc",complex-file doc checklist; borrower doc follow-up drafts by loan type; daily pipeline brief,"Hey Jamie — quick specific idea.

I was looking at The Newfinity Group Inc and noticed the mortgage workflow probably has a lot of borrower/doc follow-up hiding behind the scenes. The Newfinity Group Inc mentions complex mortgage products/workflows like: mortgage lending, purchase business, refinance, fha , va, usda, non-qm, jumbo, reverse mortgages The Newfinity Group Inc is based out of Florida with a second branc

I’m testing a 7-day AIOS Quickstart for mortgage teams: 3 approval-only AI routines like complex-file doc checklist, borrower doc follow-up drafts by loan type, and daily pipeline brief.

No auto-sending. Just drafts, briefs, and follow-up queues your team approves.

Want me to send the 3 routines I’d set up for The Newfinity Group Inc?",3 AI routines for The Newfinity Group Inc,"Hey Jamie,

I was looking at The Newfinity Group Inc and had a specific thought. Mortgage teams usually don’t need a giant AI strategy. They need the recurring borrower/admin work to stop eating the week.

What stood out: The Newfinity Group Inc mentions complex mortgage products/workflows like: mortgage lending, purchase business, refinance, fha , va, usda, non-qm, jumbo, reverse mortgages The Newfinity Group Inc is based out of Florida with a second branc

I’m testing a 7-day AIOS Quickstart where I install 3 approval-gated routines for mortgage teams. For The Newfinity Group Inc, I’d probably start with:

1. complex-file doc checklist
2. borrower doc follow-up drafts by loan type
3. daily pipeline brief

Everything stays approval-only — no AI auto-sending weird emails to borrowers. It drafts, summarizes, and queues the work so your team can move faster.

Worth sending over a quick version of what I’d install?

Ryan","Quick bump, Jamie — I can make this concrete for The Newfinity Group Inc.

I’d map 3 recurring workflows, install the approval-only drafts/briefs, and hand you a simple weekly operating rhythm. No giant dashboard, no auto-send.

Worth a quick look?"
203,100,"branch_manager | producer | small_team | smaller_revenue | verified_email | linkedin_present | strong_mortgage_fit | doc_complex_products:non-qm,self-employed | broker_local_language",READY_FOR_LINKEDIN_AND_EMAIL,Thaddeus,Hager,Thaddeus Hager,Branch Manager. Senior Loan Officer,senior,RōBUS Mortgage,RōBUS Mortgage,thager@robusmortgage.com,REAL-TIME VERIFIED ON 26 May 26,https://www.linkedin.com/in/thaddeus-hager-a475a5110,Las Vegas,Nevada,robusmortgage.com,https://www.linkedin.com/company/robus-mortgage,11-50,13,500000-999999,"residential lending, mortgage broker, direct lender",RoBUS Mortgage is a direct lender and a broker currently licensed in 15 states with more on the way.  We are averaging close to 11 calendar days from application to clear to close on conventional loans.  Overhead and profit margins are low which results in some of the lowest rates and fees for our clients.  RoBUS also specializes in non-QM(Qualified Mortgage) lending for self-employed borrowers who write off income on taxes along with other unique properties and income types.,RōBUS Mortgage mentions complex mortgage products/workflows like: owest rates and fees for our clients. RoBUS also specializes in non-QM(Qualified Mortgage) lending for self-employed borrowers who write off income on taxes along w,complex-file doc checklist; daily pipeline brief; missing-doc follow-up drafts,"Hey Thaddeus — quick specific idea.

I was looking at RōBUS Mortgage and noticed the mortgage workflow probably has a lot of borrower/doc follow-up hiding behind the scenes. RōBUS Mortgage mentions complex mortgage products/workflows like: owest rates and fees for our clients. RoBUS also specializes in non-QM(Qualified Mortgage) lending for self-employed borrowers who write off income on taxes along w

I’m testing a 7-day AIOS Quickstart for mortgage teams: 3 approval-only AI routines like complex-file doc checklist, daily pipeline brief, and missing-doc follow-up drafts.

No auto-sending. Just drafts, briefs, and follow-up queues your team approves.

Want me to send the 3 routines I’d set up for RōBUS Mortgage?",3 AI routines for RōBUS Mortgage,"Hey Thaddeus,

I was looking at RōBUS Mortgage and had a specific thought. Mortgage teams usually don’t need a giant AI strategy. They need the recurring borrower/admin work to stop eating the week.

What stood out: RōBUS Mortgage mentions complex mortgage products/workflows like: owest rates and fees for our clients. RoBUS also specializes in non-QM(Qualified Mortgage) lending for self-employed borrowers who write off income on taxes along w

I’m testing a 7-day AIOS Quickstart where I install 3 approval-gated routines for mortgage teams. For RōBUS Mortgage, I’d probably start with:

1. complex-file doc checklist
2. daily pipeline brief
3. missing-doc follow-up drafts

Everything stays approval-only — no AI auto-sending weird emails to borrowers. It drafts, summarizes, and queues the work so your team can move faster.

Worth sending over a quick version of what I’d install?

Ryan","Quick bump, Thaddeus — I can make this concrete for RōBUS Mortgage.

I’d map 3 recurring workflows, install the approval-only drafts/briefs, and hand you a simple weekly operating rhythm. No giant dashboard, no auto-send.

Worth a quick look?"
204,100,"branch_manager | small_team | smaller_revenue | verified_email | linkedin_present | strong_mortgage_fit | doc_complex_products:non-qm,jumbo,fha,va | speed_service_language:efficient,tech",READY_FOR_LINKEDIN_AND_EMAIL,Ryan,Liebelt,Ryan Liebelt,Branch Manager,manager,Mortgage Professional Associates,Mortgage Professional Associates,ryan@mpahomeloans.com,REAL-TIME VERIFIED ON 26 May 26,https://www.linkedin.com/in/ryan-liebelt-9b9050105,Wheat Ridge,Colorado,mpahomeloans.com,https://www.linkedin.com/company/mortgage-professional-associates,11-50,11,500000-999999,"mortgage loans, conventional loans, fha loans, va loans, jumbo loans, non-qm loans","There are many qualities and skills that go into being an excellent mortgage professional; integrity, in-depth product and market knowledge, and a high-quality professional network, all of which are hallmarks of how Mortgage Professional Associates works.

With 20+ years of experience as Dallas mortgage and real estate professionals, we've found that providing the very best service is essentially about putting our clients first. This means keeping ourselves accessible, being good listeners as well as good communicators, and responding quickly to your needs.

This ""client first"" philosophy has always been our approach and it requires us to continually improve our skills and ways of doing business. In addition, we've found that the latest technologies are enabling us to do everything we've always done, only much more quickly, efficiently, and more cost effective for you!

So when the time comes for you to refinance your existing mortgage, or to purchase your dream home, give Mortgage Professional Associates a call and let them go to work for you!","Mortgage Professional Associates mentions complex mortgage products/workflows like: age loans, conventional loans, fha loans, va loans, jumbo loans, non-qm loans There are many qualities and skills that go into being an excellent mortgage profession",complex-file doc checklist; borrower doc follow-up drafts by loan type; daily pipeline brief,"Hey Ryan — quick specific idea.

I was looking at Mortgage Professional Associates and noticed the mortgage workflow probably has a lot of borrower/doc follow-up hiding behind the scenes. Mortgage Professional Associates mentions complex mortgage products/workflows like: age loans, conventional loans, fha loans, va loans, jumbo loans, non-qm loans There are many qualities and skills that go into being an excellent mortgage profession

I’m testing a 7-day AIOS Quickstart for mortgage teams: 3 approval-only AI routines like complex-file doc checklist, borrower doc follow-up drafts by loan type, and daily pipeline brief.

No auto-sending. Just drafts, briefs, and follow-up queues your team approves.

Want me to send the 3 routines I’d set up for Mortgage Professional Associates?",3 AI routines for Mortgage Professional Associates,"Hey Ryan,

I was looking at Mortgage Professional Associates and had a specific thought. Mortgage teams usually don’t need a giant AI strategy. They need the recurring borrower/admin work to stop eating the week.

What stood out: Mortgage Professional Associates mentions complex mortgage products/workflows like: age loans, conventional loans, fha loans, va loans, jumbo loans, non-qm loans There are many qualities and skills that go into being an excellent mortgage profession

I’m testing a 7-day AIOS Quickstart where I install 3 approval-gated routines for mortgage teams. For Mortgage Professional Associates, I’d probably start with:

1. complex-file doc checklist
2. borrower doc follow-up drafts by loan type
3. daily pipeline brief

Everything stays approval-only — no AI auto-sending weird emails to borrowers. It drafts, summarizes, and queues the work so your team can move faster.

Worth sending over a quick version of what I’d install?

Ryan","Quick bump, Ryan — I can make this concrete for Mortgage Professional Associates.

I’d map 3 recurring workflows, install the approval-only drafts/briefs, and hand you a simple weekly operating rhythm. No giant dashboard, no auto-send.

Worth a quick look?"
205,100,"branch_manager | small_team | revenue_can_pay | verified_email | linkedin_present | strong_mortgage_fit | doc_complex_products:non-qm,commercial,va | speed_service_language:fast,seamless",READY_FOR_LINKEDIN_AND_EMAIL,John,Webb,John Webb,Branch Manager,manager,First National Acceptance Company,First National Acceptance Company,jwebb@fnba.com,REAL-TIME VERIFIED ON 26 May 26,https://www.linkedin.com/in/john-webb-5a58901a,Austin,Texas,fnacusa.com,https://www.linkedin.com/company/fnacusa,11-50,18,1000000-4999999,"purchasing private mortgages, purchasing deed of trusts, land contacts buyer, trust deeds buyer","First National Acceptance Company (FNAC), a subsidiary of First National Bank of America (FNBA), has been a principal buyer of real estate notes for over 50 years. We specialize in providing fast, straightforward cash offers while managing every aspect of the transaction to ensure a seamless and professional experience.

Since our establishment in 1974, we have grown to one of the largest, direct purchasers of seller-financed, 1st position, performing real estate notes. FNAC purchases notes purchasing in all 50 states on a wide variety of property types, including single family homes, multi-family homes, farmland, commercial, recreational, vacant land, and mobile home with land.","First National Acceptance Company mentions complex mortgage products/workflows like: t) rates in the industry along with high-yield savings accounts, Non-QM mortgages, commercial loans, Self Directed IRA loans and more! | First National Bank of Ameri",borrower doc follow-up drafts by loan type; daily pipeline brief; missing-doc follow-up drafts,"Hey John — quick specific idea.

I was looking at First National Acceptance Company and noticed the mortgage workflow probably has a lot of borrower/doc follow-up hiding behind the scenes. First National Acceptance Company mentions complex mortgage products/workflows like: t) rates in the industry along with high-yield savings accounts, Non-QM mortgages, commercial loans, Self Directed IRA loans and more! | First National Bank of Ameri

I’m testing a 7-day AIOS Quickstart for mortgage teams: 3 approval-only AI routines like borrower doc follow-up drafts by loan type, daily pipeline brief, and missing-doc follow-up drafts.

No auto-sending. Just drafts, briefs, and follow-up queues your team approves.

Want me to send the 3 routines I’d set up for First National Acceptance Company?",3 AI routines for First National Acceptance Company,"Hey John,

I was looking at First National Acceptance Company and had a specific thought. Mortgage teams usually don’t need a giant AI strategy. They need the recurring borrower/admin work to stop eating the week.

What stood out: First National Acceptance Company mentions complex mortgage products/workflows like: t) rates in the industry along with high-yield savings accounts, Non-QM mortgages, commercial loans, Self Directed IRA loans and more! | First National Bank of Ameri

I’m testing a 7-day AIOS Quickstart where I install 3 approval-gated routines for mortgage teams. For First National Acceptance Company, I’d probably start with:

1. borrower doc follow-up drafts by loan type
2. daily pipeline brief
3. missing-doc follow-up drafts

Everything stays approval-only — no AI auto-sending weird emails to borrowers. It drafts, summarizes, and queues the work so your team can move faster.

Worth sending over a quick version of what I’d install?

Ryan","Quick bump, John — I can make this concrete for First National Acceptance Company.

I’d map 3 recurring workflows, install the approval-only drafts/briefs, and hand you a simple weekly operating rhythm. No giant dashboard, no auto-send.

Worth a quick look?"
206,100,"branch_manager | producer | small_team | smaller_revenue | verified_email | linkedin_present | strong_mortgage_fit | doc_complex_products:fha,va | broker_local_language",READY_FOR_LINKEDIN_AND_EMAIL,William,Xu,William Xu,Loan Officer - Branch Manager,manager,Evolution Mortgage LLC,Evolution Mortgage LLC,wxu@evolutionmortgage.com,REAL-TIME VERIFIED ON 26 May 26,https://www.linkedin.com/in/williamxu1995,Port St Lucie,Florida,evolutionmortgage.com,https://www.linkedin.com/company/evolutionmortgagellc,2-10,14,100000-499999,,"Evolution Mortgage LLC is a residential mortgage brokerage that specializes in VA, FHA, and Conventional loans. We strive to give our clients a best in class service and competitive terms for residential mortgage products.

Evolution Mortgage LLC is an Equal Housing Opportunity Lender","Evolution Mortgage LLC mentions complex mortgage products/workflows like: LLC is a residential mortgage brokerage that specializes in VA, FHA, and Conventional loans. We strive to give our clients a best in class service and competitive t",borrower doc follow-up drafts by loan type; daily pipeline brief; missing-doc follow-up drafts,"Hey William — quick specific idea.

I was looking at Evolution Mortgage LLC and noticed the mortgage workflow probably has a lot of borrower/doc follow-up hiding behind the scenes. Evolution Mortgage LLC mentions complex mortgage products/workflows like: LLC is a residential mortgage brokerage that specializes in VA, FHA, and Conventional loans. We strive to give our clients a best in class service and competitive t

I’m testing a 7-day AIOS Quickstart for mortgage teams: 3 approval-only AI routines like borrower doc follow-up drafts by loan type, daily pipeline brief, and missing-doc follow-up drafts.

No auto-sending. Just drafts, briefs, and follow-up queues your team approves.

Want me to send the 3 routines I’d set up for Evolution Mortgage LLC?",3 AI routines for Evolution Mortgage LLC,"Hey William,

I was looking at Evolution Mortgage LLC and had a specific thought. Mortgage teams usually don’t need a giant AI strategy. They need the recurring borrower/admin work to stop eating the week.

What stood out: Evolution Mortgage LLC mentions complex mortgage products/workflows like: LLC is a residential mortgage brokerage that specializes in VA, FHA, and Conventional loans. We strive to give our clients a best in class service and competitive t

I’m testing a 7-day AIOS Quickstart where I install 3 approval-gated routines for mortgage teams. For Evolution Mortgage LLC, I’d probably start with:

1. borrower doc follow-up drafts by loan type
2. daily pipeline brief
3. missing-doc follow-up drafts

Everything stays approval-only — no AI auto-sending weird emails to borrowers. It drafts, summarizes, and queues the work so your team can move faster.

Worth sending over a quick version of what I’d install?

Ryan","Quick bump, William — I can make this concrete for Evolution Mortgage LLC.

I’d map 3 recurring workflows, install the approval-only drafts/briefs, and hand you a simple weekly operating rhythm. No giant dashboard, no auto-send.

Worth a quick look?"
207,100,"owner_or_founder | branch_manager | scaled_but_not_enterprise | revenue_can_pay | verified_email | linkedin_present | strong_mortgage_fit | doc_complex_products:commercial,investment | speed_service_language:simplified | bank_cu_deprioritize",READY_FOR_LINKEDIN_AND_EMAIL,Nilasone,Pathammavong,Nilasone Pathammavong,Branch Manager / Asst. Vice President,manager,The Milford Bank,The Milford Bank,npathammavong@milfordbank.com,REAL-TIME VERIFIED ON 26 May 26,https://www.linkedin.com/in/nila-pathammavong,Milford,Connecticut,milfordbank.com,https://www.linkedin.com/company/the-milford-bank,51-200,95,5000000-9999999,"business checking, business loans, personal checking, savings / cds, online / mobile banking, consumer loans, mortgages, home equity loans, condo association loans, commercial mortgages, money market, investments / insurance, p2p payments, merchant services","I am sure that you have a lot of priorities right now – all of them demanding attention.  
Why not let us help simplify your financial services? The Milford Bank provides a full range of banking products and services designed to help you with every aspect of your business.  Here is some of what we have to offer:

•	High Balance FDIC Insured Deposits
•	Business Checking and Simplified Checking
•	Credit and Lending Services including Owner-Occupied and Investment Real Estate Loans
•	Business Expansion Loans, Term Debt and Lines of Credit  
•	A full range of eServices, including remote deposit, mobile banking and online banking
•	Access to over 55,000 Surcharge-Free ATMs in the Allpoint ATM Network

6 Convenient Locations, 7 Day Banking --
Plus, you get the added benefit of working with experienced professionals who are dedicated to the community and are people that you already know and trust.  For added convenience, The Milford Bank’s Post Road East Office is open Sundays from 11 a.m. to 3 p.m.

We know that Time is Money --
We offer all of the services that you and your business will likely need, all in one place.

Do Business With A Bank That You Can Trust! --
Visit www.milfordbank.com/business, stop by any office, or give us a call at (203) 783-5700, and we can start our conversation. We would very much like the opportunity to discuss doing business.","The Milford Bank mentions complex mortgage products/workflows like: er loans, mortgages, home equity loans, condo association loans, commercial mortgages, money market, investments / insurance, p2p payments, merchant services I am su",complex-file doc checklist; daily pipeline brief; missing-doc follow-up drafts,"Hey Nilasone — quick specific idea.

I was looking at The Milford Bank and noticed the mortgage workflow probably has a lot of borrower/doc follow-up hiding behind the scenes. The Milford Bank mentions complex mortgage products/workflows like: er loans, mortgages, home equity loans, condo association loans, commercial mortgages, money market, investments / insurance, p2p payments, merchant services I am su

I’m testing a 7-day AIOS Quickstart for mortgage teams: 3 approval-only AI routines like complex-file doc checklist, daily pipeline brief, and missing-doc follow-up drafts.

No auto-sending. Just drafts, briefs, and follow-up queues your team approves.

Want me to send the 3 routines I’d set up for The Milford Bank?",3 AI routines for The Milford Bank,"Hey Nilasone,

I was looking at The Milford Bank and had a specific thought. Mortgage teams usually don’t need a giant AI strategy. They need the recurring borrower/admin work to stop eating the week.

What stood out: The Milford Bank mentions complex mortgage products/workflows like: er loans, mortgages, home equity loans, condo association loans, commercial mortgages, money market, investments / insurance, p2p payments, merchant services I am su

I’m testing a 7-day AIOS Quickstart where I install 3 approval-gated routines for mortgage teams. For The Milford Bank, I’d probably start with:

1. complex-file doc checklist
2. daily pipeline brief
3. missing-doc follow-up drafts

Everything stays approval-only — no AI auto-sending weird emails to borrowers. It drafts, summarizes, and queues the work so your team can move faster.

Worth sending over a quick version of what I’d install?

Ryan","Quick bump, Nilasone — I can make this concrete for The Milford Bank.

I’d map 3 recurring workflows, install the approval-only drafts/briefs, and hand you a simple weekly operating rhythm. No giant dashboard, no auto-send.

Worth a quick look?"
208,100,"owner_or_founder | branch_manager | scaled_but_not_enterprise | revenue_can_pay | verified_email | linkedin_present | strong_mortgage_fit | doc_complex_products:commercial,investment | speed_service_language:simplified | bank_cu_deprioritize",READY_FOR_LINKEDIN_AND_EMAIL,Patricia,Gallagher,Patricia Gallagher,Branch Manager/Vice President,manager,The Milford Bank,The Milford Bank,pgallagher@milfordbank.com,REAL-TIME VERIFIED ON 26 May 26,https://www.linkedin.com/in/patricia-m-gallagher,Stratford,Connecticut,milfordbank.com,https://www.linkedin.com/company/the-milford-bank,51-200,95,5000000-9999999,"business checking, business loans, personal checking, savings / cds, online / mobile banking, consumer loans, mortgages, home equity loans, condo association loans, commercial mortgages, money market, investments / insurance, p2p payments, merchant services","I am sure that you have a lot of priorities right now – all of them demanding attention.  
Why not let us help simplify your financial services? The Milford Bank provides a full range of banking products and services designed to help you with every aspect of your business.  Here is some of what we have to offer:

•	High Balance FDIC Insured Deposits
•	Business Checking and Simplified Checking
•	Credit and Lending Services including Owner-Occupied and Investment Real Estate Loans
•	Business Expansion Loans, Term Debt and Lines of Credit  
•	A full range of eServices, including remote deposit, mobile banking and online banking
•	Access to over 55,000 Surcharge-Free ATMs in the Allpoint ATM Network

6 Convenient Locations, 7 Day Banking --
Plus, you get the added benefit of working with experienced professionals who are dedicated to the community and are people that you already know and trust.  For added convenience, The Milford Bank’s Post Road East Office is open Sundays from 11 a.m. to 3 p.m.

We know that Time is Money --
We offer all of the services that you and your business will likely need, all in one place.

Do Business With A Bank That You Can Trust! --
Visit www.milfordbank.com/business, stop by any office, or give us a call at (203) 783-5700, and we can start our conversation. We would very much like the opportunity to discuss doing business.","The Milford Bank mentions complex mortgage products/workflows like: er loans, mortgages, home equity loans, condo association loans, commercial mortgages, money market, investments / insurance, p2p payments, merchant services I am su",complex-file doc checklist; daily pipeline brief; missing-doc follow-up drafts,"Hey Patricia — quick specific idea.

I was looking at The Milford Bank and noticed the mortgage workflow probably has a lot of borrower/doc follow-up hiding behind the scenes. The Milford Bank mentions complex mortgage products/workflows like: er loans, mortgages, home equity loans, condo association loans, commercial mortgages, money market, investments / insurance, p2p payments, merchant services I am su

I’m testing a 7-day AIOS Quickstart for mortgage teams: 3 approval-only AI routines like complex-file doc checklist, daily pipeline brief, and missing-doc follow-up drafts.

No auto-sending. Just drafts, briefs, and follow-up queues your team approves.

Want me to send the 3 routines I’d set up for The Milford Bank?",3 AI routines for The Milford Bank,"Hey Patricia,

I was looking at The Milford Bank and had a specific thought. Mortgage teams usually don’t need a giant AI strategy. They need the recurring borrower/admin work to stop eating the week.

What stood out: The Milford Bank mentions complex mortgage products/workflows like: er loans, mortgages, home equity loans, condo association loans, commercial mortgages, money market, investments / insurance, p2p payments, merchant services I am su

I’m testing a 7-day AIOS Quickstart where I install 3 approval-gated routines for mortgage teams. For The Milford Bank, I’d probably start with:

1. complex-file doc checklist
2. daily pipeline brief
3. missing-doc follow-up drafts

Everything stays approval-only — no AI auto-sending weird emails to borrowers. It drafts, summarizes, and queues the work so your team can move faster.

Worth sending over a quick version of what I’d install?

Ryan","Quick bump, Patricia — I can make this concrete for The Milford Bank.

I’d map 3 recurring workflows, install the approval-only drafts/briefs, and hand you a simple weekly operating rhythm. No giant dashboard, no auto-send.

Worth a quick look?"
209,99,"owner_or_founder | branch_manager | small_team | smaller_revenue | linkedin_present | mortgage_fit | doc_complex_products:investment,investor,va | broker_local_language",READY_FOR_LINKEDIN_NEEDS_EMAIL,Tom,"Fleishel, MBA,CFP®","Tom Fleishel, MBA,CFP®","President, FFA / Branch Manager, RJFS",founder,Fleishel Financial Associates,Fleishel Financial Associates,,,https://www.linkedin.com/in/tom-fleishel-mba-cfp®-a1b12321,North Deland,Florida,fleishelfinancial.com,https://www.linkedin.com/company/fleishel-financial-associates,2-10,8,100000-499999,"tax planning, investment management, basic financial planning, comprehensive wealth management","At Fleishel Financial Associates, we help coordinate all of your financial matters to simplify your life, increase clarity and monitor your progress, creating confidence on your path to financial independence.

Our mission is to help you gain control of your entire financial life by keeping you focused on getting the financial results you’re hoping to achieve.

Visit our website and learn more at https://www.fleishelfinancial.com or call 386-738-1800.
---
Securities offered through Raymond James Financial Services, Inc. Fleishel Financial Associates is not a registered broker/dealer and is independent of Raymond James Financial Services, Inc.  Member FINRA/SIPC. Investment Advisory Services offered through Raymond James Services Advisors, Inc. and Fleishel Financial Associates.

Raymond James financial advisors may only conduct business with residents of the states and/or jurisdictions for which they are properly registered. Therefore, a response to a request for information may be delayed. Please note that not all of the investments and services mentioned are available in every state. Investors outside of the United States are subject to securities and tax regulations within their applicable jurisdictions that are not addressed on this site. Contact your local Raymond James office for information and availability. Please follow this link to additional disclosures;  http://raymondjames.com/smicd.htm.

Links are being provided for informational purposes only. Raymond James is not affiliated with and does not endorse, authorize or sponsor any of the listed websites or their respective sponsors. Raymond James is not responsible for the content of any website or the collection or use of information regarding any website’s users and / or members.","Fleishel Financial Associates mentions complex mortgage products/workflows like: tax planning, investment management, basic financial planning, comprehensive wealth management At Fleishel Financi",complex-file doc checklist; borrower doc follow-up drafts by loan type; daily pipeline brief,"Hey Tom — quick specific idea.

I was looking at Fleishel Financial Associates and noticed the mortgage workflow probably has a lot of borrower/doc follow-up hiding behind the scenes. Fleishel Financial Associates mentions complex mortgage products/workflows like: tax planning, investment management, basic financial planning, comprehensive wealth management At Fleishel Financi

I’m testing a 7-day AIOS Quickstart for mortgage teams: 3 approval-only AI routines like complex-file doc checklist, borrower doc follow-up drafts by loan type, and daily pipeline brief.

No auto-sending. Just drafts, briefs, and follow-up queues your team approves.

Want me to send the 3 routines I’d set up for Fleishel Financial Associates?",3 AI routines for Fleishel Financial Associates,"Hey Tom,

I was looking at Fleishel Financial Associates and had a specific thought. Mortgage teams usually don’t need a giant AI strategy. They need the recurring borrower/admin work to stop eating the week.

What stood out: Fleishel Financial Associates mentions complex mortgage products/workflows like: tax planning, investment management, basic financial planning, comprehensive wealth management At Fleishel Financi

I’m testing a 7-day AIOS Quickstart where I install 3 approval-gated routines for mortgage teams. For Fleishel Financial Associates, I’d probably start with:

1. complex-file doc checklist
2. borrower doc follow-up drafts by loan type
3. daily pipeline brief

Everything stays approval-only — no AI auto-sending weird emails to borrowers. It drafts, summarizes, and queues the work so your team can move faster.

Worth sending over a quick version of what I’d install?

Ryan","Quick bump, Tom — I can make this concrete for Fleishel Financial Associates.

I’d map 3 recurring workflows, install the approval-only drafts/briefs, and hand you a simple weekly operating rhythm. No giant dashboard, no auto-send.

Worth a quick look?"
210,99,"branch_manager | small_team | revenue_can_pay | verified_email | linkedin_present | strong_mortgage_fit | doc_complex_products:commercial,private lending,va | broker_local_language",READY_FOR_LINKEDIN_AND_EMAIL,Luis,Versalles,Luis Versalles,Branch Manager/Mortgage Consultant,manager,Barton Creek Lending Group,Barton Creek Lending Group,luis@bartoncreeklending.com,REAL-TIME VERIFIED ON 26 May 26,https://www.linkedin.com/in/luis-versalles,Austin,Texas,bartoncreeklending.com,https://www.linkedin.com/company/barton-creek-lending-group,2-10,29,1000000-4999999,public and private lending products,"Who are we?  Barton Creek Lending Group is a trusted, locally owned and licensed Mortgage Lender/Broker offering highly competitive rates in the state of Texas, Colorado, and Florida.  Our loan experts will personally walk you through the process from start to finish.  At BCLG, you’re not just a number, but a valued client whom we sincerely care about

Why choose BCLG?  We will put our experienced loan officers and strong relationships with the nation’s top wholesale lenders to work for you!   You see, we aren’t limited to one lender’s rates and programs like our competitors.  Rather, we search multiple lending channels to match the very best rate for your particular scenario!

Loan Products:  We specialize in a full line of residential home loans, including purchase, refinance, and home equity (cash out) lending.  We are also known as a leader in condo financing in Texas, lending on both warrantable and established condo projects, as well as non-warrantable condo projects in which other lenders can't work with.  Lastly, we have acces to some of the best commercial lending products for all types of buildings and projects.","Barton Creek Lending Group mentions complex mortgage products/workflows like: ders can't work with. Lastly, we have acces to some of the best commercial lending products for all types of buildings and projects.",borrower doc follow-up drafts by loan type; daily pipeline brief; missing-doc follow-up drafts,"Hey Luis — quick specific idea.

I was looking at Barton Creek Lending Group and noticed the mortgage workflow probably has a lot of borrower/doc follow-up hiding behind the scenes. Barton Creek Lending Group mentions complex mortgage products/workflows like: ders can't work with. Lastly, we have acces to some of the best commercial lending products for all types of buildings and projects.

I’m testing a 7-day AIOS Quickstart for mortgage teams: 3 approval-only AI routines like borrower doc follow-up drafts by loan type, daily pipeline brief, and missing-doc follow-up drafts.

No auto-sending. Just drafts, briefs, and follow-up queues your team approves.

Want me to send the 3 routines I’d set up for Barton Creek Lending Group?",3 AI routines for Barton Creek Lending Group,"Hey Luis,

I was looking at Barton Creek Lending Group and had a specific thought. Mortgage teams usually don’t need a giant AI strategy. They need the recurring borrower/admin work to stop eating the week.

What stood out: Barton Creek Lending Group mentions complex mortgage products/workflows like: ders can't work with. Lastly, we have acces to some of the best commercial lending products for all types of buildings and projects.

I’m testing a 7-day AIOS Quickstart where I install 3 approval-gated routines for mortgage teams. For Barton Creek Lending Group, I’d probably start with:

1. borrower doc follow-up drafts by loan type
2. daily pipeline brief
3. missing-doc follow-up drafts

Everything stays approval-only — no AI auto-sending weird emails to borrowers. It drafts, summarizes, and queues the work so your team can move faster.

Worth sending over a quick version of what I’d install?

Ryan","Quick bump, Luis — I can make this concrete for Barton Creek Lending Group.

I’d map 3 recurring workflows, install the approval-only drafts/briefs, and hand you a simple weekly operating rhythm. No giant dashboard, no auto-send.

Worth a quick look?"
211,99,"branch_manager | small_team | smaller_revenue | verified_email | linkedin_present | strong_mortgage_fit | doc_complex_products:reverse,va | speed_service_language:fast | broker_local_language",READY_FOR_LINKEDIN_AND_EMAIL,Ryan,Andrews,Ryan Andrews,Branch Manager,manager,"1031 Exchange Network, LLC","1031 Exchange Network, LLC",ryan@horizonlendingservices.com,REAL-TIME VERIFIED ON 26 May 26,https://www.linkedin.com/in/ryan-andrews4747,Prosper,Texas,horizonlendingservices.com,https://www.linkedin.com/company/1031-exchangenetwork-llc,2-10,9,100000-499999,"customized exchange solutions, client education and guidance, process coordination, serving as a qualified intermediary (qi)","Mortgages and credit is our business, but changing people's lives is our passion. We enjoy giving our clients the opportunity to purchase the home of their dreams. With the proper strategy and bank of knowledge from our 25 years of experience in this industry, we can guide you through the process of purchasing a home and finding the right loan option for you. 

We specialize in Texas and California VA home loans and Reverse Mortgages. We take pride in being recognized as a premier mortgage broker offering a wide array of products. We want you to turn the home of your dreams in the reality. Whether you are purchasing your first home or fifth home, Horizon Lending wants to give you the best options so you can make the right decision.","1031 Exchange Network, LLC mentions complex mortgage products/workflows like: r you. We specialize in Texas and California VA home loans and Reverse Mortgages. We take pride in being recognized as a premier mortgage broker offering a wide ar",borrower doc follow-up drafts by loan type; daily pipeline brief; missing-doc follow-up drafts,"Hey Ryan — quick specific idea.

I was looking at 1031 Exchange Network, LLC and noticed the mortgage workflow probably has a lot of borrower/doc follow-up hiding behind the scenes. 1031 Exchange Network, LLC mentions complex mortgage products/workflows like: r you. We specialize in Texas and California VA home loans and Reverse Mortgages. We take pride in being recognized as a premier mortgage broker offering a wide ar

I’m testing a 7-day AIOS Quickstart for mortgage teams: 3 approval-only AI routines like borrower doc follow-up drafts by loan type, daily pipeline brief, and missing-doc follow-up drafts.

No auto-sending. Just drafts, briefs, and follow-up queues your team approves.

Want me to send the 3 routines I’d set up for 1031 Exchange Network, LLC?","3 AI routines for 1031 Exchange Network, LLC","Hey Ryan,

I was looking at 1031 Exchange Network, LLC and had a specific thought. Mortgage teams usually don’t need a giant AI strategy. They need the recurring borrower/admin work to stop eating the week.

What stood out: 1031 Exchange Network, LLC mentions complex mortgage products/workflows like: r you. We specialize in Texas and California VA home loans and Reverse Mortgages. We take pride in being recognized as a premier mortgage broker offering a wide ar

I’m testing a 7-day AIOS Quickstart where I install 3 approval-gated routines for mortgage teams. For 1031 Exchange Network, LLC, I’d probably start with:

1. borrower doc follow-up drafts by loan type
2. daily pipeline brief
3. missing-doc follow-up drafts

Everything stays approval-only — no AI auto-sending weird emails to borrowers. It drafts, summarizes, and queues the work so your team can move faster.

Worth sending over a quick version of what I’d install?

Ryan","Quick bump, Ryan — I can make this concrete for 1031 Exchange Network, LLC.

I’d map 3 recurring workflows, install the approval-only drafts/briefs, and hand you a simple weekly operating rhythm. No giant dashboard, no auto-send.

Worth a quick look?"
212,99,"branch_manager | small_team | smaller_revenue | verified_email | linkedin_present | strong_mortgage_fit | doc_complex_products:non qm,fha,va,usda | broker_local_language",READY_FOR_LINKEDIN_AND_EMAIL,Chris,Fewell,Chris Fewell,Branch Manager,manager,Empower Home Lending,Empower Home Lending,chris.fewell@empowerhomelending.com,REAL-TIME VERIFIED ON 26 May 26,https://www.linkedin.com/in/chris-fewell-a2048237,Greater Houston,,empowerhomelending.com,https://www.linkedin.com/company/empower-home-lending,2-10,2,100000-499999,,"At Empower Home Lending we approach the industry from new perspective with a unique platform that allows our team to leverage the strength and stability of a bank while maintaining the flexibility and entrepreneurial spirit of an independent mortgage professional. Our loan officers can lend in 49 States currently without the need for individual state licenses. This opens a lot of unique opportunities for our loan officers to grow their business in new markets and grow their individual brands and teams. We offer a full product list of conventional, FHA, VA, USDA along with all of the NON QM products and federal and state down payment assistance options. If you are looking for a company and team to grow your business and take it to the next level, then look no further than Empower Home Lending – Powered by Luminate Home Loans.","Empower Home Lending mentions complex mortgage products/workflows like: roduct list of conventional, FHA, VA, USDA along with all of the NON QM products and federal and state down payment assistance options. If you are looking for a comp",complex-file doc checklist; borrower doc follow-up drafts by loan type; daily pipeline brief,"Hey Chris — quick specific idea.

I was looking at Empower Home Lending and noticed the mortgage workflow probably has a lot of borrower/doc follow-up hiding behind the scenes. Empower Home Lending mentions complex mortgage products/workflows like: roduct list of conventional, FHA, VA, USDA along with all of the NON QM products and federal and state down payment assistance options. If you are looking for a comp

I’m testing a 7-day AIOS Quickstart for mortgage teams: 3 approval-only AI routines like complex-file doc checklist, borrower doc follow-up drafts by loan type, and daily pipeline brief.

No auto-sending. Just drafts, briefs, and follow-up queues your team approves.

Want me to send the 3 routines I’d set up for Empower Home Lending?",3 AI routines for Empower Home Lending,"Hey Chris,

I was looking at Empower Home Lending and had a specific thought. Mortgage teams usually don’t need a giant AI strategy. They need the recurring borrower/admin work to stop eating the week.

What stood out: Empower Home Lending mentions complex mortgage products/workflows like: roduct list of conventional, FHA, VA, USDA along with all of the NON QM products and federal and state down payment assistance options. If you are looking for a comp

I’m testing a 7-day AIOS Quickstart where I install 3 approval-gated routines for mortgage teams. For Empower Home Lending, I’d probably start with:

1. complex-file doc checklist
2. borrower doc follow-up drafts by loan type
3. daily pipeline brief

Everything stays approval-only — no AI auto-sending weird emails to borrowers. It drafts, summarizes, and queues the work so your team can move faster.

Worth sending over a quick version of what I’d install?

Ryan","Quick bump, Chris — I can make this concrete for Empower Home Lending.

I’d map 3 recurring workflows, install the approval-only drafts/briefs, and hand you a simple weekly operating rhythm. No giant dashboard, no auto-send.

Worth a quick look?"
213,99,"owner_or_founder | branch_manager | small_team | smaller_revenue | linkedin_present | mortgage_fit | doc_complex_products:investment,investor,va | broker_local_language",READY_FOR_LINKEDIN_NEEDS_EMAIL,Kevin R.,Fisher,Kevin R. Fisher,"Financial Advisor, Registered Principal, Branch Manager",manager,KRF Wealth Management,KRF Wealth Management,,,https://www.linkedin.com/in/kevin-r-fisher-77057053,Greater Madison Area,,raymondjames.com,https://www.linkedin.com/company/krf-wealth-management,2-10,2,100000-499999,"retirement planning, estate planning, widow financial planning, financial planning, multi-generational planning, estate settlement, 401k education","KRF Wealth Management is an independent office of Raymond James. Our professionals will assist with all your retirement needs. We understand the importance of creating and implementing a financial plan that fits your goals. We apply ourselves on a daily basis to providing the highest caliber of holistic service to you; all with the intent of growing your wealth as you reach the short- and long-term goals you are striving to achieve. 

We specialize in wealth accumulation and wealth preservation with a concentrated focus on wealth transfer through multi-generational planning. With a focus on wealth transfer, there comes a need to be educated on many evolving financial topics, including investment and preservation products, tax mitigation, and issues surrounding the law. 

Prior to joining Raymond James, Kevin Fisher served as a financial advisor with MetLife for eight years. He earned his bachelor's degree in business finance from Edgewood College in 2008.

*Securities offered through Raymond James Financial Services, Inc. Investment advisory services offered through Raymond James Financial Services Advisors, Inc. KRF Wealth Management is not a registered broker/dealer and is independent of Raymond James Financial Services, Inc. Raymond James financial advisors do not provide tax or legal advice. You should discuss any tax or legal matters with the appropriate professional. 

Raymond James financial advisors may only conduct business with residents of the states and/or jurisdictions for which they are properly registered. Therefore, a response to a request for information may be delayed. Please note that not all of the investments and services mentioned are available in every state. Investors outside of the United States are subject to securities and tax regulations within their applicable jurisdictions that are not addressed on this site. Contact your local Raymond James office for information and availability. Please follow the Social Media Disclosure link for additional disclosures: http://raymondjames.com/smicd.htm","KRF Wealth Management mentions complex mortgage products/workflows like: need to be educated on many evolving financial topics, including investment and preservation products, tax mitigation, and issues surrounding the law. Prior to joi",complex-file doc checklist; borrower doc follow-up drafts by loan type; daily pipeline brief,"Hey Kevin R. — quick specific idea.

I was looking at KRF Wealth Management and noticed the mortgage workflow probably has a lot of borrower/doc follow-up hiding behind the scenes. KRF Wealth Management mentions complex mortgage products/workflows like: need to be educated on many evolving financial topics, including investment and preservation products, tax mitigation, and issues surrounding the law. Prior to joi

I’m testing a 7-day AIOS Quickstart for mortgage teams: 3 approval-only AI routines like complex-file doc checklist, borrower doc follow-up drafts by loan type, and daily pipeline brief.

No auto-sending. Just drafts, briefs, and follow-up queues your team approves.

Want me to send the 3 routines I’d set up for KRF Wealth Management?",3 AI routines for KRF Wealth Management,"Hey Kevin R.,

I was looking at KRF Wealth Management and had a specific thought. Mortgage teams usually don’t need a giant AI strategy. They need the recurring borrower/admin work to stop eating the week.

What stood out: KRF Wealth Management mentions complex mortgage products/workflows like: need to be educated on many evolving financial topics, including investment and preservation products, tax mitigation, and issues surrounding the law. Prior to joi

I’m testing a 7-day AIOS Quickstart where I install 3 approval-gated routines for mortgage teams. For KRF Wealth Management, I’d probably start with:

1. complex-file doc checklist
2. borrower doc follow-up drafts by loan type
3. daily pipeline brief

Everything stays approval-only — no AI auto-sending weird emails to borrowers. It drafts, summarizes, and queues the work so your team can move faster.

Worth sending over a quick version of what I’d install?

Ryan","Quick bump, Kevin R. — I can make this concrete for KRF Wealth Management.

I’d map 3 recurring workflows, install the approval-only drafts/briefs, and hand you a simple weekly operating rhythm. No giant dashboard, no auto-send.

Worth a quick look?"
214,99,"branch_manager | small_team | revenue_can_pay | verified_email | linkedin_present | mortgage_fit | doc_complex_products:construction,commercial,bridge,renovation | speed_service_language:communication,technology,tech",READY_FOR_LINKEDIN_AND_EMAIL,Colin,Edwards,Colin Edwards,Branch Manager,manager,"Hunt & Joiner, Inc.","Hunt & Joiner, Inc.",cedwards@h-jinc.com,REAL-TIME VERIFIED ON 26 May 26,https://www.linkedin.com/in/colin-edwards-2014b27,Kyle,Texas,h-jinc.com,https://www.linkedin.com/company/hunt-and-joiner-inc,11-50,29,1000000-4999999,"structural engineering, lean construction, bim technology, historical renovations, architecture, ipd, bim360, data centers, office design, adaptive reuse, industrial design, manufacturing facility design, multifamily, responsiveness","Since 1957, Hunt & Joiner, Inc. has been providing innovative structural engineering solutions in the design and evaluation of corporate, commercial, and institutional buildings, telecommunication and industrial facilities, civil structures and bridges. We have extensive experience in a multitude of projects from remodels to new construction, single-family residences to multi-story buildings, corner convenience stores to major retail centers, small storage buildings to large automated distribution centers, single classroom additions to complete campuses.

Our staff of highly qualified engineers and production personnel analyzes each individual project for the best possible engineering solution, creating cost-effective designs with superior responsive service. We use a variety of construction materials including structural steel, conventionally reinforced, post-tensioned, and prestressed concrete, masonry, structural wood products, and nonstandard materials such as fiberglass shapes and epoxy fiber-wrap reinforcement. We utilize state-of-the-art engineering and CADD technology to design, prepare, and deliver the highest quality construction documents.","Hunt & Joiner, Inc. mentions complex mortgage products/workflows like: structural engineering, lean construction, bim technology, historical renovations, architecture, ipd, bim360, data centers, offic",construction/renovation loan condition tracker; borrower doc follow-up drafts by loan type; daily pipeline brief,"Hey Colin — quick specific idea.

I was looking at Hunt & Joiner, Inc. and noticed the mortgage workflow probably has a lot of borrower/doc follow-up hiding behind the scenes. Hunt & Joiner, Inc. mentions complex mortgage products/workflows like: structural engineering, lean construction, bim technology, historical renovations, architecture, ipd, bim360, data centers, offic

I’m testing a 7-day AIOS Quickstart for mortgage teams: 3 approval-only AI routines like construction/renovation loan condition tracker, borrower doc follow-up drafts by loan type, and daily pipeline brief.

No auto-sending. Just drafts, briefs, and follow-up queues your team approves.

Want me to send the 3 routines I’d set up for Hunt & Joiner, Inc.?","3 AI routines for Hunt & Joiner, Inc.","Hey Colin,

I was looking at Hunt & Joiner, Inc. and had a specific thought. Mortgage teams usually don’t need a giant AI strategy. They need the recurring borrower/admin work to stop eating the week.

What stood out: Hunt & Joiner, Inc. mentions complex mortgage products/workflows like: structural engineering, lean construction, bim technology, historical renovations, architecture, ipd, bim360, data centers, offic

I’m testing a 7-day AIOS Quickstart where I install 3 approval-gated routines for mortgage teams. For Hunt & Joiner, Inc., I’d probably start with:

1. construction/renovation loan condition tracker
2. borrower doc follow-up drafts by loan type
3. daily pipeline brief

Everything stays approval-only — no AI auto-sending weird emails to borrowers. It drafts, summarizes, and queues the work so your team can move faster.

Worth sending over a quick version of what I’d install?

Ryan","Quick bump, Colin — I can make this concrete for Hunt & Joiner, Inc..

I’d map 3 recurring workflows, install the approval-only drafts/briefs, and hand you a simple weekly operating rhythm. No giant dashboard, no auto-send.

Worth a quick look?"
215,99,"owner_or_founder | branch_manager | scaled_but_not_enterprise | revenue_can_pay | verified_email | linkedin_present | mortgage_fit | doc_complex_products:investment,va | speed_service_language:technology,tech | bank_cu_deprioritize",READY_FOR_LINKEDIN_AND_EMAIL,Ashley,Pearson,Ashley Pearson,Vice President and Branch Manager,manager,Pioneer Bank & Trust,Pioneer Bank & Trust,ashleyc@pioneerbankandtrust.com,REAL-TIME VERIFIED ON 26 May 26,https://www.linkedin.com/in/ashley-pearson-43279676,Belle Fourche,South Dakota,pioneerbankandtrust.com,https://www.linkedin.com/company/pioneer-bank-trust,51-200,45,1000000-4999999,,"As the sun rose over the eastern buttes of Harding County, arguably the harshest region of South Dakota, brothers F.M. and H.W. Clarkson had already been in the pasture tending their sheep for an hour. The Clarksons were hard working men who were known for their fairness and their willingness to help neighbors.

In fact, it was just those qualities that would help them create what was to become Western South Dakota’s premier agricultural and business bank. In 1913, they formalized their practice of helping neighbors by establishing a bank in the prairie town of Buffalo. In 1937, the brothers expanded and founded the Bank of Belle Fourche.

From those humble beginnings Pioneer Bank & Trust grew to become one of the safest banks in America. In 1956, we expanded our service capabilities by establishing a full service Trust Department. Pioneer’s Trust Department offers complete trust and estate planning, plus investments. The next branch opened was in Spearfish, then in Rapid City.

With the new regional presence it was time for a new, appropriate name, and in 1986 Pioneer Bank & Trust was born!

As the bank grew and our locations became diversified we decided to centralize our administration, operations and computer technology in a new Administration Center in Spearfish. And in 2011, we added a sixth Pioneer Bank location in Sturgis.

Today, Pioneer Bank & Trust offers a varied and complete assortment of state-of-the-art banking products and services. Although we believe our products are highly competitive in today’s high-tech banking world, it is our hometown, personal service that is responsible for our significant growth. This is reaffirmed continually by the direct feedback we receive from customers!","Pioneer Bank & Trust mentions complex mortgage products/workflows like: Trust Department offers complete trust and estate planning, plus investments. The next branch opened was in Spearfish, then in Rapid City. With the new regional pre",complex-file doc checklist; borrower doc follow-up drafts by loan type; daily pipeline brief,"Hey Ashley — quick specific idea.

I was looking at Pioneer Bank & Trust and noticed the mortgage workflow probably has a lot of borrower/doc follow-up hiding behind the scenes. Pioneer Bank & Trust mentions complex mortgage products/workflows like: Trust Department offers complete trust and estate planning, plus investments. The next branch opened was in Spearfish, then in Rapid City. With the new regional pre

I’m testing a 7-day AIOS Quickstart for mortgage teams: 3 approval-only AI routines like complex-file doc checklist, borrower doc follow-up drafts by loan type, and daily pipeline brief.

No auto-sending. Just drafts, briefs, and follow-up queues your team approves.

Want me to send the 3 routines I’d set up for Pioneer Bank & Trust?",3 AI routines for Pioneer Bank & Trust,"Hey Ashley,

I was looking at Pioneer Bank & Trust and had a specific thought. Mortgage teams usually don’t need a giant AI strategy. They need the recurring borrower/admin work to stop eating the week.

What stood out: Pioneer Bank & Trust mentions complex mortgage products/workflows like: Trust Department offers complete trust and estate planning, plus investments. The next branch opened was in Spearfish, then in Rapid City. With the new regional pre

I’m testing a 7-day AIOS Quickstart where I install 3 approval-gated routines for mortgage teams. For Pioneer Bank & Trust, I’d probably start with:

1. complex-file doc checklist
2. borrower doc follow-up drafts by loan type
3. daily pipeline brief

Everything stays approval-only — no AI auto-sending weird emails to borrowers. It drafts, summarizes, and queues the work so your team can move faster.

Worth sending over a quick version of what I’d install?

Ryan","Quick bump, Ashley — I can make this concrete for Pioneer Bank & Trust.

I’d map 3 recurring workflows, install the approval-only drafts/briefs, and hand you a simple weekly operating rhythm. No giant dashboard, no auto-send.

Worth a quick look?"
216,99,"branch_manager | small_team | smaller_revenue | verified_email | linkedin_present | strong_mortgage_fit | doc_complex_products:non-qm,reverse,fha,va | broker_local_language",READY_FOR_LINKEDIN_AND_EMAIL,Lugo,Viramontes,Lugo Viramontes,Branch Manager,manager,David Diaz-EquitySmart Home Loans,David Diaz-EquitySmart Home Loans,lugov@equitysmartloans.com,REAL-TIME VERIFIED ON 26 May 26,https://www.linkedin.com/in/lugo-viramontes-83724730,Los Angeles Metropolitan Area,,equitysmartloans.com,https://www.linkedin.com/company/dd-loans,2-10,20,500000-999999,"fha, conventional, non-qm, government loans, veteran loans, reversemortgages, fanniemae, freddiemac","We are the #1 broker in California.  We are unique because we have many options when it comes to your mortgage. A lot of times our clients get turned down by their local bank (Chase, B of A, Citi) because they have very limiting guidelines. We pride ourselves with having great relationships with over 120 banks and to give you a perfect mortgage fit for your unique situation. Aside from that we offer personalized service & we'll be there from beginning to end & even after the transaction is completed.  We're experienced in FHA, VA, Reverse Mtgs, and Conventional loans. Call now for a free consultation 800-431-7002. - David","David Diaz-EquitySmart Home Loans mentions complex mortgage products/workflows like: fha, conventional, non-qm, government loans, veteran loans, reversemortgages, fanniemae, freddiemac We are the #1 broke",complex-file doc checklist; borrower doc follow-up drafts by loan type; daily pipeline brief,"Hey Lugo — quick specific idea.

I was looking at David Diaz-EquitySmart Home Loans and noticed the mortgage workflow probably has a lot of borrower/doc follow-up hiding behind the scenes. David Diaz-EquitySmart Home Loans mentions complex mortgage products/workflows like: fha, conventional, non-qm, government loans, veteran loans, reversemortgages, fanniemae, freddiemac We are the #1 broke

I’m testing a 7-day AIOS Quickstart for mortgage teams: 3 approval-only AI routines like complex-file doc checklist, borrower doc follow-up drafts by loan type, and daily pipeline brief.

No auto-sending. Just drafts, briefs, and follow-up queues your team approves.

Want me to send the 3 routines I’d set up for David Diaz-EquitySmart Home Loans?",3 AI routines for David Diaz-EquitySmart Home Loans,"Hey Lugo,

I was looking at David Diaz-EquitySmart Home Loans and had a specific thought. Mortgage teams usually don’t need a giant AI strategy. They need the recurring borrower/admin work to stop eating the week.

What stood out: David Diaz-EquitySmart Home Loans mentions complex mortgage products/workflows like: fha, conventional, non-qm, government loans, veteran loans, reversemortgages, fanniemae, freddiemac We are the #1 broke

I’m testing a 7-day AIOS Quickstart where I install 3 approval-gated routines for mortgage teams. For David Diaz-EquitySmart Home Loans, I’d probably start with:

1. complex-file doc checklist
2. borrower doc follow-up drafts by loan type
3. daily pipeline brief

Everything stays approval-only — no AI auto-sending weird emails to borrowers. It drafts, summarizes, and queues the work so your team can move faster.

Worth sending over a quick version of what I’d install?

Ryan","Quick bump, Lugo — I can make this concrete for David Diaz-EquitySmart Home Loans.

I’d map 3 recurring workflows, install the approval-only drafts/briefs, and hand you a simple weekly operating rhythm. No giant dashboard, no auto-send.

Worth a quick look?"
217,99,"owner_or_founder | branch_manager | small_team | smaller_revenue | linkedin_present | mortgage_fit | doc_complex_products:investment,investor,va | broker_local_language",READY_FOR_LINKEDIN_NEEDS_EMAIL,Jeffrey,M. Goldfarb,Jeffrey M. Goldfarb,"Branch Manager, RJFS CEO Goldfarb Financial",manager,Goldfarb Financial,Goldfarb Financial,,,https://www.linkedin.com/in/jeffrey-m-goldfarb-781985b,Greater New Orleans Region,,goldfarbfinancial.com,https://www.linkedin.com/company/goldfarb-financial,2-10,6,100000-499999,,"The mission of Goldfarb Financial is Capitalism Doing Good®. We do not believe that business and social consciousness should be mutually exclusive. It should be the objective of entrepreneurs to create a better world and help their local communities.

A sustainable relationship between a business and its adjacent community maximizes long-term benefits for producers and consumers, creating a local economy where all are better off.

Goldfarb Financial aims to achieve this goal through our three Principles:
Education, Sustainability, Global Citizenship.









B Corps are certified by the nonprofit B Lab to meet rigorous standards of social and environmental performance, accountability &transparency
Securities offered through Raymond James Financial Services, Inc Member FINRA/SIPC
Goldfarb Financial is independent of Raymond James Financial Services, Inc Raymond James financial advisors may only conduct business with residents of the states and/or jurisdictions for which they are registered. Therefore a response to a request for information may be delayed. Please note that not all of the investments and services mentioned are available in every state. Investors outside of the USA are subject to securities and tax regulations within their applicable jurisdictions that are not addressed on this site. Contact your local Raymond James office for information for information and availability. Please follow this link to additional disclosures: http://raymondjames.com/smicd.htm
award criteria
https://bit.ly/2IgAzF5
Investment advisory services offered through Raymond James Financial Services Advisors, Inc. Goldfarb Financial is not a registered broker/dealer and is independent of Raymond James Financial Services, Inc.",Goldfarb Financial mentions complex mortgage products/workflows like: for information may be delayed. Please note that not all of the investments and services mentioned are available in every state. Investors outside of the USA are su,complex-file doc checklist; borrower doc follow-up drafts by loan type; daily pipeline brief,"Hey Jeffrey — quick specific idea.

I was looking at Goldfarb Financial and noticed the mortgage workflow probably has a lot of borrower/doc follow-up hiding behind the scenes. Goldfarb Financial mentions complex mortgage products/workflows like: for information may be delayed. Please note that not all of the investments and services mentioned are available in every state. Investors outside of the USA are su

I’m testing a 7-day AIOS Quickstart for mortgage teams: 3 approval-only AI routines like complex-file doc checklist, borrower doc follow-up drafts by loan type, and daily pipeline brief.

No auto-sending. Just drafts, briefs, and follow-up queues your team approves.

Want me to send the 3 routines I’d set up for Goldfarb Financial?",3 AI routines for Goldfarb Financial,"Hey Jeffrey,

I was looking at Goldfarb Financial and had a specific thought. Mortgage teams usually don’t need a giant AI strategy. They need the recurring borrower/admin work to stop eating the week.

What stood out: Goldfarb Financial mentions complex mortgage products/workflows like: for information may be delayed. Please note that not all of the investments and services mentioned are available in every state. Investors outside of the USA are su

I’m testing a 7-day AIOS Quickstart where I install 3 approval-gated routines for mortgage teams. For Goldfarb Financial, I’d probably start with:

1. complex-file doc checklist
2. borrower doc follow-up drafts by loan type
3. daily pipeline brief

Everything stays approval-only — no AI auto-sending weird emails to borrowers. It drafts, summarizes, and queues the work so your team can move faster.

Worth sending over a quick version of what I’d install?

Ryan","Quick bump, Jeffrey — I can make this concrete for Goldfarb Financial.

I’d map 3 recurring workflows, install the approval-only drafts/briefs, and hand you a simple weekly operating rhythm. No giant dashboard, no auto-send.

Worth a quick look?"
218,99,"owner_or_founder | branch_manager | assistant_lower_priority | scaled_but_not_enterprise | revenue_can_pay | verified_email | linkedin_present | strong_mortgage_fit | doc_complex_products:commercial,investment,va | speed_service_language:easy | bank_cu_deprioritize",READY_FOR_LINKEDIN_AND_EMAIL,Karen,Blais,Karen Blais,Branch Manager / Assistant Vice President,senior,Millbury Federal Credit Union,Millbury Federal Credit Union,kblais@millburycu.com,REAL-TIME VERIFIED ON 26 May 26,https://www.linkedin.com/in/karen-blais-74422613,Auburn,Massachusetts,millburycu.com,https://www.linkedin.com/company/millbury-federal-credit-union,51-200,74,5000000-9999999,"personal checking, deposit accounts, auto loans, mortgages, student loans, safe deposit rentals, electronic banking, credit cards, small business and commercial lending, investment services, business checking, cash management services","MCU is a community credit union that offers competitive deposit rates and a wide variety of low-cost lending options. Member NCUA, Member MSIC, Equal Housing Lender.

If you or an immediate family member live or work in Worcester County, it's easy to join MCU. Just open a deposit account for $5 or more...and you're a member! With branches located in Millbury, Auburn, Worcester and South Grafton, we take pride in consistently delivering the highest level of service to our members for over 85 years.","Millbury Federal Credit Union mentions complex mortgage products/workflows like: it rentals, electronic banking, credit cards, small business and commercial lending, investment services, business checking, cash management services MCU is a commun",complex-file doc checklist; borrower doc follow-up drafts by loan type; daily pipeline brief,"Hey Karen — quick specific idea.

I was looking at Millbury Federal Credit Union and noticed the mortgage workflow probably has a lot of borrower/doc follow-up hiding behind the scenes. Millbury Federal Credit Union mentions complex mortgage products/workflows like: it rentals, electronic banking, credit cards, small business and commercial lending, investment services, business checking, cash management services MCU is a commun

I’m testing a 7-day AIOS Quickstart for mortgage teams: 3 approval-only AI routines like complex-file doc checklist, borrower doc follow-up drafts by loan type, and daily pipeline brief.

No auto-sending. Just drafts, briefs, and follow-up queues your team approves.

Want me to send the 3 routines I’d set up for Millbury Federal Credit Union?",3 AI routines for Millbury Federal Credit Union,"Hey Karen,

I was looking at Millbury Federal Credit Union and had a specific thought. Mortgage teams usually don’t need a giant AI strategy. They need the recurring borrower/admin work to stop eating the week.

What stood out: Millbury Federal Credit Union mentions complex mortgage products/workflows like: it rentals, electronic banking, credit cards, small business and commercial lending, investment services, business checking, cash management services MCU is a commun

I’m testing a 7-day AIOS Quickstart where I install 3 approval-gated routines for mortgage teams. For Millbury Federal Credit Union, I’d probably start with:

1. complex-file doc checklist
2. borrower doc follow-up drafts by loan type
3. daily pipeline brief

Everything stays approval-only — no AI auto-sending weird emails to borrowers. It drafts, summarizes, and queues the work so your team can move faster.

Worth sending over a quick version of what I’d install?

Ryan","Quick bump, Karen — I can make this concrete for Millbury Federal Credit Union.

I’d map 3 recurring workflows, install the approval-only drafts/briefs, and hand you a simple weekly operating rhythm. No giant dashboard, no auto-send.

Worth a quick look?"
219,99,"branch_manager | small_team | revenue_can_pay | verified_email | linkedin_present | strong_mortgage_fit | doc_complex_products:fha,va | speed_service_language:technology,tech,customer service",READY_FOR_LINKEDIN_AND_EMAIL,Shane,Burris,Shane Burris,Originating Branch Manager,manager,Union Capital Mortgage Corporation,Union Capital Mortgage Corporation,shane@ucmortgage.net,REAL-TIME VERIFIED ON 26 May 26,https://www.linkedin.com/in/shane-burris-5bbba935,Grove City,Ohio,unioncapmtgs.com,https://www.linkedin.com/company/union-capital-mortgage-corp,11-50,21,1000000-4999999,"conventional residential mortgage loans, fha residential mortgage loans, va residential mortgage loans","Headquartered in Mentor, Ohio, Union Capital Mortgage has served the residential mortgage lending needs of Northeast Ohioans for more than a decade.

Since its incorporation in October 1995 by Ron Szuch, Union Capital has steadily built a reputation for providing savvy financing solutions and superior customer service. At Union Capital, we know mortgages. It's what we do. More specifically, it's all we do. In today's market, consumers can choose a mortgage lender that also peddles auto loans and insurance products. Or they can choose a mortgage specialist like Union Capital. Since 1995, customers have chosen us to originate more than $1 billion in residential home mortgages.

Union Capital's employees have a combined 114 years of experience in the mortgage lending industry. We're knowledgeable, accessible and friendly. In fact, most of our customers do repeat business with us. If you want the best product for your needs and the highest-quality service, come to Union Capital. You may never have to look for another mortgage lender again. 

Union Capital Mortgage Corporation has the expertise to assist you in your residential lending needs. We have the resources to complete mortgage loans for starter homes to multi-million dollar estates for most credit situations.

Union Capital, an Ohio Mortgage Bank, has the professional staff, technology and systems in place to expedite the mortgage application - approval process. This will generate the funding of your loan in the shortest time possible. Our loan pricing and interest rates are extremely competitive!","Union Capital Mortgage Corporation mentions complex mortgage products/workflows like: conventional residential mortgage loans, fha residential mortgage loans, va residential mortgage loans Headquartered in Mentor, Ohio, Union C",borrower doc follow-up drafts by loan type; daily pipeline brief; missing-doc follow-up drafts,"Hey Shane — quick specific idea.

I was looking at Union Capital Mortgage Corporation and noticed the mortgage workflow probably has a lot of borrower/doc follow-up hiding behind the scenes. Union Capital Mortgage Corporation mentions complex mortgage products/workflows like: conventional residential mortgage loans, fha residential mortgage loans, va residential mortgage loans Headquartered in Mentor, Ohio, Union C

I’m testing a 7-day AIOS Quickstart for mortgage teams: 3 approval-only AI routines like borrower doc follow-up drafts by loan type, daily pipeline brief, and missing-doc follow-up drafts.

No auto-sending. Just drafts, briefs, and follow-up queues your team approves.

Want me to send the 3 routines I’d set up for Union Capital Mortgage Corporation?",3 AI routines for Union Capital Mortgage Corporation,"Hey Shane,

I was looking at Union Capital Mortgage Corporation and had a specific thought. Mortgage teams usually don’t need a giant AI strategy. They need the recurring borrower/admin work to stop eating the week.

What stood out: Union Capital Mortgage Corporation mentions complex mortgage products/workflows like: conventional residential mortgage loans, fha residential mortgage loans, va residential mortgage loans Headquartered in Mentor, Ohio, Union C

I’m testing a 7-day AIOS Quickstart where I install 3 approval-gated routines for mortgage teams. For Union Capital Mortgage Corporation, I’d probably start with:

1. borrower doc follow-up drafts by loan type
2. daily pipeline brief
3. missing-doc follow-up drafts

Everything stays approval-only — no AI auto-sending weird emails to borrowers. It drafts, summarizes, and queues the work so your team can move faster.

Worth sending over a quick version of what I’d install?

Ryan","Quick bump, Shane — I can make this concrete for Union Capital Mortgage Corporation.

I’d map 3 recurring workflows, install the approval-only drafts/briefs, and hand you a simple weekly operating rhythm. No giant dashboard, no auto-send.

Worth a quick look?"
220,99,branch_manager | small_team | revenue_can_pay | verified_email | linkedin_present | strong_mortgage_fit | doc_complex_products:va | speed_service_language:customer service | broker_local_language,READY_FOR_LINKEDIN_AND_EMAIL,Denise,Disla,Denise Disla,Branch Manager,manager,Fulcrum Home Loans NMLS: 1926444,Fulcrum Home Loans NMLS: 1926444,denise@fulcrumhomeloans.com,REAL-TIME VERIFIED ON 26 May 26,https://www.linkedin.com/in/denise-disla-312639171,Orlando,Florida,fulcrumhomeloans.com,https://www.linkedin.com/company/fulcrum-home-loans,11-50,46,1000000-4999999,"mortgage broker, home loans, loan processing, mortgage advisor","At Fulcrum Home Loans, our passion is clear: We are here to help our clients fulfill their dream of homeownership and provide the best possible mortgage experience!  We do this by providing no non-sense financial advice, top notch customer service, speedy pre-approvals and rate quotes, as well as competitive rates and terms.  

Our team is knowledgeable and persistent and will do everything in our power to make the experience with us your best mortgage experience to date. We understand that purchasing/refinancing a home is likely your largest financial transaction, and we are here to support you through the entire process. 

Although Fulcrum Home Loans was founded just recently in December of 2019, owners Brett and Braiden have combined mortgage experience of 17 years, and hundreds of millions in funded loans.  Their goal is to provide honest financial advice, competitive mortgage terms tailored to your needs, and raving fan level service.  You will not be disappointed putting your trust in our Fulcrum Home Loans team. 

 We look forward to hearing from you!","Fulcrum Home Loans NMLS: 1926444 mentions complex mortgage products/workflows like: se financial advice, top notch customer service, speedy pre-approvals and rate quotes, as well as competitive rates and terms. Our team is knowledgeable and persi",borrower doc follow-up drafts by loan type; daily pipeline brief; missing-doc follow-up drafts,"Hey Denise — quick specific idea.

I was looking at Fulcrum Home Loans NMLS: 1926444 and noticed the mortgage workflow probably has a lot of borrower/doc follow-up hiding behind the scenes. Fulcrum Home Loans NMLS: 1926444 mentions complex mortgage products/workflows like: se financial advice, top notch customer service, speedy pre-approvals and rate quotes, as well as competitive rates and terms. Our team is knowledgeable and persi

I’m testing a 7-day AIOS Quickstart for mortgage teams: 3 approval-only AI routines like borrower doc follow-up drafts by loan type, daily pipeline brief, and missing-doc follow-up drafts.

No auto-sending. Just drafts, briefs, and follow-up queues your team approves.

Want me to send the 3 routines I’d set up for Fulcrum Home Loans NMLS: 1926444?",3 AI routines for Fulcrum Home Loans NMLS: 1926444,"Hey Denise,

I was looking at Fulcrum Home Loans NMLS: 1926444 and had a specific thought. Mortgage teams usually don’t need a giant AI strategy. They need the recurring borrower/admin work to stop eating the week.

What stood out: Fulcrum Home Loans NMLS: 1926444 mentions complex mortgage products/workflows like: se financial advice, top notch customer service, speedy pre-approvals and rate quotes, as well as competitive rates and terms. Our team is knowledgeable and persi

I’m testing a 7-day AIOS Quickstart where I install 3 approval-gated routines for mortgage teams. For Fulcrum Home Loans NMLS: 1926444, I’d probably start with:

1. borrower doc follow-up drafts by loan type
2. daily pipeline brief
3. missing-doc follow-up drafts

Everything stays approval-only — no AI auto-sending weird emails to borrowers. It drafts, summarizes, and queues the work so your team can move faster.

Worth sending over a quick version of what I’d install?

Ryan","Quick bump, Denise — I can make this concrete for Fulcrum Home Loans NMLS: 1926444.

I’d map 3 recurring workflows, install the approval-only drafts/briefs, and hand you a simple weekly operating rhythm. No giant dashboard, no auto-send.

Worth a quick look?"
221,99,"branch_manager | small_team | smaller_revenue | verified_email | linkedin_present | strong_mortgage_fit | doc_complex_products:construction,reverse,fha,va | broker_local_language",READY_FOR_LINKEDIN_AND_EMAIL,Stan,Thomas,Stan Thomas,Branch Manager / Loan Originator,manager,"Western Mortgage Brokers, Inc.","Western Mortgage Brokers, Inc.",stan@wmbrokers.com,REAL-TIME VERIFIED ON 26 May 26,https://www.linkedin.com/in/stanathomas,Eugene,Oregon,wmbrokers.com,https://www.linkedin.com/company/western-mortgage-brokers-inc-,2-10,10,500000-999999,"mortgage brokers, conventional loans, construction loans, fha loans, reverse mortgage, va loans, nonprime loans, manufactured home mortgage, refinancing, private money financing","We’re proud to be a broker, not a bank. It means we do the shopping for you. We are experts in what we do (no car loans, etc.). We are locally owned and operated since January 20th 2000.","Western Mortgage Brokers, Inc. mentions complex mortgage products/workflows like: mortgage brokers, conventional loans, construction loans, fha loans, reverse mortgage, va loans, nonprime loans, manufactured home mortgag",construction/renovation loan condition tracker; borrower doc follow-up drafts by loan type; daily pipeline brief,"Hey Stan — quick specific idea.

I was looking at Western Mortgage Brokers, Inc. and noticed the mortgage workflow probably has a lot of borrower/doc follow-up hiding behind the scenes. Western Mortgage Brokers, Inc. mentions complex mortgage products/workflows like: mortgage brokers, conventional loans, construction loans, fha loans, reverse mortgage, va loans, nonprime loans, manufactured home mortgag

I’m testing a 7-day AIOS Quickstart for mortgage teams: 3 approval-only AI routines like construction/renovation loan condition tracker, borrower doc follow-up drafts by loan type, and daily pipeline brief.

No auto-sending. Just drafts, briefs, and follow-up queues your team approves.

Want me to send the 3 routines I’d set up for Western Mortgage Brokers, Inc.?","3 AI routines for Western Mortgage Brokers, Inc.","Hey Stan,

I was looking at Western Mortgage Brokers, Inc. and had a specific thought. Mortgage teams usually don’t need a giant AI strategy. They need the recurring borrower/admin work to stop eating the week.

What stood out: Western Mortgage Brokers, Inc. mentions complex mortgage products/workflows like: mortgage brokers, conventional loans, construction loans, fha loans, reverse mortgage, va loans, nonprime loans, manufactured home mortgag

I’m testing a 7-day AIOS Quickstart where I install 3 approval-gated routines for mortgage teams. For Western Mortgage Brokers, Inc., I’d probably start with:

1. construction/renovation loan condition tracker
2. borrower doc follow-up drafts by loan type
3. daily pipeline brief

Everything stays approval-only — no AI auto-sending weird emails to borrowers. It drafts, summarizes, and queues the work so your team can move faster.

Worth sending over a quick version of what I’d install?

Ryan","Quick bump, Stan — I can make this concrete for Western Mortgage Brokers, Inc..

I’d map 3 recurring workflows, install the approval-only drafts/briefs, and hand you a simple weekly operating rhythm. No giant dashboard, no auto-send.

Worth a quick look?"
222,99,"branch_manager | small_team | smaller_revenue | verified_email | linkedin_present | strong_mortgage_fit | doc_complex_products:investor,va | speed_service_language:fast | broker_local_language",READY_FOR_LINKEDIN_AND_EMAIL,Hektor,Mendoza,Hektor Mendoza,Branch Manager,manager,"Mac Mortgage, Inc.","Mac Mortgage, Inc.",hektor@macmortgage.net,REAL-TIME VERIFIED ON 26 May 26,https://www.linkedin.com/in/hektor-mendoza-66139469,Los Angeles,California,macmortgage.net,https://www.linkedin.com/company/mac-mortgage-inc,11-50,17,500000-999999,,"At Mac Mortgage, we have been making dreams come true for our homeowners and investors across the country. We have been determined in the best financial services for all of our clients for over 20 years, to fit all of their needs. We are a leading broker in California, servicing residents in a multitude of states for all their goals. We lead in our cutting edge security, lender network, and market research to effectively reach the best rates and programs for everyone we serve. Here, our clients come first. That’s why we’re one of the fastest-growing brokers in the San Fernando Valley, and why we excel at helping everyone obtain their financial success through our programs.

NMLS #1530208 | Equal Housing Lender | www.nmlsconsumeraccess.org

*All posts and information on this page is subject to change. Certain restrictions apply. Subject to borrower approval.","Mac Mortgage, Inc. mentions complex mortgage products/workflows like: age, we have been making dreams come true for our homeowners and investors across the country. We have been determined in the best financial services for all of our",borrower doc follow-up drafts by loan type; daily pipeline brief; missing-doc follow-up drafts,"Hey Hektor — quick specific idea.

I was looking at Mac Mortgage, Inc. and noticed the mortgage workflow probably has a lot of borrower/doc follow-up hiding behind the scenes. Mac Mortgage, Inc. mentions complex mortgage products/workflows like: age, we have been making dreams come true for our homeowners and investors across the country. We have been determined in the best financial services for all of our

I’m testing a 7-day AIOS Quickstart for mortgage teams: 3 approval-only AI routines like borrower doc follow-up drafts by loan type, daily pipeline brief, and missing-doc follow-up drafts.

No auto-sending. Just drafts, briefs, and follow-up queues your team approves.

Want me to send the 3 routines I’d set up for Mac Mortgage, Inc.?","3 AI routines for Mac Mortgage, Inc.","Hey Hektor,

I was looking at Mac Mortgage, Inc. and had a specific thought. Mortgage teams usually don’t need a giant AI strategy. They need the recurring borrower/admin work to stop eating the week.

What stood out: Mac Mortgage, Inc. mentions complex mortgage products/workflows like: age, we have been making dreams come true for our homeowners and investors across the country. We have been determined in the best financial services for all of our

I’m testing a 7-day AIOS Quickstart where I install 3 approval-gated routines for mortgage teams. For Mac Mortgage, Inc., I’d probably start with:

1. borrower doc follow-up drafts by loan type
2. daily pipeline brief
3. missing-doc follow-up drafts

Everything stays approval-only — no AI auto-sending weird emails to borrowers. It drafts, summarizes, and queues the work so your team can move faster.

Worth sending over a quick version of what I’d install?

Ryan","Quick bump, Hektor — I can make this concrete for Mac Mortgage, Inc..

I’d map 3 recurring workflows, install the approval-only drafts/briefs, and hand you a simple weekly operating rhythm. No giant dashboard, no auto-send.

Worth a quick look?"
223,99,"branch_manager | producer | small_team | smaller_revenue | verified_email | linkedin_present | strong_mortgage_fit | doc_complex_products:commercial,va | speed_service_language:customer service",READY_FOR_LINKEDIN_AND_EMAIL,Alli,Barnes,Alli Barnes,Sr. Loan Officer & Branch Manager,manager,"Northwestern Home Loans DBA NWHL, Inc","Northwestern Home Loans DBA NWHL, Inc",alli@nwhomeloans.com,REAL-TIME VERIFIED ON 26 May 26,https://www.linkedin.com/in/alli-barnes-76a25230,Salem,Oregon,northwesternhomeloans.com,https://www.linkedin.com/company/northwestern-loans,11-50,16,500000-999999,residential financing for purchasing or refinancing your property,"We strive to provide you with a professional and personable team that is committed to helping you obtain home financing that fits your needs. Exceeding your expectations through our array of lending options, competitive rates and outstanding customer service is our number one goal. We understand that your loan is important to your financial future, which is why we work with you to determine the most suitable type of mortgage product to fit your personalized needs. NMLS # 2517686","Northwestern Home Loans DBA NWHL, Inc mentions complex mortgage products/workflows like: eeds. NMLS # 2517686 Northwestern Loans provides residential and commercial loans. We offer a variety of lending options and focus on providing the best customer exp",daily pipeline brief; missing-doc follow-up drafts; stale borrower/realtor follow-up queue,"Hey Alli — quick specific idea.

I was looking at Northwestern Home Loans DBA NWHL, Inc and noticed the mortgage workflow probably has a lot of borrower/doc follow-up hiding behind the scenes. Northwestern Home Loans DBA NWHL, Inc mentions complex mortgage products/workflows like: eeds. NMLS # 2517686 Northwestern Loans provides residential and commercial loans. We offer a variety of lending options and focus on providing the best customer exp

I’m testing a 7-day AIOS Quickstart for mortgage teams: 3 approval-only AI routines like daily pipeline brief, missing-doc follow-up drafts, and stale borrower/realtor follow-up queue.

No auto-sending. Just drafts, briefs, and follow-up queues your team approves.

Want me to send the 3 routines I’d set up for Northwestern Home Loans DBA NWHL, Inc?","3 AI routines for Northwestern Home Loans DBA NWHL, Inc","Hey Alli,

I was looking at Northwestern Home Loans DBA NWHL, Inc and had a specific thought. Mortgage teams usually don’t need a giant AI strategy. They need the recurring borrower/admin work to stop eating the week.

What stood out: Northwestern Home Loans DBA NWHL, Inc mentions complex mortgage products/workflows like: eeds. NMLS # 2517686 Northwestern Loans provides residential and commercial loans. We offer a variety of lending options and focus on providing the best customer exp

I’m testing a 7-day AIOS Quickstart where I install 3 approval-gated routines for mortgage teams. For Northwestern Home Loans DBA NWHL, Inc, I’d probably start with:

1. daily pipeline brief
2. missing-doc follow-up drafts
3. stale borrower/realtor follow-up queue

Everything stays approval-only — no AI auto-sending weird emails to borrowers. It drafts, summarizes, and queues the work so your team can move faster.

Worth sending over a quick version of what I’d install?

Ryan","Quick bump, Alli — I can make this concrete for Northwestern Home Loans DBA NWHL, Inc.

I’d map 3 recurring workflows, install the approval-only drafts/briefs, and hand you a simple weekly operating rhythm. No giant dashboard, no auto-send.

Worth a quick look?"
224,99,owner_or_founder | branch_manager | small_team | revenue_can_pay | verified_email | linkedin_present | mortgage_fit | speed_service_language:smooth,READY_FOR_LINKEDIN_AND_EMAIL,Geneva “G”,Balch,Geneva “G” Balch,Vice President/Branch Manager,senior,Secured Title of Texas,Secured Title of Texas,gbalch@securedtitletx.com,REAL-TIME VERIFIED ON 26 May 26,https://www.linkedin.com/in/geneva-a-balch-32750613,Dallas,Texas,securedtitletx.com,https://www.linkedin.com/company/secured-title-of-texas,11-50,28,1000000-4999999,"real estate, title agency, title insurance, closings, owners title insurance, title search & abstract, mortgage title insurance, endorsement, foreclosure reports, ownership & encumbrance searches, leasehold insurance","Secured Title of Texas has been providing the most timely and comprehensive Title and Closing Services since 1947. Secured Title has the experience and knowledge to be Texas premier providers of Title and Closing services. Whether our customers are buying or selling real estate, you can rely on Secured Title to make certain the title is sound and the closing runs smoothly.  
 
Secured title of Texas employs many of Texas'​ top title and closing professionals. Secured Title of Texas is part of Title Midwest, Inc., a Topeka, Kansas, based title insurance and real estate escrow holding company, with subsidiary title insurance agencies in Kansas, Nebraska, Minnesota, Missouri and Texas. As part of this larger network, Secured Title of Texas is supported by industry experts located across the Midwest.",Secured Title of Texas emphasizes speed/service/efficiency: ed Title to make certain the title is sound and the closing runs smoothly. Secured title of Texas employs many of Texas'​ top title and closing professionals. Se,daily pipeline brief; missing-doc follow-up drafts; stale borrower/realtor follow-up queue,"Hey Geneva “G” — quick specific idea.

I was looking at Secured Title of Texas and noticed the mortgage workflow probably has a lot of borrower/doc follow-up hiding behind the scenes. Secured Title of Texas emphasizes speed/service/efficiency: ed Title to make certain the title is sound and the closing runs smoothly. Secured title of Texas employs many of Texas'​ top title and closing professionals. Se

I’m testing a 7-day AIOS Quickstart for mortgage teams: 3 approval-only AI routines like daily pipeline brief, missing-doc follow-up drafts, and stale borrower/realtor follow-up queue.

No auto-sending. Just drafts, briefs, and follow-up queues your team approves.

Want me to send the 3 routines I’d set up for Secured Title of Texas?",3 AI routines for Secured Title of Texas,"Hey Geneva “G”,

I was looking at Secured Title of Texas and had a specific thought. Mortgage teams usually don’t need a giant AI strategy. They need the recurring borrower/admin work to stop eating the week.

What stood out: Secured Title of Texas emphasizes speed/service/efficiency: ed Title to make certain the title is sound and the closing runs smoothly. Secured title of Texas employs many of Texas'​ top title and closing professionals. Se

I’m testing a 7-day AIOS Quickstart where I install 3 approval-gated routines for mortgage teams. For Secured Title of Texas, I’d probably start with:

1. daily pipeline brief
2. missing-doc follow-up drafts
3. stale borrower/realtor follow-up queue

Everything stays approval-only — no AI auto-sending weird emails to borrowers. It drafts, summarizes, and queues the work so your team can move faster.

Worth sending over a quick version of what I’d install?

Ryan","Quick bump, Geneva “G” — I can make this concrete for Secured Title of Texas.

I’d map 3 recurring workflows, install the approval-only drafts/briefs, and hand you a simple weekly operating rhythm. No giant dashboard, no auto-send.

Worth a quick look?"
225,99,"branch_manager | multi_branch_influence | scaled_but_not_enterprise | revenue_can_pay | verified_email | linkedin_present | mortgage_fit | doc_complex_products:va | speed_service_language:fast,technology,tech | broker_local_language",READY_FOR_LINKEDIN_AND_EMAIL,Christopher,Stewart,Christopher Stewart,Regional Branch Manager,manager,Virginia Business Systems,Virginia Business Systems,cstewart@vabusinesssystems.com,REAL-TIME VERIFIED ON 26 May 26,https://www.linkedin.com/in/cstewart81,Greater Roanoke Area,,vabusinesssystems.com,https://www.linkedin.com/company/virginia-business-systems,51-200,73,1000000-4999999,"office systems, copiers/mfps, production printing, wide format, leasing, managed print services, managed network services, document management(, workflow solutions, go green","Celebrating 70 years of innovation and excellence, Virginia Business Systems (VBS), stands among the nation’s largest independently owned office technology dealers. Now in our third generation of family management, we remain committed to exceeding client expectations with industry-leading solutions and unparalleled service.

At VBS, we specialize in delivering Fast Forward Office Technology with premier brands like Konica Minolta, Xerox, and Lexmark. Our tailored solutions include Managed Print Services, Workflow Solutions, Document Management, Managed Network Services, VoIP, Multifunction Printers, and Production Print Systems—designed to optimize cost-efficiency, security, and innovation for our clients.

Named a “Best Places to Work,” we are proud to foster an environment that encourages personal and professional growth while upholding the highest ethical standards in our relationships. Equally, we are dedicated to giving back to the communities we serve.

📍 VBS Headquarters: Richmond, VA, serving Charlottesville, Lynchburg, Roanoke, New River Valley, Harrisonburg, Shenandoah Valley, and Hampton Roads.

Let us partner with you to drive your business forward with cutting-edge technology and unmatched service.","Virginia Business Systems mentions complex mortgage products/workflows like: ement(, workflow solutions, go green Celebrating 70 years of innovation and excellence, Virginia Business Systems (VBS), stands among the nation’s largest independen",borrower doc follow-up drafts by loan type; daily pipeline brief; missing-doc follow-up drafts,"Hey Christopher — quick specific idea.

I was looking at Virginia Business Systems and noticed the mortgage workflow probably has a lot of borrower/doc follow-up hiding behind the scenes. Virginia Business Systems mentions complex mortgage products/workflows like: ement(, workflow solutions, go green Celebrating 70 years of innovation and excellence, Virginia Business Systems (VBS), stands among the nation’s largest independen

I’m testing a 7-day AIOS Quickstart for mortgage teams: 3 approval-only AI routines like borrower doc follow-up drafts by loan type, daily pipeline brief, and missing-doc follow-up drafts.

No auto-sending. Just drafts, briefs, and follow-up queues your team approves.

Want me to send the 3 routines I’d set up for Virginia Business Systems?",3 AI routines for Virginia Business Systems,"Hey Christopher,

I was looking at Virginia Business Systems and had a specific thought. Mortgage teams usually don’t need a giant AI strategy. They need the recurring borrower/admin work to stop eating the week.

What stood out: Virginia Business Systems mentions complex mortgage products/workflows like: ement(, workflow solutions, go green Celebrating 70 years of innovation and excellence, Virginia Business Systems (VBS), stands among the nation’s largest independen

I’m testing a 7-day AIOS Quickstart where I install 3 approval-gated routines for mortgage teams. For Virginia Business Systems, I’d probably start with:

1. borrower doc follow-up drafts by loan type
2. daily pipeline brief
3. missing-doc follow-up drafts

Everything stays approval-only — no AI auto-sending weird emails to borrowers. It drafts, summarizes, and queues the work so your team can move faster.

Worth sending over a quick version of what I’d install?

Ryan","Quick bump, Christopher — I can make this concrete for Virginia Business Systems.

I’d map 3 recurring workflows, install the approval-only drafts/briefs, and hand you a simple weekly operating rhythm. No giant dashboard, no auto-send.

Worth a quick look?"
226,99,branch_manager | small_team | revenue_can_pay | verified_email | linkedin_present | strong_mortgage_fit | doc_complex_products:va | speed_service_language:fast | broker_local_language,READY_FOR_LINKEDIN_AND_EMAIL,Marco,Milton,Marco Milton,Branch Manager,manager,Price Mortgage LLC - NMLS #1429043,Price Mortgage LLC - NMLS #1429043,mmilton@pricemortgage.com,REAL-TIME VERIFIED ON 26 May 26,https://www.linkedin.com/in/marco-milton,Las Cruces,New Mexico,pricemortgage.com,https://www.linkedin.com/company/price-mortgage-llc,11-50,64,1000000-4999999,,"At Price Mortgage, we believe there is a better way to help home buyers get financing. A faster, smarter way where our customers are earned rather than paid for. Helping buyers find their next home is something we are extremely passionate about, and it is our mission to help them achieve it.

Getting the right mortgage is the most important aspect of your home buying journey, and we understand it’s not always the most enjoyable part of the process. Price Mortgage is here to change that. Whether you’re a first time homebuyer, upgrading, renovating, or just looking to refinance – we can get your loan done with the rates and speed the “big banks” can’t offer.

https://nmlsconsumeraccess.org/","Price Mortgage LLC - NMLS #1429043 mentions complex mortgage products/workflows like: ange that. Whether you’re a first time homebuyer, upgrading, renovating, or just looking to refinance – we can get your loan done with the rates and speed the “big b",borrower doc follow-up drafts by loan type; daily pipeline brief; missing-doc follow-up drafts,"Hey Marco — quick specific idea.

I was looking at Price Mortgage LLC - NMLS #1429043 and noticed the mortgage workflow probably has a lot of borrower/doc follow-up hiding behind the scenes. Price Mortgage LLC - NMLS #1429043 mentions complex mortgage products/workflows like: ange that. Whether you’re a first time homebuyer, upgrading, renovating, or just looking to refinance – we can get your loan done with the rates and speed the “big b

I’m testing a 7-day AIOS Quickstart for mortgage teams: 3 approval-only AI routines like borrower doc follow-up drafts by loan type, daily pipeline brief, and missing-doc follow-up drafts.

No auto-sending. Just drafts, briefs, and follow-up queues your team approves.

Want me to send the 3 routines I’d set up for Price Mortgage LLC - NMLS #1429043?",3 AI routines for Price Mortgage LLC - NMLS #1429043,"Hey Marco,

I was looking at Price Mortgage LLC - NMLS #1429043 and had a specific thought. Mortgage teams usually don’t need a giant AI strategy. They need the recurring borrower/admin work to stop eating the week.

What stood out: Price Mortgage LLC - NMLS #1429043 mentions complex mortgage products/workflows like: ange that. Whether you’re a first time homebuyer, upgrading, renovating, or just looking to refinance – we can get your loan done with the rates and speed the “big b

I’m testing a 7-day AIOS Quickstart where I install 3 approval-gated routines for mortgage teams. For Price Mortgage LLC - NMLS #1429043, I’d probably start with:

1. borrower doc follow-up drafts by loan type
2. daily pipeline brief
3. missing-doc follow-up drafts

Everything stays approval-only — no AI auto-sending weird emails to borrowers. It drafts, summarizes, and queues the work so your team can move faster.

Worth sending over a quick version of what I’d install?

Ryan","Quick bump, Marco — I can make this concrete for Price Mortgage LLC - NMLS #1429043.

I’d map 3 recurring workflows, install the approval-only drafts/briefs, and hand you a simple weekly operating rhythm. No giant dashboard, no auto-send.

Worth a quick look?"
227,99,"branch_manager | small_team | smaller_revenue | verified_email | linkedin_present | strong_mortgage_fit | doc_complex_products:non-qm,jumbo,construction,reverse | speed_service_language:easy",READY_FOR_LINKEDIN_AND_EMAIL,Mike,Bernhart,Mike Bernhart,"VP, Branch Manager",manager,Armor Mortgage,Armor Mortgage,mike.bernhart@armormortgage.com,REAL-TIME VERIFIED ON 26 May 26,https://www.linkedin.com/in/mike-bernhart-4ba0b7bb,Stow,Ohio,armormortgage.com,https://www.linkedin.com/company/armor-mortgage,11-50,4,100000-499999,"conventional, fha, va, usda, jumbo, non-qm, new construction, renovation, reverse mortgage, down payment assistance, 1st time homebuyers","Armor Mortgage, a division of Premier Lending Inc. NMLS# 238143, founded by Mike Bernhart. Mike has been in various roles in the mortgage industry since 2000. Armor Mortgage provides residential home financing through Conventional, FHA, VA, USDA, Jumbo, Non-QM, New Construction, Renovation, Reverse Mortgage, Down payment assistant and 1st time home buyers programs. Contact Armor Mortgage for all of your home financing needs!","Armor Mortgage mentions complex mortgage products/workflows like: conventional, fha, va, usda, jumbo, non-qm, new construction, renovation, reverse mortgage, down payment assistance, 1st time homebuyers",complex-file doc checklist; construction/renovation loan condition tracker; borrower doc follow-up drafts by loan type,"Hey Mike — quick specific idea.

I was looking at Armor Mortgage and noticed the mortgage workflow probably has a lot of borrower/doc follow-up hiding behind the scenes. Armor Mortgage mentions complex mortgage products/workflows like: conventional, fha, va, usda, jumbo, non-qm, new construction, renovation, reverse mortgage, down payment assistance, 1st time homebuyers

I’m testing a 7-day AIOS Quickstart for mortgage teams: 3 approval-only AI routines like complex-file doc checklist, construction/renovation loan condition tracker, and borrower doc follow-up drafts by loan type.

No auto-sending. Just drafts, briefs, and follow-up queues your team approves.

Want me to send the 3 routines I’d set up for Armor Mortgage?",3 AI routines for Armor Mortgage,"Hey Mike,

I was looking at Armor Mortgage and had a specific thought. Mortgage teams usually don’t need a giant AI strategy. They need the recurring borrower/admin work to stop eating the week.

What stood out: Armor Mortgage mentions complex mortgage products/workflows like: conventional, fha, va, usda, jumbo, non-qm, new construction, renovation, reverse mortgage, down payment assistance, 1st time homebuyers

I’m testing a 7-day AIOS Quickstart where I install 3 approval-gated routines for mortgage teams. For Armor Mortgage, I’d probably start with:

1. complex-file doc checklist
2. construction/renovation loan condition tracker
3. borrower doc follow-up drafts by loan type

Everything stays approval-only — no AI auto-sending weird emails to borrowers. It drafts, summarizes, and queues the work so your team can move faster.

Worth sending over a quick version of what I’d install?

Ryan","Quick bump, Mike — I can make this concrete for Armor Mortgage.

I’d map 3 recurring workflows, install the approval-only drafts/briefs, and hand you a simple weekly operating rhythm. No giant dashboard, no auto-send.

Worth a quick look?"
228,99,"owner_or_founder | branch_manager | scaled_but_not_enterprise | revenue_can_pay | verified_email | linkedin_present | mortgage_fit | doc_complex_products:construction,va",READY_FOR_LINKEDIN_AND_EMAIL,Philip,Schofield,Philip Schofield,Vice President / Branch Manager / Sr. Project Manager,manager,"CTI Engineers, Inc.","CTI Engineers, Inc.",pschofield@ctiengr.com,REAL-TIME VERIFIED ON 26 May 26,https://www.linkedin.com/in/prschofield,Hixson,Tennessee,ctiengr.com,https://www.linkedin.com/company/cti-engineers-inc.,51-200,73,1000000-4999999,"water treatment, storm water , civil engineering, wastewater treatment, environmental engineering, consulting, structural engineering, solid waste engineering","CTI Engineers, Inc. is an employee-owned consulting engineering firm specializing in water and earth sciences. CTI offers a wide range of engineering and consulting services for both public and private sectors. CTI provides complete planning, design, and management services from the initial conceptual stages of a project, through design and financing, to construction management and start-up assistance.","CTI Engineers, Inc. mentions complex mortgage products/workflows like: conceptual stages of a project, through design and financing, to construction management and start-up assistance.",construction/renovation loan condition tracker; borrower doc follow-up drafts by loan type; daily pipeline brief,"Hey Philip — quick specific idea.

I was looking at CTI Engineers, Inc. and noticed the mortgage workflow probably has a lot of borrower/doc follow-up hiding behind the scenes. CTI Engineers, Inc. mentions complex mortgage products/workflows like: conceptual stages of a project, through design and financing, to construction management and start-up assistance.

I’m testing a 7-day AIOS Quickstart for mortgage teams: 3 approval-only AI routines like construction/renovation loan condition tracker, borrower doc follow-up drafts by loan type, and daily pipeline brief.

No auto-sending. Just drafts, briefs, and follow-up queues your team approves.

Want me to send the 3 routines I’d set up for CTI Engineers, Inc.?","3 AI routines for CTI Engineers, Inc.","Hey Philip,

I was looking at CTI Engineers, Inc. and had a specific thought. Mortgage teams usually don’t need a giant AI strategy. They need the recurring borrower/admin work to stop eating the week.

What stood out: CTI Engineers, Inc. mentions complex mortgage products/workflows like: conceptual stages of a project, through design and financing, to construction management and start-up assistance.

I’m testing a 7-day AIOS Quickstart where I install 3 approval-gated routines for mortgage teams. For CTI Engineers, Inc., I’d probably start with:

1. construction/renovation loan condition tracker
2. borrower doc follow-up drafts by loan type
3. daily pipeline brief

Everything stays approval-only — no AI auto-sending weird emails to borrowers. It drafts, summarizes, and queues the work so your team can move faster.

Worth sending over a quick version of what I’d install?

Ryan","Quick bump, Philip — I can make this concrete for CTI Engineers, Inc..

I’d map 3 recurring workflows, install the approval-only drafts/briefs, and hand you a simple weekly operating rhythm. No giant dashboard, no auto-send.

Worth a quick look?"
229,99,"owner_or_founder | producer | small_team | smaller_revenue | linkedin_present | strong_mortgage_fit | doc_complex_products:commercial,investor,va | broker_local_language",READY_FOR_LINKEDIN_NEEDS_EMAIL,Adam P.,Smith (303) 770-2262,Adam P. Smith (303) 770-2262,President and Licensed Residential and Commercial Mortgage Broker,senior,Colorado Real Estate Finance Group | Residential & Commercial Mortgage,Colorado Real Estate Finance Group | Residential & Commercial Mortgage,,,https://www.linkedin.com/in/theadampsmith,Englewood,Colorado,corefinancegroup.com,https://www.linkedin.com/company/colorado-real-estate-finance-group-residential-commercial-mortgage,2-10,6,100000-499999,,"The Colorado Real Estate Finance Group is a complete product finance firm offering services ranging from residential mortgages to large scale development project financing and everything in-between. 

It is our mission to provide comprehensive debt and equity solutions for consumers, realtors, real estate investors, business owners, real estate developers, and builders. We regard it as a privilege to serve our clients. Our primary priority is to ensure the satisfaction of our clients’ needs. Professionalism and quality is paramount in everything we accomplish. We feel that our responsibility to our clients extends beyond just providing financing solutions. We are available every step of the way, on every project, to make sure that all problems and obstacles are solved in a professional manner. 

The Colorado Real Estate Finance Group is committed to honesty and integrity in all our activities. Our staff is made up of individuals with strong moral character and the interaction you will have with them is always respectful, honest, clear, and positive. We are a company that does not sacrifice our integrity for the benefit of profit. We have worked hard to make The Colorado Real Estate Finance Group a model of business ethics and personal integrity. We maintain a high level of professionalism in our work environments, fostering a culture of commitment and passion for our clients. We are passionate about serving others and seek to understand the needs of our clients followed by a commitment to exceed those expectations. We desire to constantly learn, adapt and improve, and set very high standards and hold our employees accountable to meeting those standards. We are a company that sets the standard, the pace, and are the company that others aspire to be like.","Colorado Real Estate Finance Group | Residential & Commercial Mortgage mentions complex mortgage products/workflows like: and comprehensive debt and equity solutions for residential and commercial consumers, realtors, and investors.",borrower doc follow-up drafts by loan type; daily pipeline brief; missing-doc follow-up drafts,"Hey Adam P. — quick specific idea.

I was looking at Colorado Real Estate Finance Group | Residential & Commercial Mortgage and noticed the mortgage workflow probably has a lot of borrower/doc follow-up hiding behind the scenes. Colorado Real Estate Finance Group | Residential & Commercial Mortgage mentions complex mortgage products/workflows like: and comprehensive debt and equity solutions for residential and commercial consumers, realtors, and investors.

I’m testing a 7-day AIOS Quickstart for mortgage teams: 3 approval-only AI routines like borrower doc follow-up drafts by loan type, daily pipeline brief, and missing-doc follow-up drafts.

No auto-sending. Just drafts, briefs, and follow-up queues your team approves.

Want me to send the 3 routines I’d set up for Colorado Real Estate Finance Group | Residential & Commercial Mortgage?",3 AI routines for Colorado Real Estate Finance Group | Residential & Commercial Mortgage,"Hey Adam P.,

I was looking at Colorado Real Estate Finance Group | Residential & Commercial Mortgage and had a specific thought. Mortgage teams usually don’t need a giant AI strategy. They need the recurring borrower/admin work to stop eating the week.

What stood out: Colorado Real Estate Finance Group | Residential & Commercial Mortgage mentions complex mortgage products/workflows like: and comprehensive debt and equity solutions for residential and commercial consumers, realtors, and investors.

I’m testing a 7-day AIOS Quickstart where I install 3 approval-gated routines for mortgage teams. For Colorado Real Estate Finance Group | Residential & Commercial Mortgage, I’d probably start with:

1. borrower doc follow-up drafts by loan type
2. daily pipeline brief
3. missing-doc follow-up drafts

Everything stays approval-only — no AI auto-sending weird emails to borrowers. It drafts, summarizes, and queues the work so your team can move faster.

Worth sending over a quick version of what I’d install?

Ryan","Quick bump, Adam P. — I can make this concrete for Colorado Real Estate Finance Group | Residential & Commercial Mortgage.

I’d map 3 recurring workflows, install the approval-only drafts/briefs, and hand you a simple weekly operating rhythm. No giant dashboard, no auto-send.

Worth a quick look?"
230,98,"owner_or_founder | producer | solo_or_tiny | verified_email | linkedin_present | strong_mortgage_fit | doc_complex_products:investor | speed_service_language:fast,communication,technology,tech | broker_local_language",READY_FOR_LINKEDIN_AND_EMAIL,Ryan,B.,Ryan B.,Founder & Mortgage Broker,founder,"Baril Home Lending, LLC","Baril Home Lending, LLC",ryan@barilhomelending.com,REAL-TIME VERIFIED ON 26 May 26,https://www.linkedin.com/in/ryanrbaril,Atlanta Metropolitan Area,,http://www.barilhomelending.com,https://www.linkedin.com/company/baril-home-lending-llc,0-1,2,0-99999,,"Making home financing faster, clearer, and less painful for Georgia families.

Baril Home Lending combines the efficiency of big fintech lenders with the personal service you get from your favorite local broker. We're the mortgage company that actually answers the phone.

What We Do:

Residential mortgages across Georgia
First-time homebuyer education and guidance
Real estate investor financing
Refinancing and home equity solutions

Why We're Different:
Built by a former tech professional who got tired of watching families struggle through confusing, impersonal lending experiences. We use technology to streamline the process, not replace human connection.

For Real Estate Agents:
We're obsessed with conversion rates and closing deals. Plus, we offer CRM training and database optimization to help you extract more business from your sphere.

Our Promise:
Transparent communication, educational approach, and someone who picks up when you call. Revolutionary concepts in mortgage, apparently.

Serving homebuyers, real estate investors, and agent partners throughout Georgia.

NMLS # 2661343","Baril Home Lending, LLC mentions complex mortgage products/workflows like: Georgia First-time homebuyer education and guidance Real estate investor financing Refinancing and home equity solutions Why We're Different: Built by a former tec",daily pipeline brief; missing-doc follow-up drafts; stale borrower/realtor follow-up queue,"Hey Ryan — quick specific idea.

I was looking at Baril Home Lending, LLC and noticed the mortgage workflow probably has a lot of borrower/doc follow-up hiding behind the scenes. Baril Home Lending, LLC mentions complex mortgage products/workflows like: Georgia First-time homebuyer education and guidance Real estate investor financing Refinancing and home equity solutions Why We're Different: Built by a former tec

I’m testing a 7-day AIOS Quickstart for mortgage teams: 3 approval-only AI routines like daily pipeline brief, missing-doc follow-up drafts, and stale borrower/realtor follow-up queue.

No auto-sending. Just drafts, briefs, and follow-up queues your team approves.

Want me to send the 3 routines I’d set up for Baril Home Lending, LLC?","3 AI routines for Baril Home Lending, LLC","Hey Ryan,

I was looking at Baril Home Lending, LLC and had a specific thought. Mortgage teams usually don’t need a giant AI strategy. They need the recurring borrower/admin work to stop eating the week.

What stood out: Baril Home Lending, LLC mentions complex mortgage products/workflows like: Georgia First-time homebuyer education and guidance Real estate investor financing Refinancing and home equity solutions Why We're Different: Built by a former tec

I’m testing a 7-day AIOS Quickstart where I install 3 approval-gated routines for mortgage teams. For Baril Home Lending, LLC, I’d probably start with:

1. daily pipeline brief
2. missing-doc follow-up drafts
3. stale borrower/realtor follow-up queue

Everything stays approval-only — no AI auto-sending weird emails to borrowers. It drafts, summarizes, and queues the work so your team can move faster.

Worth sending over a quick version of what I’d install?

Ryan","Quick bump, Ryan — I can make this concrete for Baril Home Lending, LLC.

I’d map 3 recurring workflows, install the approval-only drafts/briefs, and hand you a simple weekly operating rhythm. No giant dashboard, no auto-send.

Worth a quick look?"
231,98,"branch_manager | scaled_but_not_enterprise | revenue_can_pay | verified_email | linkedin_present | strong_mortgage_fit | doc_complex_products:non-qm,jumbo,construction,dscr | broker_local_language",READY_FOR_LINKEDIN_AND_EMAIL,Josh,Kumar,Josh Kumar,Branch Manager,manager,Straight Deal Mortgage,Straight Deal Mortgage,josh@straightdealmortgage.com,REAL-TIME VERIFIED ON 26 May 26,https://www.linkedin.com/in/josh-kumar-97aab7176,Cerritos,California,straightdealmortgage.com,https://www.linkedin.com/company/straight-deal-mortgage,51-200,32,1000000-4999999,"loans, mortgages, non-qm, construction loans, bank statement loans, fha, va, down payment assistance, home possible, home ready, jumbo, dscr, usda, hard money, renovation loans, heloc, homestyle energy, homestyle renovation, arms","Straight Deal Mortgage is a full-service mortgage broker, providing you a simple, straightforward process with a proven team of professionals by your side. Get the loan you need for home you want.","Straight Deal Mortgage mentions complex mortgage products/workflows like: loans, mortgages, non-qm, construction loans, bank statement loans, fha, va, down payment assistance, home possible, h",complex-file doc checklist; construction/renovation loan condition tracker; borrower doc follow-up drafts by loan type,"Hey Josh — quick specific idea.

I was looking at Straight Deal Mortgage and noticed the mortgage workflow probably has a lot of borrower/doc follow-up hiding behind the scenes. Straight Deal Mortgage mentions complex mortgage products/workflows like: loans, mortgages, non-qm, construction loans, bank statement loans, fha, va, down payment assistance, home possible, h

I’m testing a 7-day AIOS Quickstart for mortgage teams: 3 approval-only AI routines like complex-file doc checklist, construction/renovation loan condition tracker, and borrower doc follow-up drafts by loan type.

No auto-sending. Just drafts, briefs, and follow-up queues your team approves.

Want me to send the 3 routines I’d set up for Straight Deal Mortgage?",3 AI routines for Straight Deal Mortgage,"Hey Josh,

I was looking at Straight Deal Mortgage and had a specific thought. Mortgage teams usually don’t need a giant AI strategy. They need the recurring borrower/admin work to stop eating the week.

What stood out: Straight Deal Mortgage mentions complex mortgage products/workflows like: loans, mortgages, non-qm, construction loans, bank statement loans, fha, va, down payment assistance, home possible, h

I’m testing a 7-day AIOS Quickstart where I install 3 approval-gated routines for mortgage teams. For Straight Deal Mortgage, I’d probably start with:

1. complex-file doc checklist
2. construction/renovation loan condition tracker
3. borrower doc follow-up drafts by loan type

Everything stays approval-only — no AI auto-sending weird emails to borrowers. It drafts, summarizes, and queues the work so your team can move faster.

Worth sending over a quick version of what I’d install?

Ryan","Quick bump, Josh — I can make this concrete for Straight Deal Mortgage.

I’d map 3 recurring workflows, install the approval-only drafts/briefs, and hand you a simple weekly operating rhythm. No giant dashboard, no auto-send.

Worth a quick look?"
232,98,owner_or_founder | small_team | smaller_revenue | verified_email | linkedin_present | strong_mortgage_fit | doc_complex_products:investment | broker_local_language,READY_FOR_LINKEDIN_AND_EMAIL,"Amit Inamdar, CEO,","Bay Area Realtor and Loan Broker, Forbes Council","Amit Inamdar, CEO, Bay Area Realtor and Loan Broker, Forbes Council","CEO, President, Broker-Real Estate and Mortgage, Realtor",senior,Own Sweet Home Realty,Own Sweet Home Realty,amit@ownsweethome.net,REAL-TIME VERIFIED ON 25 May 26,https://www.linkedin.com/in/amitinamdar,San Francisco Bay Area,,ownsweethome.net,https://www.linkedin.com/company/own-sweet-home-realty,2-10,3,100000-499999,"corporate employee relocation, luxury home sales, luxury home marketing, home buying, listing expert, high-eng housing, home financing, home loans, investment real estate","Own Sweet Home.  Where Homes Are SOLD!
Amit Inamdar, MBA, Broker, Owner.

Welcome!  Own Sweet Home provides ONE STOP service for all your real estate needs. Our services are focused exclusively in following areas:

1. Home Buying
2. Home Selling
3. Home Financing
4. Real Estate Investment
5. Property Management

Our advisory services are designed  to help you make right decisions:

1.  Buyer Loan Qualification for Salaried and Self Employed borrowers
2.  Sell one home, buy another home analysis and loan qualification
3.  Buy one, rent existing home analysis and loan qualification
4.  Investment property analysis
5.  Should you refinance analysis
6.  Neighborhood selection and advice

Feel free to contact me so I can help you streamline your real estate transactions.  Many of my clients have saved money by following the logical steps that meet your needs.  I look forward to hearing from you soon.

My Background:

I have been helping bay area clients in their real estate needs for past 10+ years.  I am an engineer by background who decided one day to complete his MBA and move into sales and marketing.  After working in Semiconductor industry for many years, I started my software company in 1996.  I ran this company until 2001 and after selling it, I moved into real estate.","Own Sweet Home Realty mentions complex mortgage products/workflows like: g, listing expert, high-eng housing, home financing, home loans, investment real estate Own Sweet Home. Where Homes Are SOLD! Amit Inamdar, MBA, Broker, Owner. Wel",complex-file doc checklist; daily pipeline brief; missing-doc follow-up drafts,"Hey Amit Inamdar, CEO, — quick specific idea.

I was looking at Own Sweet Home Realty and noticed the mortgage workflow probably has a lot of borrower/doc follow-up hiding behind the scenes. Own Sweet Home Realty mentions complex mortgage products/workflows like: g, listing expert, high-eng housing, home financing, home loans, investment real estate Own Sweet Home. Where Homes Are SOLD! Amit Inamdar, MBA, Broker, Owner. Wel

I’m testing a 7-day AIOS Quickstart for mortgage teams: 3 approval-only AI routines like complex-file doc checklist, daily pipeline brief, and missing-doc follow-up drafts.

No auto-sending. Just drafts, briefs, and follow-up queues your team approves.

Want me to send the 3 routines I’d set up for Own Sweet Home Realty?",3 AI routines for Own Sweet Home Realty,"Hey Amit Inamdar, CEO,,

I was looking at Own Sweet Home Realty and had a specific thought. Mortgage teams usually don’t need a giant AI strategy. They need the recurring borrower/admin work to stop eating the week.

What stood out: Own Sweet Home Realty mentions complex mortgage products/workflows like: g, listing expert, high-eng housing, home financing, home loans, investment real estate Own Sweet Home. Where Homes Are SOLD! Amit Inamdar, MBA, Broker, Owner. Wel

I’m testing a 7-day AIOS Quickstart where I install 3 approval-gated routines for mortgage teams. For Own Sweet Home Realty, I’d probably start with:

1. complex-file doc checklist
2. daily pipeline brief
3. missing-doc follow-up drafts

Everything stays approval-only — no AI auto-sending weird emails to borrowers. It drafts, summarizes, and queues the work so your team can move faster.

Worth sending over a quick version of what I’d install?

Ryan","Quick bump, Amit Inamdar, CEO, — I can make this concrete for Own Sweet Home Realty.

I’d map 3 recurring workflows, install the approval-only drafts/briefs, and hand you a simple weekly operating rhythm. No giant dashboard, no auto-send.

Worth a quick look?"
233,98,"branch_manager | scaled_but_not_enterprise | revenue_can_pay | verified_email | linkedin_present | strong_mortgage_fit | doc_complex_products:non-qm,jumbo,fha,va | broker_local_language",READY_FOR_LINKEDIN_AND_EMAIL,Jim,Calzaretta,Jim Calzaretta,Branch Manager,manager,Great Mortgage Company,Great Mortgage Company,jim@greatmortgage.com,REAL-TIME VERIFIED ON 26 May 26,https://www.linkedin.com/in/jim-calzaretta-9ab36792,Elgin,Illinois,greatmortgage.com,https://www.linkedin.com/company/great-mortgage,51-200,36,1000000-4999999,"purchase , refinance, conventional, va, jumbo, non-qm, home ready, home possible, usda, first time homebuyer","Great Mortgage is a trusted mortgage brokerage company based out of Naperville, Illinois since 2011.  With licenses in Arizona, Illinois, Indiana, Florida, Missouri and Tennessee Great Mortgage provide financing options for Conventional, FHA, VA, and non-qualified mortgages.","Great Mortgage Company mentions complex mortgage products/workflows like: purchase , refinance, conventional, va, jumbo, non-qm, home ready, home possible, usda, first time homebuyer Great Mortgage is a trusted mortgage b",complex-file doc checklist; borrower doc follow-up drafts by loan type; daily pipeline brief,"Hey Jim — quick specific idea.

I was looking at Great Mortgage Company and noticed the mortgage workflow probably has a lot of borrower/doc follow-up hiding behind the scenes. Great Mortgage Company mentions complex mortgage products/workflows like: purchase , refinance, conventional, va, jumbo, non-qm, home ready, home possible, usda, first time homebuyer Great Mortgage is a trusted mortgage b

I’m testing a 7-day AIOS Quickstart for mortgage teams: 3 approval-only AI routines like complex-file doc checklist, borrower doc follow-up drafts by loan type, and daily pipeline brief.

No auto-sending. Just drafts, briefs, and follow-up queues your team approves.

Want me to send the 3 routines I’d set up for Great Mortgage Company?",3 AI routines for Great Mortgage Company,"Hey Jim,

I was looking at Great Mortgage Company and had a specific thought. Mortgage teams usually don’t need a giant AI strategy. They need the recurring borrower/admin work to stop eating the week.

What stood out: Great Mortgage Company mentions complex mortgage products/workflows like: purchase , refinance, conventional, va, jumbo, non-qm, home ready, home possible, usda, first time homebuyer Great Mortgage is a trusted mortgage b

I’m testing a 7-day AIOS Quickstart where I install 3 approval-gated routines for mortgage teams. For Great Mortgage Company, I’d probably start with:

1. complex-file doc checklist
2. borrower doc follow-up drafts by loan type
3. daily pipeline brief

Everything stays approval-only — no AI auto-sending weird emails to borrowers. It drafts, summarizes, and queues the work so your team can move faster.

Worth sending over a quick version of what I’d install?

Ryan","Quick bump, Jim — I can make this concrete for Great Mortgage Company.

I’d map 3 recurring workflows, install the approval-only drafts/briefs, and hand you a simple weekly operating rhythm. No giant dashboard, no auto-send.

Worth a quick look?"
234,98,"branch_manager | small_team | smaller_revenue | verified_email | linkedin_present | strong_mortgage_fit | doc_complex_products:investment,fha,va,usda | speed_service_language:transparent",READY_FOR_LINKEDIN_AND_EMAIL,Ty,Rothenberger,Ty Rothenberger,Branch Manager,manager,Eureka Mortgage Planning,Eureka Mortgage Planning,trothenberger@eurekamortgage.net,REAL-TIME VERIFIED ON 26 May 26,https://www.linkedin.com/in/ty-rothenberger,Portland,Oregon,eurekamortgage.net,https://www.linkedin.com/company/eureka-mortgage-planning,2-10,21,500000-999999,"fha loans, va loans, refinancing, home purchasing, investment properties, conventional loans, usda loans","With 30+ years of mortgage industry expertise, we specialize in transparent guidance and customized financing solutions for homebuyers. Our loan officers simplify the process with competitive rates, a vast array of mortgage products, and a dedication to service. More than lenders, we're partners invested in your financial future. Let's get started.

NMLS # 2456819

Comments or Concerns? Contact Us at: customerrelations@eurekamortgage.net

https://www.nmlsconsumeraccess.org/EntityDetails.aspx/COMPANY/2456819","Eureka Mortgage Planning mentions complex mortgage products/workflows like: fha loans, va loans, refinancing, home purchasing, investment properties, conventional loans, usda loans With 30+ years of mortgage industry expertise,",complex-file doc checklist; borrower doc follow-up drafts by loan type; daily pipeline brief,"Hey Ty — quick specific idea.

I was looking at Eureka Mortgage Planning and noticed the mortgage workflow probably has a lot of borrower/doc follow-up hiding behind the scenes. Eureka Mortgage Planning mentions complex mortgage products/workflows like: fha loans, va loans, refinancing, home purchasing, investment properties, conventional loans, usda loans With 30+ years of mortgage industry expertise,

I’m testing a 7-day AIOS Quickstart for mortgage teams: 3 approval-only AI routines like complex-file doc checklist, borrower doc follow-up drafts by loan type, and daily pipeline brief.

No auto-sending. Just drafts, briefs, and follow-up queues your team approves.

Want me to send the 3 routines I’d set up for Eureka Mortgage Planning?",3 AI routines for Eureka Mortgage Planning,"Hey Ty,

I was looking at Eureka Mortgage Planning and had a specific thought. Mortgage teams usually don’t need a giant AI strategy. They need the recurring borrower/admin work to stop eating the week.

What stood out: Eureka Mortgage Planning mentions complex mortgage products/workflows like: fha loans, va loans, refinancing, home purchasing, investment properties, conventional loans, usda loans With 30+ years of mortgage industry expertise,

I’m testing a 7-day AIOS Quickstart where I install 3 approval-gated routines for mortgage teams. For Eureka Mortgage Planning, I’d probably start with:

1. complex-file doc checklist
2. borrower doc follow-up drafts by loan type
3. daily pipeline brief

Everything stays approval-only — no AI auto-sending weird emails to borrowers. It drafts, summarizes, and queues the work so your team can move faster.

Worth sending over a quick version of what I’d install?

Ryan","Quick bump, Ty — I can make this concrete for Eureka Mortgage Planning.

I’d map 3 recurring workflows, install the approval-only drafts/briefs, and hand you a simple weekly operating rhythm. No giant dashboard, no auto-send.

Worth a quick look?"
235,98,"branch_manager | small_team | revenue_can_pay | verified_email | linkedin_present | mortgage_fit | doc_complex_products:construction,commercial,investment,hard money | speed_service_language:communication,technology,tech",READY_FOR_LINKEDIN_AND_EMAIL,Tracy,Standridge,Tracy Standridge,Branch Manager/Sr Escrow Officer,manager,Escrow of the West,Escrow of the West,tracy@escrowofthewest.com,REAL-TIME VERIFIED ON 26 May 26,https://www.linkedin.com/in/tracy-standridge-a33527162,Westlake Village,California,escrowofthewest.com,https://www.linkedin.com/company/escrow-of-the-west,11-50,50,1000000-4999999,"residential sales, industrial sales, investment properties, refinance, new home sales, r.e.o., short sales, probate sales, probate, receiverships, trust sales , hard money loans, note purchase escrows, commercial sales","While escrow can be complex, we’re patient and fervent in translating the process to you and all parties involved. With accuracy, attention, and effective communication, we promise you peace of mind while working with our team.

Escrow of the West is licensed by the Department of Corporations and offers competitive rates without compromising the level of dedication and high level of service. We adhere to a “customer comes first” policy, while upholding the highest ethical standards and utilizing cutting-edge technology to expediently close each transaction.","Escrow of the West mentions complex mortgage products/workflows like: vices for residential and commercial re-sale, sub divisions, new construction and holding transactions.",complex-file doc checklist; daily pipeline brief; missing-doc follow-up drafts,"Hey Tracy — quick specific idea.

I was looking at Escrow of the West and noticed the mortgage workflow probably has a lot of borrower/doc follow-up hiding behind the scenes. Escrow of the West mentions complex mortgage products/workflows like: vices for residential and commercial re-sale, sub divisions, new construction and holding transactions.

I’m testing a 7-day AIOS Quickstart for mortgage teams: 3 approval-only AI routines like complex-file doc checklist, daily pipeline brief, and missing-doc follow-up drafts.

No auto-sending. Just drafts, briefs, and follow-up queues your team approves.

Want me to send the 3 routines I’d set up for Escrow of the West?",3 AI routines for Escrow of the West,"Hey Tracy,

I was looking at Escrow of the West and had a specific thought. Mortgage teams usually don’t need a giant AI strategy. They need the recurring borrower/admin work to stop eating the week.

What stood out: Escrow of the West mentions complex mortgage products/workflows like: vices for residential and commercial re-sale, sub divisions, new construction and holding transactions.

I’m testing a 7-day AIOS Quickstart where I install 3 approval-gated routines for mortgage teams. For Escrow of the West, I’d probably start with:

1. complex-file doc checklist
2. daily pipeline brief
3. missing-doc follow-up drafts

Everything stays approval-only — no AI auto-sending weird emails to borrowers. It drafts, summarizes, and queues the work so your team can move faster.

Worth sending over a quick version of what I’d install?

Ryan","Quick bump, Tracy — I can make this concrete for Escrow of the West.

I’d map 3 recurring workflows, install the approval-only drafts/briefs, and hand you a simple weekly operating rhythm. No giant dashboard, no auto-send.

Worth a quick look?"
236,98,"branch_manager | small_team | smaller_revenue | verified_email | linkedin_present | strong_mortgage_fit | doc_complex_products:jumbo,investment,investor,va | speed_service_language:easy",READY_FOR_LINKEDIN_AND_EMAIL,Kim,Arsenault,Kim Arsenault,"Branch Manager, Senior Loan Originator",senior,"Cheney Mortgage, Inc.","Cheney Mortgage, Inc.",kim@cheneymortgage.com,REAL-TIME VERIFIED ON 26 May 26,https://www.linkedin.com/in/kim-arsenault-9a40385,,,cheneymortgage.com,https://www.linkedin.com/company/cheneymortgage,2-10,8,500000-999999,"mortgage lending, first mortgage, refinance, first time home buyer, purchase, fix and flip, rental loans, investor, self employed mortgage, jumbo loans, mixed use","Cheney Mortgage, Inc. was created with the idea that getting a mortgage shouldn't be difficult. Our focus is on our customers and Mortgage Lending Made Easy.","Cheney Mortgage, Inc. mentions complex mortgage products/workflows like: e, fix and flip, rental loans, investor, self employed mortgage, jumbo loans, mixed use Cheney Mortgage, Inc. was created with the idea that getting a mortgage shoul",complex-file doc checklist; daily pipeline brief; missing-doc follow-up drafts,"Hey Kim — quick specific idea.

I was looking at Cheney Mortgage, Inc. and noticed the mortgage workflow probably has a lot of borrower/doc follow-up hiding behind the scenes. Cheney Mortgage, Inc. mentions complex mortgage products/workflows like: e, fix and flip, rental loans, investor, self employed mortgage, jumbo loans, mixed use Cheney Mortgage, Inc. was created with the idea that getting a mortgage shoul

I’m testing a 7-day AIOS Quickstart for mortgage teams: 3 approval-only AI routines like complex-file doc checklist, daily pipeline brief, and missing-doc follow-up drafts.

No auto-sending. Just drafts, briefs, and follow-up queues your team approves.

Want me to send the 3 routines I’d set up for Cheney Mortgage, Inc.?","3 AI routines for Cheney Mortgage, Inc.","Hey Kim,

I was looking at Cheney Mortgage, Inc. and had a specific thought. Mortgage teams usually don’t need a giant AI strategy. They need the recurring borrower/admin work to stop eating the week.

What stood out: Cheney Mortgage, Inc. mentions complex mortgage products/workflows like: e, fix and flip, rental loans, investor, self employed mortgage, jumbo loans, mixed use Cheney Mortgage, Inc. was created with the idea that getting a mortgage shoul

I’m testing a 7-day AIOS Quickstart where I install 3 approval-gated routines for mortgage teams. For Cheney Mortgage, Inc., I’d probably start with:

1. complex-file doc checklist
2. daily pipeline brief
3. missing-doc follow-up drafts

Everything stays approval-only — no AI auto-sending weird emails to borrowers. It drafts, summarizes, and queues the work so your team can move faster.

Worth sending over a quick version of what I’d install?

Ryan","Quick bump, Kim — I can make this concrete for Cheney Mortgage, Inc..

I’d map 3 recurring workflows, install the approval-only drafts/briefs, and hand you a simple weekly operating rhythm. No giant dashboard, no auto-send.

Worth a quick look?"
237,98,"owner_or_founder | branch_manager | small_team | smaller_revenue | linkedin_present | mortgage_fit | doc_complex_products:investment,investor,va | speed_service_language:tech",READY_FOR_LINKEDIN_NEEDS_EMAIL,Jim,McLaughlin,Jim McLaughlin,"Senior Vice President, Investments - Financial Advisor, Branch Manager",senior,Princeton Wealth Advisors of Raymond James,Princeton Wealth Advisors of Raymond James,,,https://www.linkedin.com/in/jim-mclaughlin-a0a84a18,Princeton,New Jersey,princetonwealthadvisors.com,https://www.linkedin.com/company/princetonwealthadvisors,2-10,11,500000-999999,"manage over $1 billion of client assets, value investing, more than 150 years of industry experience, one of raymond james' largest teams","Currently managing more than $2 billion in assets for our clients, our team represents over 100 years of collective experience in financial services. Our skills and knowledge are complemented by the vast informational and technological resources of Raymond James, an acknowledged leader in the financial services industry. 

   As financial advisors, our mission is to enhance our clients’ quality of life through personalized wealth management strategies. In carrying out that mission, we follow the principles of ""value investing,"" a pragmatic philosophy embraced by investment gurus like Robert Kirby, Shelby Davis, Ben Graham and Warren Buffett. Essentially, value investing involves identifying quality companies that, for any one of myriad reasons, are undervalued by the market. This creates the opportunity to purchase those companies for less than they are actually worth.

The principals in our practice have been colleagues for more than 25 years. Several of our clients have been with us the entire time. Why? Because they trust us to help them invest and manage their wealth in a way that fosters their financial well-being. Whether working with high-net-worth individuals, families or select institutions, we always keep that trust in view.

Raymond James & Associates, Inc., Member New York Stock Exchange/SIPC. Raymond James financial advisors may only conduct business with residents of the states and/or jurisdictions for which they are properly registered. Therefore, a response to a request for information may be delayed. Please note that not all of the investments and services mentioned are available in every state. Investors outside of the United States are subject to securities and tax regulations within their applicable jurisdictions that are not addressed on this site. Contact your local Raymond James office for information and availability.  Please follow this link to additional disclosures: http://raymondjames.com/smrja.htm","Princeton Wealth Advisors of Raymond James mentions complex mortgage products/workflows like: nciples of ""value investing,"" a pragmatic philosophy embraced by investment gurus like Robert Kirby, Shelby Davis, Ben Graham and Warren Buffett. Essentially, value",complex-file doc checklist; borrower doc follow-up drafts by loan type; daily pipeline brief,"Hey Jim — quick specific idea.

I was looking at Princeton Wealth Advisors of Raymond James and noticed the mortgage workflow probably has a lot of borrower/doc follow-up hiding behind the scenes. Princeton Wealth Advisors of Raymond James mentions complex mortgage products/workflows like: nciples of ""value investing,"" a pragmatic philosophy embraced by investment gurus like Robert Kirby, Shelby Davis, Ben Graham and Warren Buffett. Essentially, value

I’m testing a 7-day AIOS Quickstart for mortgage teams: 3 approval-only AI routines like complex-file doc checklist, borrower doc follow-up drafts by loan type, and daily pipeline brief.

No auto-sending. Just drafts, briefs, and follow-up queues your team approves.

Want me to send the 3 routines I’d set up for Princeton Wealth Advisors of Raymond James?",3 AI routines for Princeton Wealth Advisors of Raymond James,"Hey Jim,

I was looking at Princeton Wealth Advisors of Raymond James and had a specific thought. Mortgage teams usually don’t need a giant AI strategy. They need the recurring borrower/admin work to stop eating the week.

What stood out: Princeton Wealth Advisors of Raymond James mentions complex mortgage products/workflows like: nciples of ""value investing,"" a pragmatic philosophy embraced by investment gurus like Robert Kirby, Shelby Davis, Ben Graham and Warren Buffett. Essentially, value

I’m testing a 7-day AIOS Quickstart where I install 3 approval-gated routines for mortgage teams. For Princeton Wealth Advisors of Raymond James, I’d probably start with:

1. complex-file doc checklist
2. borrower doc follow-up drafts by loan type
3. daily pipeline brief

Everything stays approval-only — no AI auto-sending weird emails to borrowers. It drafts, summarizes, and queues the work so your team can move faster.

Worth sending over a quick version of what I’d install?

Ryan","Quick bump, Jim — I can make this concrete for Princeton Wealth Advisors of Raymond James.

I’d map 3 recurring workflows, install the approval-only drafts/briefs, and hand you a simple weekly operating rhythm. No giant dashboard, no auto-send.

Worth a quick look?"
238,98,"branch_manager | producer | scaled_but_not_enterprise | revenue_can_pay | verified_email | linkedin_present | strong_mortgage_fit | doc_complex_products:jumbo,reverse,fha,va",READY_FOR_LINKEDIN_AND_EMAIL,Teri,Parsons,Teri Parsons,Branch Manager / Mortgage Loan Officer,manager,Total Lending Concepts,Total Lending Concepts,teri.parsons@tlclender.com,REAL-TIME VERIFIED ON 26 May 26,https://www.linkedin.com/in/teri-parsons-9073ba18,Kalamazoo,Michigan,tlclender.com,https://www.linkedin.com/company/total-lending-concepts-inc,51-200,56,1000000-4999999,"fha  loans / fha streamlines loans, conventional, home purchase loans / home refinance loans, va loans / va irrrl, harp 2.0, jumbo, usda, reverse mortgages","Total Lending Concepts is your local, full-service mortgage lender, and we offer home loans with a little TLC. No matter where you call home, you can find a local team of mortgage experts there to help you confidently navigate the homebuying process. Our decades of experience, nationwide support, and one-on-one service make us the local lender you’ll trust for years to come. Let us guide you on your homebuying journey at www.tlclender.com.

NMLS ID# 1043976 
Midwest Mortgage Associates 
DBA/Total Lending Concepts 
https://www.nmlsconsumeraccess.org

Total Lending Concepts License Information & Disclosures
https://tlclender.com/disclosures-and-licenses/

Total Lending Concepts Reconsideration of Value Notice
https://tlclender.com/reconsideration-of-value/","Total Lending Concepts mentions complex mortgage products/workflows like: ase loans / home refinance loans, va loans / va irrrl, harp 2.0, jumbo, usda, reverse mortgages Total Lending Concepts is your local, full-service mortgage lender, a",complex-file doc checklist; borrower doc follow-up drafts by loan type; daily pipeline brief,"Hey Teri — quick specific idea.

I was looking at Total Lending Concepts and noticed the mortgage workflow probably has a lot of borrower/doc follow-up hiding behind the scenes. Total Lending Concepts mentions complex mortgage products/workflows like: ase loans / home refinance loans, va loans / va irrrl, harp 2.0, jumbo, usda, reverse mortgages Total Lending Concepts is your local, full-service mortgage lender, a

I’m testing a 7-day AIOS Quickstart for mortgage teams: 3 approval-only AI routines like complex-file doc checklist, borrower doc follow-up drafts by loan type, and daily pipeline brief.

No auto-sending. Just drafts, briefs, and follow-up queues your team approves.

Want me to send the 3 routines I’d set up for Total Lending Concepts?",3 AI routines for Total Lending Concepts,"Hey Teri,

I was looking at Total Lending Concepts and had a specific thought. Mortgage teams usually don’t need a giant AI strategy. They need the recurring borrower/admin work to stop eating the week.

What stood out: Total Lending Concepts mentions complex mortgage products/workflows like: ase loans / home refinance loans, va loans / va irrrl, harp 2.0, jumbo, usda, reverse mortgages Total Lending Concepts is your local, full-service mortgage lender, a

I’m testing a 7-day AIOS Quickstart where I install 3 approval-gated routines for mortgage teams. For Total Lending Concepts, I’d probably start with:

1. complex-file doc checklist
2. borrower doc follow-up drafts by loan type
3. daily pipeline brief

Everything stays approval-only — no AI auto-sending weird emails to borrowers. It drafts, summarizes, and queues the work so your team can move faster.

Worth sending over a quick version of what I’d install?

Ryan","Quick bump, Teri — I can make this concrete for Total Lending Concepts.

I’d map 3 recurring workflows, install the approval-only drafts/briefs, and hand you a simple weekly operating rhythm. No giant dashboard, no auto-send.

Worth a quick look?"
239,98,"branch_manager | small_team | revenue_can_pay | verified_email | linkedin_present | strong_mortgage_fit | doc_complex_products:fha,va,usda | speed_service_language:customer service",READY_FOR_LINKEDIN_AND_EMAIL,Ty,Windhorst,Ty Windhorst,Branch Manager,manager,HHL Group,HHL Group,ty@hhlnorthwest.com,REAL-TIME VERIFIED ON 26 May 26,https://www.linkedin.com/in/ty-windhorst-502b1840,Liberty Lake,Washington,hhlnorthwest.com,https://www.linkedin.com/company/hhl-group-nw,11-50,31,1000000-4999999,"low and no down payment options, first time homebuyers, government loans fha/va/usda, exceptional customer service","We are a full service Mortgage Lender with loan products for Purchase and Refinance of Residential Real Estate. We offer in-house origination, processing, and underwriting to our clients to ensure their expectations are exceeded. Our main markets include Eastern and Central Washington as well as North Idaho down to Lewiston, ID. We are on target to be one of the top 2 Residential Mortgage Lenders in the Spokane area, competing with large banks through positive customer experiences and our ever-growing referral network.

Guaranteed Rate, Inc. D/B/A HHL Group.  NMLS License #2611                                                                                                                                                 3940 N Ravenswood Chicago, IL 60613 - 509-361-1251 •citywidehm.com
Equal Housing Lender                                                                                                                                                                                                                                                           For licensing information, go to www.nmlsconsumeraccess.org
https://www.citywidehm.com/licensing-information/ • https://www.citywidehm.com/privacy-center/","HHL Group mentions complex mortgage products/workflows like: no down payment options, first time homebuyers, government loans fha/va/usda, exceptional customer service We are a full service Mortgage Lender with loan products f",borrower doc follow-up drafts by loan type; daily pipeline brief; missing-doc follow-up drafts,"Hey Ty — quick specific idea.

I was looking at HHL Group and noticed the mortgage workflow probably has a lot of borrower/doc follow-up hiding behind the scenes. HHL Group mentions complex mortgage products/workflows like: no down payment options, first time homebuyers, government loans fha/va/usda, exceptional customer service We are a full service Mortgage Lender with loan products f

I’m testing a 7-day AIOS Quickstart for mortgage teams: 3 approval-only AI routines like borrower doc follow-up drafts by loan type, daily pipeline brief, and missing-doc follow-up drafts.

No auto-sending. Just drafts, briefs, and follow-up queues your team approves.

Want me to send the 3 routines I’d set up for HHL Group?",3 AI routines for HHL Group,"Hey Ty,

I was looking at HHL Group and had a specific thought. Mortgage teams usually don’t need a giant AI strategy. They need the recurring borrower/admin work to stop eating the week.

What stood out: HHL Group mentions complex mortgage products/workflows like: no down payment options, first time homebuyers, government loans fha/va/usda, exceptional customer service We are a full service Mortgage Lender with loan products f

I’m testing a 7-day AIOS Quickstart where I install 3 approval-gated routines for mortgage teams. For HHL Group, I’d probably start with:

1. borrower doc follow-up drafts by loan type
2. daily pipeline brief
3. missing-doc follow-up drafts

Everything stays approval-only — no AI auto-sending weird emails to borrowers. It drafts, summarizes, and queues the work so your team can move faster.

Worth sending over a quick version of what I’d install?

Ryan","Quick bump, Ty — I can make this concrete for HHL Group.

I’d map 3 recurring workflows, install the approval-only drafts/briefs, and hand you a simple weekly operating rhythm. No giant dashboard, no auto-send.

Worth a quick look?"
240,98,"branch_manager | scaled_but_not_enterprise | revenue_can_pay | verified_email | linkedin_present | strong_mortgage_fit | doc_complex_products:jumbo,fha,va,usda | speed_service_language:technology,tech",READY_FOR_LINKEDIN_AND_EMAIL,April,Phifer,April Phifer,Branch Manager,manager,Verity Mortgage,Verity Mortgage,april@veritymortgage.com,REAL-TIME VERIFIED ON 26 May 26,https://www.linkedin.com/in/april-phifer-96ba426,Amarillo,Texas,veritymortgage.com,https://www.linkedin.com/company/verity-mortgage,51-200,27,1000000-4999999,"first time home buyers, jumbo loans, government loans (fha, va, usda), refinance loans","If time is the measure of a company, then Verity Mortgage, a member of the Eustis Mortgage Corporation family of companies is setting a high bar for our competition.

Over 60 years ago, Eustis Mortgage Corporation opened its doors with a focus on two things that all great organizations have in common. 

Low staff turnover and a high percentage of repeat customers.  

At our company, we have both. We have repeat customers because we have great people. We are fortunate to have great people because we realize that great people are our value proposition. 

We will continue, as we always have , to navigate through the ever changing mortgage world.  Whether it is a new technology or new regulations, Verity always stands at the forefront of these changes to make sure we stay focused on our customers.

Verity, deriving from the Latin word VERITAS, means a true principle of fundamental importance.  

Our principals will be the beacon to which we set our direction.  We will differentiate ourselves through our values and ability to exceed our customer’s expectations.

Nothing is more important than our customers which one of the principles our founder, Laurance Eustis, instilled in the company over 60 years ago.

We look forward to serving you for the next 60 years.

Verity Mortgage is an equal housing lender. NMLS #70345","Verity Mortgage mentions complex mortgage products/workflows like: first time home buyers, jumbo loans, government loans (fha, va, usda), refinance loans If time is the measure of a company,",complex-file doc checklist; borrower doc follow-up drafts by loan type; daily pipeline brief,"Hey April — quick specific idea.

I was looking at Verity Mortgage and noticed the mortgage workflow probably has a lot of borrower/doc follow-up hiding behind the scenes. Verity Mortgage mentions complex mortgage products/workflows like: first time home buyers, jumbo loans, government loans (fha, va, usda), refinance loans If time is the measure of a company,

I’m testing a 7-day AIOS Quickstart for mortgage teams: 3 approval-only AI routines like complex-file doc checklist, borrower doc follow-up drafts by loan type, and daily pipeline brief.

No auto-sending. Just drafts, briefs, and follow-up queues your team approves.

Want me to send the 3 routines I’d set up for Verity Mortgage?",3 AI routines for Verity Mortgage,"Hey April,

I was looking at Verity Mortgage and had a specific thought. Mortgage teams usually don’t need a giant AI strategy. They need the recurring borrower/admin work to stop eating the week.

What stood out: Verity Mortgage mentions complex mortgage products/workflows like: first time home buyers, jumbo loans, government loans (fha, va, usda), refinance loans If time is the measure of a company,

I’m testing a 7-day AIOS Quickstart where I install 3 approval-gated routines for mortgage teams. For Verity Mortgage, I’d probably start with:

1. complex-file doc checklist
2. borrower doc follow-up drafts by loan type
3. daily pipeline brief

Everything stays approval-only — no AI auto-sending weird emails to borrowers. It drafts, summarizes, and queues the work so your team can move faster.

Worth sending over a quick version of what I’d install?

Ryan","Quick bump, April — I can make this concrete for Verity Mortgage.

I’d map 3 recurring workflows, install the approval-only drafts/briefs, and hand you a simple weekly operating rhythm. No giant dashboard, no auto-send.

Worth a quick look?"
241,98,"branch_manager | small_team | revenue_can_pay | verified_email | linkedin_present | mortgage_fit | doc_complex_products:va | speed_service_language:streamlined,technology,tech,customer service | broker_local_language",READY_FOR_LINKEDIN_AND_EMAIL,Victoria,Steel,Victoria Steel,Branch Manager/Staffing Specialist,manager,Certified Employment Group,Certified Employment Group,victorias@certifiedemployment.com,REAL-TIME VERIFIED ON 26 May 26,https://www.linkedin.com/in/victoria-steel-41584b15,Sacramento,California,certifiedemployment.com,https://www.linkedin.com/company/certified-employment-group,11-50,71,1000000-4999999,"direct hire staffing, onsite management, human resources, temporary staffing, payroll staffing service, staffing","Certified Employment Group started in San Francisco in 1963 as a family business. Our cornerstone mission was, and remains, to provide ethical, caring service to each of our clients and employees. These values mean using technology to create efficiencies for our clients, expand our service offerings and enhance the level of service we can provide.

As Northern California businesses have prospered, Certified has responded by opening branches to serve high-growth areas. We have expanded our services to include on-site management for major accounts, introduced a streamlined online platform, and opened specialized divisions in Creative and Nonprofit.

Certified remains independently owned, family-run, responsive, flexible, and wholly committed to our original values. We believe this is the reason for our success. Industry rankings consistently place Certified in the top quartile!

We specialize in: Accounting & Finance, Administrative, Customer Service, Human Resources, IT & Tech Support, Legal Support, Marketing & Creative, Manufacturing & Production, Medical Professional & Admin, Operations & Management, and Property Management & Support

We service: San Francisco, East Bay, South Bay, North Bay, Roseville, and Sacramento.

Hiring Options: Direct Hire, Temp-to-Hire, Temporary and Payroll Service","Certified Employment Group mentions complex mortgage products/workflows like: ical, caring service to each of our clients and employees. These values mean using technology to create efficiencies for our clients, expand our service offerings an",borrower doc follow-up drafts by loan type; daily pipeline brief; missing-doc follow-up drafts,"Hey Victoria — quick specific idea.

I was looking at Certified Employment Group and noticed the mortgage workflow probably has a lot of borrower/doc follow-up hiding behind the scenes. Certified Employment Group mentions complex mortgage products/workflows like: ical, caring service to each of our clients and employees. These values mean using technology to create efficiencies for our clients, expand our service offerings an

I’m testing a 7-day AIOS Quickstart for mortgage teams: 3 approval-only AI routines like borrower doc follow-up drafts by loan type, daily pipeline brief, and missing-doc follow-up drafts.

No auto-sending. Just drafts, briefs, and follow-up queues your team approves.

Want me to send the 3 routines I’d set up for Certified Employment Group?",3 AI routines for Certified Employment Group,"Hey Victoria,

I was looking at Certified Employment Group and had a specific thought. Mortgage teams usually don’t need a giant AI strategy. They need the recurring borrower/admin work to stop eating the week.

What stood out: Certified Employment Group mentions complex mortgage products/workflows like: ical, caring service to each of our clients and employees. These values mean using technology to create efficiencies for our clients, expand our service offerings an

I’m testing a 7-day AIOS Quickstart where I install 3 approval-gated routines for mortgage teams. For Certified Employment Group, I’d probably start with:

1. borrower doc follow-up drafts by loan type
2. daily pipeline brief
3. missing-doc follow-up drafts

Everything stays approval-only — no AI auto-sending weird emails to borrowers. It drafts, summarizes, and queues the work so your team can move faster.

Worth sending over a quick version of what I’d install?

Ryan","Quick bump, Victoria — I can make this concrete for Certified Employment Group.

I’d map 3 recurring workflows, install the approval-only drafts/briefs, and hand you a simple weekly operating rhythm. No giant dashboard, no auto-send.

Worth a quick look?"
242,98,"branch_manager | scaled_but_not_enterprise | revenue_can_pay | verified_email | linkedin_present | strong_mortgage_fit | doc_complex_products:non-qm,jumbo,construction,dscr | broker_local_language",READY_FOR_LINKEDIN_AND_EMAIL,Ryan,Dez,Ryan Dez,Branch Manager,manager,Straight Deal Mortgage,Straight Deal Mortgage,ryan@straightdealmortgage.com,REAL-TIME VERIFIED ON 26 May 26,https://www.linkedin.com/in/ryan-dez-7999b880,Orange County,California,straightdealmortgage.com,https://www.linkedin.com/company/straight-deal-mortgage,51-200,32,1000000-4999999,"loans, mortgages, non-qm, construction loans, bank statement loans, fha, va, down payment assistance, home possible, home ready, jumbo, dscr, usda, hard money, renovation loans, heloc, homestyle energy, homestyle renovation, arms","Straight Deal Mortgage is a full-service mortgage broker, providing you a simple, straightforward process with a proven team of professionals by your side. Get the loan you need for home you want.","Straight Deal Mortgage mentions complex mortgage products/workflows like: loans, mortgages, non-qm, construction loans, bank statement loans, fha, va, down payment assistance, home possible, h",complex-file doc checklist; construction/renovation loan condition tracker; borrower doc follow-up drafts by loan type,"Hey Ryan — quick specific idea.

I was looking at Straight Deal Mortgage and noticed the mortgage workflow probably has a lot of borrower/doc follow-up hiding behind the scenes. Straight Deal Mortgage mentions complex mortgage products/workflows like: loans, mortgages, non-qm, construction loans, bank statement loans, fha, va, down payment assistance, home possible, h

I’m testing a 7-day AIOS Quickstart for mortgage teams: 3 approval-only AI routines like complex-file doc checklist, construction/renovation loan condition tracker, and borrower doc follow-up drafts by loan type.

No auto-sending. Just drafts, briefs, and follow-up queues your team approves.

Want me to send the 3 routines I’d set up for Straight Deal Mortgage?",3 AI routines for Straight Deal Mortgage,"Hey Ryan,

I was looking at Straight Deal Mortgage and had a specific thought. Mortgage teams usually don’t need a giant AI strategy. They need the recurring borrower/admin work to stop eating the week.

What stood out: Straight Deal Mortgage mentions complex mortgage products/workflows like: loans, mortgages, non-qm, construction loans, bank statement loans, fha, va, down payment assistance, home possible, h

I’m testing a 7-day AIOS Quickstart where I install 3 approval-gated routines for mortgage teams. For Straight Deal Mortgage, I’d probably start with:

1. complex-file doc checklist
2. construction/renovation loan condition tracker
3. borrower doc follow-up drafts by loan type

Everything stays approval-only — no AI auto-sending weird emails to borrowers. It drafts, summarizes, and queues the work so your team can move faster.

Worth sending over a quick version of what I’d install?

Ryan","Quick bump, Ryan — I can make this concrete for Straight Deal Mortgage.

I’d map 3 recurring workflows, install the approval-only drafts/briefs, and hand you a simple weekly operating rhythm. No giant dashboard, no auto-send.

Worth a quick look?"
243,98,"branch_manager | scaled_but_not_enterprise | revenue_can_pay | verified_email | linkedin_present | strong_mortgage_fit | doc_complex_products:jumbo,fha,va,usda | broker_local_language",READY_FOR_LINKEDIN_AND_EMAIL,Mario L.,Rodriguez,Mario L. Rodriguez,Branch Manager / Sr. Mortgage Loan Originator / Broker-Associate,manager,Certified Home Loans,Certified Home Loans,mrodriguez@certifiedhomeloans.com,REAL-TIME VERIFIED ON 26 May 26,https://www.linkedin.com/in/mario-l-rodriguez-a0173723,Fort Lauderdale,Florida,certifiedhomeloans.com,https://www.linkedin.com/company/certified-home-loans,51-200,60,1000000-4999999,"conventional mortgages, refinance, fixed-rate mortgages, fha mortgage programs, usda rural development loans, va loans, adjustable rate mortgages (arm), and jumbo loans","Certified Home Loans is committed to providing the highest level of personal financial services in a professional manner. First and foremost, we represent our clients ensuring they have access to the best rates and a variety of mortgage products. Our high standards provide our clients with mortgage-based savings and increased knowledge to properly manage and control their own financial well-being.

Certified Home Loans offers the best rates on a variety of different loan programs, including: Conventional Mortgages, FHA Refinance and Purchase, VA Loan Programs, USDA Rural Development Loans, HARP Refinance, FHA Streamline, Jumbo Mortgages, and Second Mortgages. Our customized loan programs allow our clients to manage their unique financial situation and meet their financial goals. 

Certified Home Loans | NMLS #1806779

Equal Housing Lender","Certified Home Loans mentions complex mortgage products/workflows like: evelopment loans, va loans, adjustable rate mortgages (arm), and jumbo loans Certified Home Loans is committed to providing the highest level of personal financial s",complex-file doc checklist; borrower doc follow-up drafts by loan type; daily pipeline brief,"Hey Mario L. — quick specific idea.

I was looking at Certified Home Loans and noticed the mortgage workflow probably has a lot of borrower/doc follow-up hiding behind the scenes. Certified Home Loans mentions complex mortgage products/workflows like: evelopment loans, va loans, adjustable rate mortgages (arm), and jumbo loans Certified Home Loans is committed to providing the highest level of personal financial s

I’m testing a 7-day AIOS Quickstart for mortgage teams: 3 approval-only AI routines like complex-file doc checklist, borrower doc follow-up drafts by loan type, and daily pipeline brief.

No auto-sending. Just drafts, briefs, and follow-up queues your team approves.

Want me to send the 3 routines I’d set up for Certified Home Loans?",3 AI routines for Certified Home Loans,"Hey Mario L.,

I was looking at Certified Home Loans and had a specific thought. Mortgage teams usually don’t need a giant AI strategy. They need the recurring borrower/admin work to stop eating the week.

What stood out: Certified Home Loans mentions complex mortgage products/workflows like: evelopment loans, va loans, adjustable rate mortgages (arm), and jumbo loans Certified Home Loans is committed to providing the highest level of personal financial s

I’m testing a 7-day AIOS Quickstart where I install 3 approval-gated routines for mortgage teams. For Certified Home Loans, I’d probably start with:

1. complex-file doc checklist
2. borrower doc follow-up drafts by loan type
3. daily pipeline brief

Everything stays approval-only — no AI auto-sending weird emails to borrowers. It drafts, summarizes, and queues the work so your team can move faster.

Worth sending over a quick version of what I’d install?

Ryan","Quick bump, Mario L. — I can make this concrete for Certified Home Loans.

I’d map 3 recurring workflows, install the approval-only drafts/briefs, and hand you a simple weekly operating rhythm. No giant dashboard, no auto-send.

Worth a quick look?"
244,98,"branch_manager | small_team | revenue_can_pay | verified_email | linkedin_present | strong_mortgage_fit | doc_complex_products:va | speed_service_language:fast,turn times,technology,tech",READY_FOR_LINKEDIN_AND_EMAIL,Ronise,Sieron,Ronise Sieron,Branch Manager,manager,LendingHouse,LendingHouse,ronise@mylendinghouse.com,REAL-TIME VERIFIED ON 26 May 26,https://www.linkedin.com/in/ronise-sieron-26a8408a,Jupiter,Florida,mylendinghouse.com,https://www.linkedin.com/company/lendinghouse,11-50,39,1000000-4999999,,"LendingHouse, nmls #2141418
Equal Housing Lender

Your favorite lender with the latest technology, fastest turn times and largest variety of loan products to satisfy any borrowers need, LendingHouse offers you a world of potential. We invest in our employees to help them develop and achieve their professional goals. We ​​​encourage our people to dive in, roll up their sleeves and take on the many opportunities bound to come their way.

If you're a seasoned professional looking for your next challenge, or just starting your career and looking for a company that creates career-building opportunities, we offer ample opportunities as well as training and development programs that empower you to expand your skills and abilities. At LendingHouse, we invite you to share our vision and our commitment to excellence in everything that we do. Our team serves our clients with precision and reliability because they count on us to deliver, every time. Our people are entrepreneurial and innovative, going beyond today's problems to find tomorrow's solutions, unlocking our clients' competitive edge and helping them achieve their business goals.","LendingHouse mentions complex mortgage products/workflows like: ender with the latest technology, fastest turn times and largest variety of loan products to satisfy any borrowers need, LendingHouse offers you a world of potential",borrower doc follow-up drafts by loan type; daily pipeline brief; missing-doc follow-up drafts,"Hey Ronise — quick specific idea.

I was looking at LendingHouse and noticed the mortgage workflow probably has a lot of borrower/doc follow-up hiding behind the scenes. LendingHouse mentions complex mortgage products/workflows like: ender with the latest technology, fastest turn times and largest variety of loan products to satisfy any borrowers need, LendingHouse offers you a world of potential

I’m testing a 7-day AIOS Quickstart for mortgage teams: 3 approval-only AI routines like borrower doc follow-up drafts by loan type, daily pipeline brief, and missing-doc follow-up drafts.

No auto-sending. Just drafts, briefs, and follow-up queues your team approves.

Want me to send the 3 routines I’d set up for LendingHouse?",3 AI routines for LendingHouse,"Hey Ronise,

I was looking at LendingHouse and had a specific thought. Mortgage teams usually don’t need a giant AI strategy. They need the recurring borrower/admin work to stop eating the week.

What stood out: LendingHouse mentions complex mortgage products/workflows like: ender with the latest technology, fastest turn times and largest variety of loan products to satisfy any borrowers need, LendingHouse offers you a world of potential

I’m testing a 7-day AIOS Quickstart where I install 3 approval-gated routines for mortgage teams. For LendingHouse, I’d probably start with:

1. borrower doc follow-up drafts by loan type
2. daily pipeline brief
3. missing-doc follow-up drafts

Everything stays approval-only — no AI auto-sending weird emails to borrowers. It drafts, summarizes, and queues the work so your team can move faster.

Worth sending over a quick version of what I’d install?

Ryan","Quick bump, Ronise — I can make this concrete for LendingHouse.

I’d map 3 recurring workflows, install the approval-only drafts/briefs, and hand you a simple weekly operating rhythm. No giant dashboard, no auto-send.

Worth a quick look?"
245,98,owner_or_founder | branch_manager | assistant_lower_priority | small_team | revenue_can_pay | verified_email | linkedin_present | strong_mortgage_fit | doc_complex_products:commercial | speed_service_language:tech | bank_cu_deprioritize,READY_FOR_LINKEDIN_AND_EMAIL,Jayme,Cable,Jayme Cable,"Assistant Vice President, Branch Manager",senior,Great American Bank,Great American Bank,jcable@greatambank.com,REAL-TIME VERIFIED ON 26 May 26,https://www.linkedin.com/in/jaymecable,Kansas City Metropolitan Area,,greatambank.com,https://www.linkedin.com/company/great-american-bank,11-50,37,1000000-4999999,"consumer banking , commercial banking, consumer loans, commercial loans, mortgage lending","Great American Bank is a locally owned, community bank headquartered in Downtown Lawrence Kansas. We have served our communities for over 25 years. With 5 convenient locations in Kansas and Missouri we continuously invest in improving the service and products we provide as well as the technologies we employ.","Great American Bank mentions complex mortgage products/workflows like: consumer banking , commercial banking, consumer loans, commercial loans, mortgage lending Great American Bank is a loca",daily pipeline brief; missing-doc follow-up drafts; stale borrower/realtor follow-up queue,"Hey Jayme — quick specific idea.

I was looking at Great American Bank and noticed the mortgage workflow probably has a lot of borrower/doc follow-up hiding behind the scenes. Great American Bank mentions complex mortgage products/workflows like: consumer banking , commercial banking, consumer loans, commercial loans, mortgage lending Great American Bank is a loca

I’m testing a 7-day AIOS Quickstart for mortgage teams: 3 approval-only AI routines like daily pipeline brief, missing-doc follow-up drafts, and stale borrower/realtor follow-up queue.

No auto-sending. Just drafts, briefs, and follow-up queues your team approves.

Want me to send the 3 routines I’d set up for Great American Bank?",3 AI routines for Great American Bank,"Hey Jayme,

I was looking at Great American Bank and had a specific thought. Mortgage teams usually don’t need a giant AI strategy. They need the recurring borrower/admin work to stop eating the week.

What stood out: Great American Bank mentions complex mortgage products/workflows like: consumer banking , commercial banking, consumer loans, commercial loans, mortgage lending Great American Bank is a loca

I’m testing a 7-day AIOS Quickstart where I install 3 approval-gated routines for mortgage teams. For Great American Bank, I’d probably start with:

1. daily pipeline brief
2. missing-doc follow-up drafts
3. stale borrower/realtor follow-up queue

Everything stays approval-only — no AI auto-sending weird emails to borrowers. It drafts, summarizes, and queues the work so your team can move faster.

Worth sending over a quick version of what I’d install?

Ryan","Quick bump, Jayme — I can make this concrete for Great American Bank.

I’d map 3 recurring workflows, install the approval-only drafts/briefs, and hand you a simple weekly operating rhythm. No giant dashboard, no auto-send.

Worth a quick look?"
246,98,"branch_manager | small_team | revenue_can_pay | verified_email | linkedin_present | mortgage_fit | doc_complex_products:construction,commercial,investment,hard money | speed_service_language:communication,technology,tech",READY_FOR_LINKEDIN_AND_EMAIL,Ellen,Bebo,Ellen Bebo,Sr Escrow Officer / Branch Manager,manager,Escrow of the West,Escrow of the West,ellenb@escrowofthewest.com,REAL-TIME VERIFIED ON 26 May 26,https://www.linkedin.com/in/ellen-bebo-0266b554,Los Angeles County,California,escrowofthewest.com,https://www.linkedin.com/company/escrow-of-the-west,11-50,50,1000000-4999999,"residential sales, industrial sales, investment properties, refinance, new home sales, r.e.o., short sales, probate sales, probate, receiverships, trust sales , hard money loans, note purchase escrows, commercial sales","While escrow can be complex, we’re patient and fervent in translating the process to you and all parties involved. With accuracy, attention, and effective communication, we promise you peace of mind while working with our team.

Escrow of the West is licensed by the Department of Corporations and offers competitive rates without compromising the level of dedication and high level of service. We adhere to a “customer comes first” policy, while upholding the highest ethical standards and utilizing cutting-edge technology to expediently close each transaction.","Escrow of the West mentions complex mortgage products/workflows like: vices for residential and commercial re-sale, sub divisions, new construction and holding transactions.",complex-file doc checklist; daily pipeline brief; missing-doc follow-up drafts,"Hey Ellen — quick specific idea.

I was looking at Escrow of the West and noticed the mortgage workflow probably has a lot of borrower/doc follow-up hiding behind the scenes. Escrow of the West mentions complex mortgage products/workflows like: vices for residential and commercial re-sale, sub divisions, new construction and holding transactions.

I’m testing a 7-day AIOS Quickstart for mortgage teams: 3 approval-only AI routines like complex-file doc checklist, daily pipeline brief, and missing-doc follow-up drafts.

No auto-sending. Just drafts, briefs, and follow-up queues your team approves.

Want me to send the 3 routines I’d set up for Escrow of the West?",3 AI routines for Escrow of the West,"Hey Ellen,

I was looking at Escrow of the West and had a specific thought. Mortgage teams usually don’t need a giant AI strategy. They need the recurring borrower/admin work to stop eating the week.

What stood out: Escrow of the West mentions complex mortgage products/workflows like: vices for residential and commercial re-sale, sub divisions, new construction and holding transactions.

I’m testing a 7-day AIOS Quickstart where I install 3 approval-gated routines for mortgage teams. For Escrow of the West, I’d probably start with:

1. complex-file doc checklist
2. daily pipeline brief
3. missing-doc follow-up drafts

Everything stays approval-only — no AI auto-sending weird emails to borrowers. It drafts, summarizes, and queues the work so your team can move faster.

Worth sending over a quick version of what I’d install?

Ryan","Quick bump, Ellen — I can make this concrete for Escrow of the West.

I’d map 3 recurring workflows, install the approval-only drafts/briefs, and hand you a simple weekly operating rhythm. No giant dashboard, no auto-send.

Worth a quick look?"
247,98,"branch_manager | small_team | revenue_can_pay | verified_email | linkedin_present | strong_mortgage_fit | doc_complex_products:va | speed_service_language:fast,technology,tech,smooth",READY_FOR_LINKEDIN_AND_EMAIL,Donovan,Kajy,Donovan Kajy,Branch Manager,manager,Priority 1 Lending,Priority 1 Lending,dkajy@priority1lending.com,REAL-TIME VERIFIED ON 26 May 26,https://www.linkedin.com/in/donovan-kajy-006688163,Detroit Metropolitan Area,,priority1lending.com,https://www.linkedin.com/company/priority1lendingllc,11-50,36,1000000-4999999,"purchase, refinance, customer service, fast closings, mortgage products","We know that purchasing a home is one of the most important decisions you may ever have to make. Priority 1 Lending is committed to make your mortgage experience as smooth and pleasurable as possible. We believe in process, people, product and technology. We have staff with over 20 years experience and we've spent over 5 years developing the most technological advanced mortgage software available that allows us to deliver unmatched rates and costs, some of the fastest closing times in the industry (as little as 14 days) and a level of customer service you won't find anywhere.

NMLS# 1375378
Priority 1 Lending LLC supports Equal Housing Opportunity
www.nmlsconsumeraccess.org","Priority 1 Lending mentions complex mortgage products/workflows like: and we've spent over 5 years developing the most technological advanced mortgage software available that allows us to deliver unmatched rates and costs, some of the",borrower doc follow-up drafts by loan type; daily pipeline brief; missing-doc follow-up drafts,"Hey Donovan — quick specific idea.

I was looking at Priority 1 Lending and noticed the mortgage workflow probably has a lot of borrower/doc follow-up hiding behind the scenes. Priority 1 Lending mentions complex mortgage products/workflows like: and we've spent over 5 years developing the most technological advanced mortgage software available that allows us to deliver unmatched rates and costs, some of the

I’m testing a 7-day AIOS Quickstart for mortgage teams: 3 approval-only AI routines like borrower doc follow-up drafts by loan type, daily pipeline brief, and missing-doc follow-up drafts.

No auto-sending. Just drafts, briefs, and follow-up queues your team approves.

Want me to send the 3 routines I’d set up for Priority 1 Lending?",3 AI routines for Priority 1 Lending,"Hey Donovan,

I was looking at Priority 1 Lending and had a specific thought. Mortgage teams usually don’t need a giant AI strategy. They need the recurring borrower/admin work to stop eating the week.

What stood out: Priority 1 Lending mentions complex mortgage products/workflows like: and we've spent over 5 years developing the most technological advanced mortgage software available that allows us to deliver unmatched rates and costs, some of the

I’m testing a 7-day AIOS Quickstart where I install 3 approval-gated routines for mortgage teams. For Priority 1 Lending, I’d probably start with:

1. borrower doc follow-up drafts by loan type
2. daily pipeline brief
3. missing-doc follow-up drafts

Everything stays approval-only — no AI auto-sending weird emails to borrowers. It drafts, summarizes, and queues the work so your team can move faster.

Worth sending over a quick version of what I’d install?

Ryan","Quick bump, Donovan — I can make this concrete for Priority 1 Lending.

I’d map 3 recurring workflows, install the approval-only drafts/briefs, and hand you a simple weekly operating rhythm. No giant dashboard, no auto-send.

Worth a quick look?"
248,98,"branch_manager | producer | scaled_but_not_enterprise | revenue_can_pay | verified_email | linkedin_present | strong_mortgage_fit | doc_complex_products:jumbo,reverse,fha,va",READY_FOR_LINKEDIN_AND_EMAIL,Mandy,McCoy,Mandy McCoy,Senior Loan Officer/Branch Manager,senior,Total Lending Concepts,Total Lending Concepts,mandy.mccoy@tlclender.com,REAL-TIME VERIFIED ON 26 May 26,https://www.linkedin.com/in/mandy-mccoy-8962a4a,Baxter Springs,Kansas,tlclender.com,https://www.linkedin.com/company/total-lending-concepts-inc,51-200,56,1000000-4999999,"fha  loans / fha streamlines loans, conventional, home purchase loans / home refinance loans, va loans / va irrrl, harp 2.0, jumbo, usda, reverse mortgages","Total Lending Concepts is your local, full-service mortgage lender, and we offer home loans with a little TLC. No matter where you call home, you can find a local team of mortgage experts there to help you confidently navigate the homebuying process. Our decades of experience, nationwide support, and one-on-one service make us the local lender you’ll trust for years to come. Let us guide you on your homebuying journey at www.tlclender.com.

NMLS ID# 1043976 
Midwest Mortgage Associates 
DBA/Total Lending Concepts 
https://www.nmlsconsumeraccess.org

Total Lending Concepts License Information & Disclosures
https://tlclender.com/disclosures-and-licenses/

Total Lending Concepts Reconsideration of Value Notice
https://tlclender.com/reconsideration-of-value/","Total Lending Concepts mentions complex mortgage products/workflows like: ase loans / home refinance loans, va loans / va irrrl, harp 2.0, jumbo, usda, reverse mortgages Total Lending Concepts is your local, full-service mortgage lender, a",complex-file doc checklist; borrower doc follow-up drafts by loan type; daily pipeline brief,"Hey Mandy — quick specific idea.

I was looking at Total Lending Concepts and noticed the mortgage workflow probably has a lot of borrower/doc follow-up hiding behind the scenes. Total Lending Concepts mentions complex mortgage products/workflows like: ase loans / home refinance loans, va loans / va irrrl, harp 2.0, jumbo, usda, reverse mortgages Total Lending Concepts is your local, full-service mortgage lender, a

I’m testing a 7-day AIOS Quickstart for mortgage teams: 3 approval-only AI routines like complex-file doc checklist, borrower doc follow-up drafts by loan type, and daily pipeline brief.

No auto-sending. Just drafts, briefs, and follow-up queues your team approves.

Want me to send the 3 routines I’d set up for Total Lending Concepts?",3 AI routines for Total Lending Concepts,"Hey Mandy,

I was looking at Total Lending Concepts and had a specific thought. Mortgage teams usually don’t need a giant AI strategy. They need the recurring borrower/admin work to stop eating the week.

What stood out: Total Lending Concepts mentions complex mortgage products/workflows like: ase loans / home refinance loans, va loans / va irrrl, harp 2.0, jumbo, usda, reverse mortgages Total Lending Concepts is your local, full-service mortgage lender, a

I’m testing a 7-day AIOS Quickstart where I install 3 approval-gated routines for mortgage teams. For Total Lending Concepts, I’d probably start with:

1. complex-file doc checklist
2. borrower doc follow-up drafts by loan type
3. daily pipeline brief

Everything stays approval-only — no AI auto-sending weird emails to borrowers. It drafts, summarizes, and queues the work so your team can move faster.

Worth sending over a quick version of what I’d install?

Ryan","Quick bump, Mandy — I can make this concrete for Total Lending Concepts.

I’d map 3 recurring workflows, install the approval-only drafts/briefs, and hand you a simple weekly operating rhythm. No giant dashboard, no auto-send.

Worth a quick look?"
249,98,"branch_manager | small_team | smaller_revenue | linkedin_present | strong_mortgage_fit | doc_complex_products:jumbo,construction,investment,renovation | speed_service_language:fast,technology,tech | broker_local_language",READY_FOR_LINKEDIN_NEEDS_EMAIL,Larry,Davis,Larry Davis,Branch Manager,manager,The Davis Team,The Davis Team,,,https://www.linkedin.com/in/larry-davis-5298256,Los Angeles Metropolitan Area,,davisteamloans.com,https://www.linkedin.com/company/larry-davis-lending-group,2-10,4,100000-499999,"home loans, real estate services, refinancing, mortgage broker, primelending, mortgage lender, california real estate, mortgage, refinance mortgage","Larry Davis, Branch Manager, has been in mortgage banking for over 20 years including 15 years as an owner of PMAC Lending Services. Here at The Davis Team we work hard to rebuild the lending industry one loan at a time and we are here to help with all types of financing needs.

About PrimeLending
PrimeLending is Looking for Loan Officers in California. If you're a seasoned mortgage professional looking to take your business to the next level at a purchase-based organization, call or text at 626-664-3106 or email at ldavis@primelending.com.

Headquartered in Dallas, Texas, and established in 1986, PrimeLending has expanded to over 250 branches across the United States producing $1B per month in funded loans and is licensed to originate and close loans in 50 states. Currently ranked #1 Mortgage Lender and #4 Purchase Volume in the Industry.

PrimeLending takes pride in being recognized as a premier mortgage lender offering a wide array of loan products. Mortgage loan options include fixed and adjustable rate FHA and VA, JUMBO loans, Permanent Construction financing, One Time Close, Refinancing Options, Relocation programs, and renovation loans—just to name a few.

PrimeLending Offers Award Winning Technology 
 - Our own proprietary loan origination software with built-in compliance data 
 - Mobile Apps for business partners & consumers with live time updates
 - Sales Force as our CRM-to achieve one single goal: getting and keeping customers
 - Free Mortgage Coach to illustrate mortgage options and investment scenarios for your clients, earning you blazing fast commitments and endless referrals 
 - A marketing arm that’s considered “Best in Class”, it’s personalized & automated, devoted entirely to assuring your customers think of you first when it comes to mortgage 

Our Core Purpose: ""Working together to have a profound and positive impact on the lives of all we serve"".

NMLS# 168532","The Davis Team mentions complex mortgage products/workflows like: tgage loan options include fixed and adjustable rate FHA and VA, JUMBO loans, Permanent Construction financing, One Time Close, Refinancing Options, Relocation progr",complex-file doc checklist; construction/renovation loan condition tracker; borrower doc follow-up drafts by loan type,"Hey Larry — quick specific idea.

I was looking at The Davis Team and noticed the mortgage workflow probably has a lot of borrower/doc follow-up hiding behind the scenes. The Davis Team mentions complex mortgage products/workflows like: tgage loan options include fixed and adjustable rate FHA and VA, JUMBO loans, Permanent Construction financing, One Time Close, Refinancing Options, Relocation progr

I’m testing a 7-day AIOS Quickstart for mortgage teams: 3 approval-only AI routines like complex-file doc checklist, construction/renovation loan condition tracker, and borrower doc follow-up drafts by loan type.

No auto-sending. Just drafts, briefs, and follow-up queues your team approves.

Want me to send the 3 routines I’d set up for The Davis Team?",3 AI routines for The Davis Team,"Hey Larry,

I was looking at The Davis Team and had a specific thought. Mortgage teams usually don’t need a giant AI strategy. They need the recurring borrower/admin work to stop eating the week.

What stood out: The Davis Team mentions complex mortgage products/workflows like: tgage loan options include fixed and adjustable rate FHA and VA, JUMBO loans, Permanent Construction financing, One Time Close, Refinancing Options, Relocation progr

I’m testing a 7-day AIOS Quickstart where I install 3 approval-gated routines for mortgage teams. For The Davis Team, I’d probably start with:

1. complex-file doc checklist
2. construction/renovation loan condition tracker
3. borrower doc follow-up drafts by loan type

Everything stays approval-only — no AI auto-sending weird emails to borrowers. It drafts, summarizes, and queues the work so your team can move faster.

Worth sending over a quick version of what I’d install?

Ryan","Quick bump, Larry — I can make this concrete for The Davis Team.

I’d map 3 recurring workflows, install the approval-only drafts/briefs, and hand you a simple weekly operating rhythm. No giant dashboard, no auto-send.

Worth a quick look?"
250,98,"branch_manager | producer | small_team | revenue_can_pay | verified_email | linkedin_present | strong_mortgage_fit | doc_complex_products:commercial,investor,va | broker_local_language | bank_cu_deprioritize",READY_FOR_LINKEDIN_AND_EMAIL,Heather J.,Arreola,Heather J. Arreola,Commercial Loan Officer / Asst. Branch Manager,senior,Community Commerce Bank,Community Commerce Bank,harreola@ccombank.com,REAL-TIME VERIFIED ON 26 May 26,https://www.linkedin.com/in/heather-j-arreola-b1381168,Monterey Park,California,ccombank.com,https://www.linkedin.com/company/ccombank,11-50,52,1000000-4999999,,"Founded in 1976 and headquartered in Claremont, California, Community Commerce Bank (CCB) is a mission-driven financial institution dedicated to strengthening the economic vitality of the communities we serve. As a proud member of The East Los Angeles Community Union (TELACU) family of companies, CCB was established with a clear purpose: to expand access to capital, support responsible growth, and create lasting community impact throughout California.

For five decades, CCB has delivered personalized banking solutions to individuals, businesses, nonprofit and religious organizations, and real estate investors. We specialize in commercial real estate lending, multifamily properties (five units or more), and financing for nonprofit, faith-based, and community-focused organizations, as well as other real estate loans for both business and consumer purposes. Our comprehensive suite of FDIC-insured deposit products complements our lending expertise and supports long-term financial stability for our customers.

Community Commerce Bank is recognized for both financial strength and community performance. The Bank is considered “Well Capitalized” under all applicable regulatory standards and has received an “Outstanding” rating from the Federal Deposit Insurance Corporation (FDIC) for its effectiveness in meeting the credit needs of its communities, including low- and moderate-income neighborhoods. This independent evaluation reflects our disciplined approach to lending, strong geographic and borrower distribution, and commitment to safe and sound banking practices.

Through our affiliation with TELACU, CCB supports a broad range of social and economic development initiatives, including education scholarships, affordable and senior housing projects, weatherization programs, and veteran support services. These efforts reinforce our belief that strong financial institutions play a vital role in building resilient, inclusive communities.","Community Commerce Bank mentions complex mortgage products/workflows like: gious organizations, and real estate investors. We specialize in commercial real estate lending, multifamily properties (five units or more), and financing for nonpr",borrower doc follow-up drafts by loan type; daily pipeline brief; missing-doc follow-up drafts,"Hey Heather J. — quick specific idea.

I was looking at Community Commerce Bank and noticed the mortgage workflow probably has a lot of borrower/doc follow-up hiding behind the scenes. Community Commerce Bank mentions complex mortgage products/workflows like: gious organizations, and real estate investors. We specialize in commercial real estate lending, multifamily properties (five units or more), and financing for nonpr

I’m testing a 7-day AIOS Quickstart for mortgage teams: 3 approval-only AI routines like borrower doc follow-up drafts by loan type, daily pipeline brief, and missing-doc follow-up drafts.

No auto-sending. Just drafts, briefs, and follow-up queues your team approves.

Want me to send the 3 routines I’d set up for Community Commerce Bank?",3 AI routines for Community Commerce Bank,"Hey Heather J.,

I was looking at Community Commerce Bank and had a specific thought. Mortgage teams usually don’t need a giant AI strategy. They need the recurring borrower/admin work to stop eating the week.

What stood out: Community Commerce Bank mentions complex mortgage products/workflows like: gious organizations, and real estate investors. We specialize in commercial real estate lending, multifamily properties (five units or more), and financing for nonpr

I’m testing a 7-day AIOS Quickstart where I install 3 approval-gated routines for mortgage teams. For Community Commerce Bank, I’d probably start with:

1. borrower doc follow-up drafts by loan type
2. daily pipeline brief
3. missing-doc follow-up drafts

Everything stays approval-only — no AI auto-sending weird emails to borrowers. It drafts, summarizes, and queues the work so your team can move faster.

Worth sending over a quick version of what I’d install?

Ryan","Quick bump, Heather J. — I can make this concrete for Community Commerce Bank.

I’d map 3 recurring workflows, install the approval-only drafts/briefs, and hand you a simple weekly operating rhythm. No giant dashboard, no auto-send.

Worth a quick look?"
